2026-10-01T00:00:01+0000 mm-bot python[6123]: 2026-10-01 00:00:01 ERROR   WebSocket connection closed with code: 1006, reason:
2026-10-01T00:00:01+0000 mm-bot python[6123]: 2026-10-01 00:00:01 ERROR   Auto-reconnect disabled, terminating connection
2026-10-01T00:00:23+0000 mm-bot python[6123]: 2026-10-01 00:00:23 INFO    tournament is 'draft' (starts 2026-10-01T16:00:00.000Z) - 237/237 books ready - checking again in 60 s
2026-10-01T00:00:24+0000 mm-bot python[6123]: 2026-10-01 00:00:24 INFO    mm_bot: +0 (+0.0%)
2026-10-01T00:00:24+0000 mm-bot python[6123]: Status: OK | waiting for the open (01 Oct 16:00 UTC), 237/237 order books ready
2026-10-01T00:00:24+0000 mm-bot python[6123]: Account 100,000 (+0 total)
2026-10-01T00:00:24+0000 mm-bot python[6123]: Rank: not ranked yet | Smart Score: not scored yet
2026-10-01T00:00:24+0000 mm-bot python[6123]: Last 2h: 0 fills, 0 shares, edge +0.00c, markout +0.00c, 0 arbitrages, 0 takes
2026-10-01T00:00:26+0000 mm-bot python[6123]: 2026-10-01 00:00:26 ERROR   WebSocket connection closed with code: 1006, reason:
2026-10-01T00:00:26+0000 mm-bot python[6123]: 2026-10-01 00:00:26 ERROR   Auto-reconnect disabled, terminating connection
2026-10-01T00:00:51+0000 mm-bot python[6123]: 2026-10-01 00:00:51 ERROR   WebSocket connection closed with code: 1006, reason:
2026-10-01T00:00:51+0000 mm-bot python[6123]: 2026-10-01 00:00:51 ERROR   Auto-reconnect disabled, terminating connection
2026-10-01T00:01:16+0000 mm-bot python[6123]: 2026-10-01 00:01:16 ERROR   WebSocket connection closed with code: 1006, reason:
2026-10-01T00:01:16+0000 mm-bot python[6123]: 2026-10-01 00:01:16 ERROR   Auto-reconnect disabled, terminating connection
2026-10-01T00:01:31+0000 mm-bot python[6123]: 2026-10-01 00:01:31 INFO    tournament is 'draft' (starts 2026-10-01T16:00:00.000Z) - 237/237 books ready - checking again in 60 s
2026-10-01T00:01:41+0000 mm-bot python[6123]: 2026-10-01 00:01:41 ERROR   WebSocket connection closed with code: 1006, reason:
2026-10-01T00:01:41+0000 mm-bot python[6123]: 2026-10-01 00:01:41 ERROR   Auto-reconnect disabled, terminating connection
2026-10-01T00:02:06+0000 mm-bot python[6123]: 2026-10-01 00:02:06 ERROR   WebSocket connection closed with code: 1006, reason:
2026-10-01T00:02:06+0000 mm-bot python[6123]: 2026-10-01 00:02:06 ERROR   Auto-reconnect disabled, terminating connection
2026-10-01T00:02:31+0000 mm-bot python[6123]: 2026-10-01 00:02:31 ERROR   WebSocket connection closed with code: 1006, reason:
2026-10-01T00:02:31+0000 mm-bot python[6123]: 2026-10-01 00:02:31 ERROR   Auto-reconnect disabled, terminating connection
2026-10-01T00:02:38+0000 mm-bot python[6123]: 2026-10-01 00:02:38 INFO    tournament is 'draft' (starts 2026-10-01T16:00:00.000Z) - 237/237 books ready - checking again in 60 s
2026-10-01T00:02:56+0000 mm-bot python[6123]: 2026-10-01 00:02:56 ERROR   WebSocket connection closed with code: 1006, reason:
2026-10-01T00:02:56+0000 mm-bot python[6123]: 2026-10-01 00:02:56 ERROR   Auto-reconnect disabled, terminating connection
2026-10-01T00:03:21+0000 mm-bot python[6123]: 2026-10-01 00:03:21 ERROR   WebSocket connection closed with code: 1006, reason:
2026-10-01T00:03:21+0000 mm-bot python[6123]: 2026-10-01 00:03:21 ERROR   Auto-reconnect disabled, terminating connection
2026-10-01T00:03:45+0000 mm-bot python[6123]: 2026-10-01 00:03:45 INFO    tournament is 'draft' (starts 2026-10-01T16:00:00.000Z) - 237/237 books ready - checking again in 60 s
2026-10-01T00:03:47+0000 mm-bot python[6123]: 2026-10-01 00:03:47 ERROR   WebSocket connection closed with code: 1006, reason:
2026-10-01T00:03:47+0000 mm-bot python[6123]: 2026-10-01 00:03:47 ERROR   Auto-reconnect disabled, terminating connection
2026-10-01T00:04:12+0000 mm-bot python[6123]: 2026-10-01 00:04:12 ERROR   WebSocket connection closed with code: 1006, reason:
2026-10-01T00:04:12+0000 mm-bot python[6123]: 2026-10-01 00:04:12 ERROR   Auto-reconnect disabled, terminating connection
2026-10-01T00:04:37+0000 mm-bot python[6123]: 2026-10-01 00:04:37 ERROR   WebSocket connection closed with code: 1006, reason:
2026-10-01T00:04:37+0000 mm-bot python[6123]: 2026-10-01 00:04:37 ERROR   Auto-reconnect disabled, terminating connection
2026-10-01T00:04:51+0000 mm-bot python[6123]: 2026-10-01 00:04:51 INFO    tournament is 'draft' (starts 2026-10-01T16:00:00.000Z) - 237/237 books ready - checking again in 60 s
2026-10-01T00:05:02+0000 mm-bot python[6123]: 2026-10-01 00:05:02 ERROR   WebSocket connection closed with code: 1006, reason:
2026-10-01T00:05:02+0000 mm-bot python[6123]: 2026-10-01 00:05:02 ERROR   Auto-reconnect disabled, terminating connection
2026-10-01T00:05:27+0000 mm-bot python[6123]: 2026-10-01 00:05:27 ERROR   WebSocket connection closed with code: 1006, reason:
2026-10-01T00:05:27+0000 mm-bot python[6123]: 2026-10-01 00:05:27 ERROR   Auto-reconnect disabled, terminating connection
2026-10-01T00:05:52+0000 mm-bot python[6123]: 2026-10-01 00:05:52 ERROR   WebSocket connection closed with code: 1006, reason:
2026-10-01T00:05:52+0000 mm-bot python[6123]: 2026-10-01 00:05:52 ERROR   Auto-reconnect disabled, terminating connection
2026-10-01T00:05:58+0000 mm-bot python[6123]: 2026-10-01 00:05:58 INFO    tournament is 'draft' (starts 2026-10-01T16:00:00.000Z) - 237/237 books ready - checking again in 60 s
2026-10-01T00:06:17+0000 mm-bot python[6123]: 2026-10-01 00:06:17 ERROR   WebSocket connection closed with code: 1006, reason:
2026-10-01T00:06:17+0000 mm-bot python[6123]: 2026-10-01 00:06:17 ERROR   Auto-reconnect disabled, terminating connection
2026-10-01T00:06:42+0000 mm-bot python[6123]: 2026-10-01 00:06:42 ERROR   WebSocket connection closed with code: 1006, reason:
2026-10-01T00:06:42+0000 mm-bot python[6123]: 2026-10-01 00:06:42 ERROR   Auto-reconnect disabled, terminating connection
2026-10-01T00:07:04+0000 mm-bot python[6123]: 2026-10-01 00:07:04 INFO    tournament is 'draft' (starts 2026-10-01T16:00:00.000Z) - 237/237 books ready - checking again in 60 s
2026-10-01T00:07:07+0000 mm-bot python[6123]: 2026-10-01 00:07:07 ERROR   WebSocket connection closed with code: 1006, reason:
2026-10-01T00:07:07+0000 mm-bot python[6123]: 2026-10-01 00:07:07 ERROR   Auto-reconnect disabled, terminating connection
2026-10-01T00:07:32+0000 mm-bot python[6123]: 2026-10-01 00:07:32 ERROR   WebSocket connection closed with code: 1006, reason:
2026-10-01T00:07:32+0000 mm-bot python[6123]: 2026-10-01 00:07:32 ERROR   Auto-reconnect disabled, terminating connection
2026-10-01T00:07:57+0000 mm-bot python[6123]: 2026-10-01 00:07:57 ERROR   WebSocket connection closed with code: 1006, reason:
2026-10-01T00:07:57+0000 mm-bot python[6123]: 2026-10-01 00:07:57 ERROR   Auto-reconnect disabled, terminating connection
2026-10-01T00:08:11+0000 mm-bot python[6123]: 2026-10-01 00:08:11 INFO    tournament is 'draft' (starts 2026-10-01T16:00:00.000Z) - 237/237 books ready - checking again in 60 s
2026-10-01T00:08:22+0000 mm-bot python[6123]: 2026-10-01 00:08:22 ERROR   WebSocket connection closed with code: 1006, reason:
2026-10-01T00:08:22+0000 mm-bot python[6123]: 2026-10-01 00:08:22 ERROR   Auto-reconnect disabled, terminating connection
2026-10-01T00:08:47+0000 mm-bot python[6123]: 2026-10-01 00:08:47 ERROR   WebSocket connection closed with code: 1006, reason:
2026-10-01T00:08:47+0000 mm-bot python[6123]: 2026-10-01 00:08:47 ERROR   Auto-reconnect disabled, terminating connection
2026-10-01T00:09:12+0000 mm-bot python[6123]: 2026-10-01 00:09:12 ERROR   WebSocket connection closed with code: 1006, reason:
2026-10-01T00:09:12+0000 mm-bot python[6123]: 2026-10-01 00:09:12 ERROR   Auto-reconnect disabled, terminating connection
2026-10-01T00:09:18+0000 mm-bot python[6123]: 2026-10-01 00:09:18 INFO    tournament is 'draft' (starts 2026-10-01T16:00:00.000Z) - 237/237 books ready - checking again in 60 s
2026-10-01T00:09:37+0000 mm-bot python[6123]: 2026-10-01 00:09:37 ERROR   WebSocket connection closed with code: 1006, reason:
2026-10-01T00:09:37+0000 mm-bot python[6123]: 2026-10-01 00:09:37 ERROR   Auto-reconnect disabled, terminating connection
2026-10-01T00:10:02+0000 mm-bot python[6123]: 2026-10-01 00:10:02 ERROR   WebSocket connection closed with code: 1006, reason:
2026-10-01T00:10:02+0000 mm-bot python[6123]: 2026-10-01 00:10:02 ERROR   Auto-reconnect disabled, terminating connection
2026-10-01T00:10:24+0000 mm-bot python[6123]: 2026-10-01 00:10:24 INFO    tournament is 'draft' (starts 2026-10-01T16:00:00.000Z) - 237/237 books ready - checking again in 60 s
2026-10-01T00:10:27+0000 mm-bot python[6123]: 2026-10-01 00:10:27 ERROR   WebSocket connection closed with code: 1006, reason:
2026-10-01T00:10:27+0000 mm-bot python[6123]: 2026-10-01 00:10:27 ERROR   Auto-reconnect disabled, terminating connection
2026-10-01T00:10:52+0000 mm-bot python[6123]: 2026-10-01 00:10:52 ERROR   WebSocket connection closed with code: 1006, reason:
2026-10-01T00:10:52+0000 mm-bot python[6123]: 2026-10-01 00:10:52 ERROR   Auto-reconnect disabled, terminating connection
2026-10-01T00:11:17+0000 mm-bot python[6123]: 2026-10-01 00:11:17 ERROR   WebSocket connection closed with code: 1006, reason:
2026-10-01T00:11:17+0000 mm-bot python[6123]: 2026-10-01 00:11:17 ERROR   Auto-reconnect disabled, terminating connection
2026-10-01T00:11:31+0000 mm-bot python[6123]: 2026-10-01 00:11:31 INFO    tournament is 'draft' (starts 2026-10-01T16:00:00.000Z) - 237/237 books ready - checking again in 60 s
2026-10-01T00:11:42+0000 mm-bot python[6123]: 2026-10-01 00:11:42 ERROR   WebSocket connection closed with code: 1006, reason:
2026-10-01T00:11:42+0000 mm-bot python[6123]: 2026-10-01 00:11:42 ERROR   Auto-reconnect disabled, terminating connection
2026-10-01T00:12:07+0000 mm-bot python[6123]: 2026-10-01 00:12:07 ERROR   WebSocket connection closed with code: 1006, reason:
2026-10-01T00:12:07+0000 mm-bot python[6123]: 2026-10-01 00:12:07 ERROR   Auto-reconnect disabled, terminating connection
2026-10-01T00:12:32+0000 mm-bot python[6123]: 2026-10-01 00:12:32 ERROR   WebSocket connection closed with code: 1006, reason:
2026-10-01T00:12:32+0000 mm-bot python[6123]: 2026-10-01 00:12:32 ERROR   Auto-reconnect disabled, terminating connection
2026-10-01T00:12:38+0000 mm-bot python[6123]: 2026-10-01 00:12:38 INFO    tournament is 'draft' (starts 2026-10-01T16:00:00.000Z) - 237/237 books ready - checking again in 60 s
2026-10-01T00:12:57+0000 mm-bot python[6123]: 2026-10-01 00:12:57 ERROR   WebSocket connection closed with code: 1006, reason:
2026-10-01T00:12:57+0000 mm-bot python[6123]: 2026-10-01 00:12:57 ERROR   Auto-reconnect disabled, terminating connection
2026-10-01T00:13:22+0000 mm-bot python[6123]: 2026-10-01 00:13:22 ERROR   WebSocket connection closed with code: 1006, reason:
2026-10-01T00:13:22+0000 mm-bot python[6123]: 2026-10-01 00:13:22 ERROR   Auto-reconnect disabled, terminating connection
2026-10-01T00:13:44+0000 mm-bot python[6123]: 2026-10-01 00:13:44 INFO    tournament is 'draft' (starts 2026-10-01T16:00:00.000Z) - 237/237 books ready - checking again in 60 s
2026-10-01T00:13:47+0000 mm-bot python[6123]: 2026-10-01 00:13:47 ERROR   WebSocket connection closed with code: 1006, reason:
2026-10-01T00:13:47+0000 mm-bot python[6123]: 2026-10-01 00:13:47 ERROR   Auto-reconnect disabled, terminating connection
2026-10-01T00:14:12+0000 mm-bot python[6123]: 2026-10-01 00:14:12 ERROR   WebSocket connection closed with code: 1006, reason:
2026-10-01T00:14:12+0000 mm-bot python[6123]: 2026-10-01 00:14:12 ERROR   Auto-reconnect disabled, terminating connection
2026-10-01T00:14:37+0000 mm-bot python[6123]: 2026-10-01 00:14:37 ERROR   WebSocket connection closed with code: 1006, reason:
2026-10-01T00:14:37+0000 mm-bot python[6123]: 2026-10-01 00:14:37 ERROR   Auto-reconnect disabled, terminating connection
2026-10-01T00:14:51+0000 mm-bot python[6123]: 2026-10-01 00:14:51 INFO    tournament is 'draft' (starts 2026-10-01T16:00:00.000Z) - 237/237 books ready - checking again in 60 s
2026-10-01T00:15:02+0000 mm-bot python[6123]: 2026-10-01 00:15:02 ERROR   WebSocket connection closed with code: 1006, reason:
2026-10-01T00:15:02+0000 mm-bot python[6123]: 2026-10-01 00:15:02 ERROR   Auto-reconnect disabled, terminating connection
2026-10-01T00:15:27+0000 mm-bot python[6123]: 2026-10-01 00:15:27 ERROR   WebSocket connection closed with code: 1006, reason:
2026-10-01T00:15:27+0000 mm-bot python[6123]: 2026-10-01 00:15:27 ERROR   Auto-reconnect disabled, terminating connection
2026-10-01T00:15:52+0000 mm-bot python[6123]: 2026-10-01 00:15:52 ERROR   WebSocket connection closed with code: 1006, reason:
2026-10-01T00:15:52+0000 mm-bot python[6123]: 2026-10-01 00:15:52 ERROR   Auto-reconnect disabled, terminating connection
2026-10-01T00:15:57+0000 mm-bot python[6123]: 2026-10-01 00:15:57 INFO    tournament is 'draft' (starts 2026-10-01T16:00:00.000Z) - 237/237 books ready - checking again in 60 s
2026-10-01T00:16:17+0000 mm-bot python[6123]: 2026-10-01 00:16:17 ERROR   WebSocket connection closed with code: 1006, reason:
2026-10-01T00:16:17+0000 mm-bot python[6123]: 2026-10-01 00:16:17 ERROR   Auto-reconnect disabled, terminating connection
2026-10-01T00:16:42+0000 mm-bot python[6123]: 2026-10-01 00:16:42 ERROR   WebSocket connection closed with code: 1006, reason:
2026-10-01T00:16:42+0000 mm-bot python[6123]: 2026-10-01 00:16:42 ERROR   Auto-reconnect disabled, terminating connection
2026-10-01T00:17:04+0000 mm-bot python[6123]: 2026-10-01 00:17:04 INFO    tournament is 'draft' (starts 2026-10-01T16:00:00.000Z) - 237/237 books ready - checking again in 60 s
2026-10-01T00:17:07+0000 mm-bot python[6123]: 2026-10-01 00:17:07 ERROR   WebSocket connection closed with code: 1006, reason:
2026-10-01T00:17:07+0000 mm-bot python[6123]: 2026-10-01 00:17:07 ERROR   Auto-reconnect disabled, terminating connection
2026-10-01T00:17:32+0000 mm-bot python[6123]: 2026-10-01 00:17:32 ERROR   WebSocket connection closed with code: 1006, reason:
2026-10-01T00:17:32+0000 mm-bot python[6123]: 2026-10-01 00:17:32 ERROR   Auto-reconnect disabled, terminating connection
2026-10-01T00:17:57+0000 mm-bot python[6123]: 2026-10-01 00:17:57 ERROR   WebSocket connection closed with code: 1006, reason:
2026-10-01T00:17:57+0000 mm-bot python[6123]: 2026-10-01 00:17:57 ERROR   Auto-reconnect disabled, terminating connection
2026-10-01T00:18:11+0000 mm-bot python[6123]: 2026-10-01 00:18:11 INFO    tournament is 'draft' (starts 2026-10-01T16:00:00.000Z) - 237/237 books ready - checking again in 60 s
2026-10-01T00:18:22+0000 mm-bot python[6123]: 2026-10-01 00:18:22 ERROR   WebSocket connection closed with code: 1006, reason:
2026-10-01T00:18:22+0000 mm-bot python[6123]: 2026-10-01 00:18:22 ERROR   Auto-reconnect disabled, terminating connection
2026-10-01T00:18:47+0000 mm-bot python[6123]: 2026-10-01 00:18:47 ERROR   WebSocket connection closed with code: 1006, reason:
2026-10-01T00:18:47+0000 mm-bot python[6123]: 2026-10-01 00:18:47 ERROR   Auto-reconnect disabled, terminating connection
2026-10-01T00:19:12+0000 mm-bot python[6123]: 2026-10-01 00:19:12 ERROR   WebSocket connection closed with code: 1006, reason:
2026-10-01T00:19:12+0000 mm-bot python[6123]: 2026-10-01 00:19:12 ERROR   Auto-reconnect disabled, terminating connection
2026-10-01T00:19:17+0000 mm-bot python[6123]: 2026-10-01 00:19:17 INFO    tournament is 'draft' (starts 2026-10-01T16:00:00.000Z) - 237/237 books ready - checking again in 60 s
2026-10-01T00:19:37+0000 mm-bot python[6123]: 2026-10-01 00:19:37 ERROR   WebSocket connection closed with code: 1006, reason:
2026-10-01T00:19:37+0000 mm-bot python[6123]: 2026-10-01 00:19:37 ERROR   Auto-reconnect disabled, terminating connection
2026-10-01T00:20:02+0000 mm-bot python[6123]: 2026-10-01 00:20:02 ERROR   WebSocket connection closed with code: 1006, reason:
2026-10-01T00:20:02+0000 mm-bot python[6123]: 2026-10-01 00:20:02 ERROR   Auto-reconnect disabled, terminating connection
2026-10-01T00:20:24+0000 mm-bot python[6123]: 2026-10-01 00:20:24 INFO    tournament is 'draft' (starts 2026-10-01T16:00:00.000Z) - 237/237 books ready - checking again in 60 s
2026-10-01T00:20:27+0000 mm-bot python[6123]: 2026-10-01 00:20:27 ERROR   WebSocket connection closed with code: 1006, reason:
2026-10-01T00:20:27+0000 mm-bot python[6123]: 2026-10-01 00:20:27 ERROR   Auto-reconnect disabled, terminating connection
2026-10-01T00:20:52+0000 mm-bot python[6123]: 2026-10-01 00:20:52 ERROR   WebSocket connection closed with code: 1006, reason:
2026-10-01T00:20:52+0000 mm-bot python[6123]: 2026-10-01 00:20:52 ERROR   Auto-reconnect disabled, terminating connection
2026-10-01T00:21:17+0000 mm-bot python[6123]: 2026-10-01 00:21:17 ERROR   WebSocket connection closed with code: 1006, reason:
2026-10-01T00:21:17+0000 mm-bot python[6123]: 2026-10-01 00:21:17 ERROR   Auto-reconnect disabled, terminating connection
2026-10-01T00:21:31+0000 mm-bot python[6123]: 2026-10-01 00:21:31 INFO    tournament is 'draft' (starts 2026-10-01T16:00:00.000Z) - 237/237 books ready - checking again in 60 s
2026-10-01T00:21:42+0000 mm-bot python[6123]: 2026-10-01 00:21:42 ERROR   WebSocket connection closed with code: 1006, reason:
2026-10-01T00:21:42+0000 mm-bot python[6123]: 2026-10-01 00:21:42 ERROR   Auto-reconnect disabled, terminating connection
2026-10-01T00:22:07+0000 mm-bot python[6123]: 2026-10-01 00:22:07 ERROR   WebSocket connection closed with code: 1006, reason:
2026-10-01T00:22:07+0000 mm-bot python[6123]: 2026-10-01 00:22:07 ERROR   Auto-reconnect disabled, terminating connection
2026-10-01T00:22:32+0000 mm-bot python[6123]: 2026-10-01 00:22:32 ERROR   WebSocket connection closed with code: 1006, reason:
2026-10-01T00:22:32+0000 mm-bot python[6123]: 2026-10-01 00:22:32 ERROR   Auto-reconnect disabled, terminating connection
2026-10-01T00:22:37+0000 mm-bot python[6123]: 2026-10-01 00:22:37 INFO    tournament is 'draft' (starts 2026-10-01T16:00:00.000Z) - 237/237 books ready - checking again in 60 s
2026-10-01T00:22:57+0000 mm-bot python[6123]: 2026-10-01 00:22:57 ERROR   WebSocket connection closed with code: 1006, reason:
2026-10-01T00:22:57+0000 mm-bot python[6123]: 2026-10-01 00:22:57 ERROR   Auto-reconnect disabled, terminating connection
2026-10-01T00:23:22+0000 mm-bot python[6123]: 2026-10-01 00:23:22 ERROR   WebSocket connection closed with code: 1006, reason:
2026-10-01T00:23:22+0000 mm-bot python[6123]: 2026-10-01 00:23:22 ERROR   Auto-reconnect disabled, terminating connection
2026-10-01T00:23:44+0000 mm-bot python[6123]: 2026-10-01 00:23:44 INFO    tournament is 'draft' (starts 2026-10-01T16:00:00.000Z) - 237/237 books ready - checking again in 60 s
2026-10-01T00:23:47+0000 mm-bot python[6123]: 2026-10-01 00:23:47 ERROR   WebSocket connection closed with code: 1006, reason:
2026-10-01T00:23:47+0000 mm-bot python[6123]: 2026-10-01 00:23:47 ERROR   Auto-reconnect disabled, terminating connection
2026-10-01T00:24:12+0000 mm-bot python[6123]: 2026-10-01 00:24:12 ERROR   WebSocket connection closed with code: 1006, reason:
2026-10-01T00:24:12+0000 mm-bot python[6123]: 2026-10-01 00:24:12 ERROR   Auto-reconnect disabled, terminating connection
2026-10-01T00:24:37+0000 mm-bot python[6123]: 2026-10-01 00:24:37 ERROR   WebSocket connection closed with code: 1006, reason:
2026-10-01T00:24:37+0000 mm-bot python[6123]: 2026-10-01 00:24:37 ERROR   Auto-reconnect disabled, terminating connection
2026-10-01T00:24:50+0000 mm-bot python[6123]: 2026-10-01 00:24:50 INFO    tournament is 'draft' (starts 2026-10-01T16:00:00.000Z) - 237/237 books ready - checking again in 60 s
2026-10-01T00:25:02+0000 mm-bot python[6123]: 2026-10-01 00:25:02 ERROR   WebSocket connection closed with code: 1006, reason:
2026-10-01T00:25:02+0000 mm-bot python[6123]: 2026-10-01 00:25:02 ERROR   Auto-reconnect disabled, terminating connection
2026-10-01T00:25:27+0000 mm-bot python[6123]: 2026-10-01 00:25:27 ERROR   WebSocket connection closed with code: 1006, reason:
2026-10-01T00:25:27+0000 mm-bot python[6123]: 2026-10-01 00:25:27 ERROR   Auto-reconnect disabled, terminating connection
2026-10-01T00:25:52+0000 mm-bot python[6123]: 2026-10-01 00:25:52 ERROR   WebSocket connection closed with code: 1006, reason:
2026-10-01T00:25:52+0000 mm-bot python[6123]: 2026-10-01 00:25:52 ERROR   Auto-reconnect disabled, terminating connection
2026-10-01T00:25:57+0000 mm-bot python[6123]: 2026-10-01 00:25:57 INFO    tournament is 'draft' (starts 2026-10-01T16:00:00.000Z) - 237/237 books ready - checking again in 60 s
2026-10-01T00:26:17+0000 mm-bot python[6123]: 2026-10-01 00:26:17 ERROR   WebSocket connection closed with code: 1006, reason:
2026-10-01T00:26:17+0000 mm-bot python[6123]: 2026-10-01 00:26:17 ERROR   Auto-reconnect disabled, terminating connection
2026-10-01T00:26:42+0000 mm-bot python[6123]: 2026-10-01 00:26:42 ERROR   WebSocket connection closed with code: 1006, reason:
2026-10-01T00:26:42+0000 mm-bot python[6123]: 2026-10-01 00:26:42 ERROR   Auto-reconnect disabled, terminating connection
2026-10-01T00:27:04+0000 mm-bot python[6123]: 2026-10-01 00:27:04 INFO    tournament is 'draft' (starts 2026-10-01T16:00:00.000Z) - 237/237 books ready - checking again in 60 s
2026-10-01T00:27:07+0000 mm-bot python[6123]: 2026-10-01 00:27:07 ERROR   WebSocket connection closed with code: 1006, reason:
2026-10-01T00:27:07+0000 mm-bot python[6123]: 2026-10-01 00:27:07 ERROR   Auto-reconnect disabled, terminating connection
2026-10-01T00:27:32+0000 mm-bot python[6123]: 2026-10-01 00:27:32 ERROR   WebSocket connection closed with code: 1006, reason:
2026-10-01T00:27:32+0000 mm-bot python[6123]: 2026-10-01 00:27:32 ERROR   Auto-reconnect disabled, terminating connection
2026-10-01T00:27:57+0000 mm-bot python[6123]: 2026-10-01 00:27:57 ERROR   WebSocket connection closed with code: 1006, reason:
2026-10-01T00:27:57+0000 mm-bot python[6123]: 2026-10-01 00:27:57 ERROR   Auto-reconnect disabled, terminating connection
2026-10-01T00:28:10+0000 mm-bot python[6123]: 2026-10-01 00:28:10 INFO    tournament is 'draft' (starts 2026-10-01T16:00:00.000Z) - 237/237 books ready - checking again in 60 s
2026-10-01T00:28:22+0000 mm-bot python[6123]: 2026-10-01 00:28:22 ERROR   WebSocket connection closed with code: 1006, reason:
2026-10-01T00:28:22+0000 mm-bot python[6123]: 2026-10-01 00:28:22 ERROR   Auto-reconnect disabled, terminating connection
2026-10-01T00:28:47+0000 mm-bot python[6123]: 2026-10-01 00:28:47 ERROR   WebSocket connection closed with code: 1006, reason:
2026-10-01T00:28:47+0000 mm-bot python[6123]: 2026-10-01 00:28:47 ERROR   Auto-reconnect disabled, terminating connection
2026-10-01T00:29:12+0000 mm-bot python[6123]: 2026-10-01 00:29:12 ERROR   WebSocket connection closed with code: 1006, reason:
2026-10-01T00:29:12+0000 mm-bot python[6123]: 2026-10-01 00:29:12 ERROR   Auto-reconnect disabled, terminating connection
2026-10-01T00:29:17+0000 mm-bot python[6123]: 2026-10-01 00:29:17 INFO    tournament is 'draft' (starts 2026-10-01T16:00:00.000Z) - 237/237 books ready - checking again in 60 s
2026-10-01T00:29:37+0000 mm-bot python[6123]: 2026-10-01 00:29:37 ERROR   WebSocket connection closed with code: 1006, reason:
2026-10-01T00:29:37+0000 mm-bot python[6123]: 2026-10-01 00:29:37 ERROR   Auto-reconnect disabled, terminating connection
2026-10-01T00:30:02+0000 mm-bot python[6123]: 2026-10-01 00:30:02 ERROR   WebSocket connection closed with code: 1006, reason:
2026-10-01T00:30:02+0000 mm-bot python[6123]: 2026-10-01 00:30:02 ERROR   Auto-reconnect disabled, terminating connection
2026-10-01T00:30:24+0000 mm-bot python[6123]: 2026-10-01 00:30:24 INFO    tournament is 'draft' (starts 2026-10-01T16:00:00.000Z) - 237/237 books ready - checking again in 60 s
2026-10-01T00:30:27+0000 mm-bot python[6123]: 2026-10-01 00:30:27 ERROR   WebSocket connection closed with code: 1006, reason:
2026-10-01T00:30:27+0000 mm-bot python[6123]: 2026-10-01 00:30:27 ERROR   Auto-reconnect disabled, terminating connection
2026-10-01T00:30:52+0000 mm-bot python[6123]: 2026-10-01 00:30:52 ERROR   WebSocket connection closed with code: 1006, reason:
2026-10-01T00:30:52+0000 mm-bot python[6123]: 2026-10-01 00:30:52 ERROR   Auto-reconnect disabled, terminating connection
2026-10-01T00:31:17+0000 mm-bot python[6123]: 2026-10-01 00:31:17 ERROR   WebSocket connection closed with code: 1006, reason:
2026-10-01T00:31:17+0000 mm-bot python[6123]: 2026-10-01 00:31:17 ERROR   Auto-reconnect disabled, terminating connection
2026-10-01T00:31:30+0000 mm-bot python[6123]: 2026-10-01 00:31:30 INFO    tournament is 'draft' (starts 2026-10-01T16:00:00.000Z) - 237/237 books ready - checking again in 60 s
2026-10-01T00:31:42+0000 mm-bot python[6123]: 2026-10-01 00:31:42 ERROR   WebSocket connection closed with code: 1006, reason:
2026-10-01T00:31:42+0000 mm-bot python[6123]: 2026-10-01 00:31:42 ERROR   Auto-reconnect disabled, terminating connection
2026-10-01T00:32:07+0000 mm-bot python[6123]: 2026-10-01 00:32:07 ERROR   WebSocket connection closed with code: 1006, reason:
2026-10-01T00:32:07+0000 mm-bot python[6123]: 2026-10-01 00:32:07 ERROR   Auto-reconnect disabled, terminating connection
2026-10-01T00:32:32+0000 mm-bot python[6123]: 2026-10-01 00:32:32 ERROR   WebSocket connection closed with code: 1006, reason:
2026-10-01T00:32:32+0000 mm-bot python[6123]: 2026-10-01 00:32:32 ERROR   Auto-reconnect disabled, terminating connection
2026-10-01T00:32:37+0000 mm-bot python[6123]: 2026-10-01 00:32:37 INFO    tournament is 'draft' (starts 2026-10-01T16:00:00.000Z) - 237/237 books ready - checking again in 60 s
2026-10-01T00:32:57+0000 mm-bot python[6123]: 2026-10-01 00:32:57 ERROR   WebSocket connection closed with code: 1006, reason:
2026-10-01T00:32:57+0000 mm-bot python[6123]: 2026-10-01 00:32:57 ERROR   Auto-reconnect disabled, terminating connection
2026-10-01T00:33:22+0000 mm-bot python[6123]: 2026-10-01 00:33:22 ERROR   WebSocket connection closed with code: 1006, reason:
2026-10-01T00:33:22+0000 mm-bot python[6123]: 2026-10-01 00:33:22 ERROR   Auto-reconnect disabled, terminating connection
2026-10-01T00:33:43+0000 mm-bot python[6123]: 2026-10-01 00:33:43 INFO    tournament is 'draft' (starts 2026-10-01T16:00:00.000Z) - 237/237 books ready - checking again in 60 s
2026-10-01T00:33:47+0000 mm-bot python[6123]: 2026-10-01 00:33:47 ERROR   WebSocket connection closed with code: 1006, reason:
2026-10-01T00:33:47+0000 mm-bot python[6123]: 2026-10-01 00:33:47 ERROR   Auto-reconnect disabled, terminating connection
2026-10-01T00:34:12+0000 mm-bot python[6123]: 2026-10-01 00:34:12 ERROR   WebSocket connection closed with code: 1006, reason:
2026-10-01T00:34:12+0000 mm-bot python[6123]: 2026-10-01 00:34:12 ERROR   Auto-reconnect disabled, terminating connection
2026-10-01T00:34:37+0000 mm-bot python[6123]: 2026-10-01 00:34:37 ERROR   WebSocket connection closed with code: 1006, reason:
2026-10-01T00:34:37+0000 mm-bot python[6123]: 2026-10-01 00:34:37 ERROR   Auto-reconnect disabled, terminating connection
2026-10-01T00:34:50+0000 mm-bot python[6123]: 2026-10-01 00:34:50 INFO    tournament is 'draft' (starts 2026-10-01T16:00:00.000Z) - 237/237 books ready - checking again in 60 s
2026-10-01T00:35:02+0000 mm-bot python[6123]: 2026-10-01 00:35:02 ERROR   WebSocket connection closed with code: 1006, reason:
2026-10-01T00:35:02+0000 mm-bot python[6123]: 2026-10-01 00:35:02 ERROR   Auto-reconnect disabled, terminating connection
2026-10-01T00:35:27+0000 mm-bot python[6123]: 2026-10-01 00:35:27 ERROR   WebSocket connection closed with code: 1006, reason:
2026-10-01T00:35:27+0000 mm-bot python[6123]: 2026-10-01 00:35:27 ERROR   Auto-reconnect disabled, terminating connection
2026-10-01T00:35:52+0000 mm-bot python[6123]: 2026-10-01 00:35:52 ERROR   WebSocket connection closed with code: 1006, reason:
2026-10-01T00:35:52+0000 mm-bot python[6123]: 2026-10-01 00:35:52 ERROR   Auto-reconnect disabled, terminating connection
2026-10-01T00:35:57+0000 mm-bot python[6123]: 2026-10-01 00:35:57 INFO    tournament is 'draft' (starts 2026-10-01T16:00:00.000Z) - 237/237 books ready - checking again in 60 s
2026-10-01T00:36:17+0000 mm-bot python[6123]: 2026-10-01 00:36:17 ERROR   WebSocket connection closed with code: 1006, reason:
2026-10-01T00:36:17+0000 mm-bot python[6123]: 2026-10-01 00:36:17 ERROR   Auto-reconnect disabled, terminating connection
2026-10-01T00:36:42+0000 mm-bot python[6123]: 2026-10-01 00:36:42 ERROR   WebSocket connection closed with code: 1006, reason:
2026-10-01T00:36:42+0000 mm-bot python[6123]: 2026-10-01 00:36:42 ERROR   Auto-reconnect disabled, terminating connection
2026-10-01T00:37:03+0000 mm-bot python[6123]: 2026-10-01 00:37:03 INFO    tournament is 'draft' (starts 2026-10-01T16:00:00.000Z) - 237/237 books ready - checking again in 60 s
2026-10-01T00:37:07+0000 mm-bot python[6123]: 2026-10-01 00:37:07 ERROR   WebSocket connection closed with code: 1006, reason:
2026-10-01T00:37:07+0000 mm-bot python[6123]: 2026-10-01 00:37:07 ERROR   Auto-reconnect disabled, terminating connection
2026-10-01T00:37:32+0000 mm-bot python[6123]: 2026-10-01 00:37:32 ERROR   WebSocket connection closed with code: 1006, reason:
2026-10-01T00:37:32+0000 mm-bot python[6123]: 2026-10-01 00:37:32 ERROR   Auto-reconnect disabled, terminating connection
2026-10-01T00:37:57+0000 mm-bot python[6123]: 2026-10-01 00:37:57 ERROR   WebSocket connection closed with code: 1006, reason:
2026-10-01T00:37:57+0000 mm-bot python[6123]: 2026-10-01 00:37:57 ERROR   Auto-reconnect disabled, terminating connection
2026-10-01T00:38:10+0000 mm-bot python[6123]: 2026-10-01 00:38:10 INFO    tournament is 'draft' (starts 2026-10-01T16:00:00.000Z) - 237/237 books ready - checking again in 60 s
2026-10-01T00:38:22+0000 mm-bot python[6123]: 2026-10-01 00:38:22 ERROR   WebSocket connection closed with code: 1006, reason:
2026-10-01T00:38:22+0000 mm-bot python[6123]: 2026-10-01 00:38:22 ERROR   Auto-reconnect disabled, terminating connection
2026-10-01T00:38:47+0000 mm-bot python[6123]: 2026-10-01 00:38:47 ERROR   WebSocket connection closed with code: 1006, reason:
2026-10-01T00:38:47+0000 mm-bot python[6123]: 2026-10-01 00:38:47 ERROR   Auto-reconnect disabled, terminating connection
2026-10-01T00:39:12+0000 mm-bot python[6123]: 2026-10-01 00:39:12 ERROR   WebSocket connection closed with code: 1006, reason:
2026-10-01T00:39:12+0000 mm-bot python[6123]: 2026-10-01 00:39:12 ERROR   Auto-reconnect disabled, terminating connection
2026-10-01T00:39:17+0000 mm-bot python[6123]: 2026-10-01 00:39:17 INFO    tournament is 'draft' (starts 2026-10-01T16:00:00.000Z) - 237/237 books ready - checking again in 60 s
2026-10-01T00:39:37+0000 mm-bot python[6123]: 2026-10-01 00:39:37 ERROR   WebSocket connection closed with code: 1006, reason:
2026-10-01T00:39:37+0000 mm-bot python[6123]: 2026-10-01 00:39:37 ERROR   Auto-reconnect disabled, terminating connection
2026-10-01T00:40:02+0000 mm-bot python[6123]: 2026-10-01 00:40:02 ERROR   WebSocket connection closed with code: 1006, reason:
2026-10-01T00:40:02+0000 mm-bot python[6123]: 2026-10-01 00:40:02 ERROR   Auto-reconnect disabled, terminating connection
2026-10-01T00:40:23+0000 mm-bot python[6123]: 2026-10-01 00:40:23 INFO    tournament is 'draft' (starts 2026-10-01T16:00:00.000Z) - 237/237 books ready - checking again in 60 s
2026-10-01T00:40:27+0000 mm-bot python[6123]: 2026-10-01 00:40:27 ERROR   WebSocket connection closed with code: 1006, reason:
2026-10-01T00:40:27+0000 mm-bot python[6123]: 2026-10-01 00:40:27 ERROR   Auto-reconnect disabled, terminating connection
2026-10-01T00:40:52+0000 mm-bot python[6123]: 2026-10-01 00:40:52 ERROR   WebSocket connection closed with code: 1006, reason:
2026-10-01T00:40:52+0000 mm-bot python[6123]: 2026-10-01 00:40:52 ERROR   Auto-reconnect disabled, terminating connection
2026-10-01T00:41:17+0000 mm-bot python[6123]: 2026-10-01 00:41:17 ERROR   WebSocket connection closed with code: 1006, reason:
2026-10-01T00:41:17+0000 mm-bot python[6123]: 2026-10-01 00:41:17 ERROR   Auto-reconnect disabled, terminating connection
2026-10-01T00:41:30+0000 mm-bot python[6123]: 2026-10-01 00:41:30 INFO    tournament is 'draft' (starts 2026-10-01T16:00:00.000Z) - 237/237 books ready - checking again in 60 s
2026-10-01T00:41:42+0000 mm-bot python[6123]: 2026-10-01 00:41:42 ERROR   WebSocket connection closed with code: 1006, reason:
2026-10-01T00:41:42+0000 mm-bot python[6123]: 2026-10-01 00:41:42 ERROR   Auto-reconnect disabled, terminating connection
2026-10-01T00:42:07+0000 mm-bot python[6123]: 2026-10-01 00:42:07 ERROR   WebSocket connection closed with code: 1006, reason:
2026-10-01T00:42:07+0000 mm-bot python[6123]: 2026-10-01 00:42:07 ERROR   Auto-reconnect disabled, terminating connection
2026-10-01T00:42:32+0000 mm-bot python[6123]: 2026-10-01 00:42:32 ERROR   WebSocket connection closed with code: 1006, reason:
2026-10-01T00:42:32+0000 mm-bot python[6123]: 2026-10-01 00:42:32 ERROR   Auto-reconnect disabled, terminating connection
2026-10-01T00:42:36+0000 mm-bot python[6123]: 2026-10-01 00:42:36 INFO    tournament is 'draft' (starts 2026-10-01T16:00:00.000Z) - 237/237 books ready - checking again in 60 s
2026-10-01T00:42:57+0000 mm-bot python[6123]: 2026-10-01 00:42:57 ERROR   WebSocket connection closed with code: 1006, reason:
2026-10-01T00:42:57+0000 mm-bot python[6123]: 2026-10-01 00:42:57 ERROR   Auto-reconnect disabled, terminating connection
2026-10-01T00:43:22+0000 mm-bot python[6123]: 2026-10-01 00:43:22 ERROR   WebSocket connection closed with code: 1006, reason:
2026-10-01T00:43:22+0000 mm-bot python[6123]: 2026-10-01 00:43:22 ERROR   Auto-reconnect disabled, terminating connection
2026-10-01T00:43:43+0000 mm-bot python[6123]: 2026-10-01 00:43:43 INFO    tournament is 'draft' (starts 2026-10-01T16:00:00.000Z) - 237/237 books ready - checking again in 60 s
2026-10-01T00:43:47+0000 mm-bot python[6123]: 2026-10-01 00:43:47 ERROR   WebSocket connection closed with code: 1006, reason:
2026-10-01T00:43:47+0000 mm-bot python[6123]: 2026-10-01 00:43:47 ERROR   Auto-reconnect disabled, terminating connection
2026-10-01T00:44:12+0000 mm-bot python[6123]: 2026-10-01 00:44:12 ERROR   WebSocket connection closed with code: 1006, reason:
2026-10-01T00:44:12+0000 mm-bot python[6123]: 2026-10-01 00:44:12 ERROR   Auto-reconnect disabled, terminating connection
2026-10-01T00:44:37+0000 mm-bot python[6123]: 2026-10-01 00:44:37 ERROR   WebSocket connection closed with code: 1006, reason:
2026-10-01T00:44:37+0000 mm-bot python[6123]: 2026-10-01 00:44:37 ERROR   Auto-reconnect disabled, terminating connection
2026-10-01T00:44:50+0000 mm-bot python[6123]: 2026-10-01 00:44:50 INFO    tournament is 'draft' (starts 2026-10-01T16:00:00.000Z) - 237/237 books ready - checking again in 60 s
2026-10-01T00:45:02+0000 mm-bot python[6123]: 2026-10-01 00:45:02 ERROR   WebSocket connection closed with code: 1006, reason:
2026-10-01T00:45:02+0000 mm-bot python[6123]: 2026-10-01 00:45:02 ERROR   Auto-reconnect disabled, terminating connection
2026-10-01T00:45:27+0000 mm-bot python[6123]: 2026-10-01 00:45:27 ERROR   WebSocket connection closed with code: 1006, reason:
2026-10-01T00:45:27+0000 mm-bot python[6123]: 2026-10-01 00:45:27 ERROR   Auto-reconnect disabled, terminating connection
2026-10-01T00:45:30+0000 mm-bot python[6123]: 2026-10-01 00:45:30 ERROR   WebSocket connection closed with code: 1006, reason:
2026-10-01T00:45:30+0000 mm-bot python[6123]: 2026-10-01 00:45:30 ERROR   Auto-reconnect disabled, terminating connection
2026-10-01T00:45:30+0000 mm-bot python[6123]: 2026-10-01 00:45:30 ERROR   WebSocket connection closed with code: 1006, reason:
2026-10-01T00:45:30+0000 mm-bot python[6123]: 2026-10-01 00:45:30 ERROR   Auto-reconnect disabled, terminating connection
2026-10-01T00:45:30+0000 mm-bot python[6123]: 2026-10-01 00:45:30 INFO    realtime: login token refreshed - full resync next cycle
2026-10-01T00:45:52+0000 mm-bot python[6123]: 2026-10-01 00:45:52 ERROR   WebSocket connection closed with code: 1006, reason:
2026-10-01T00:45:52+0000 mm-bot python[6123]: 2026-10-01 00:45:52 ERROR   Auto-reconnect disabled, terminating connection
2026-10-01T00:45:56+0000 mm-bot python[6123]: 2026-10-01 00:45:56 INFO    tournament is 'draft' (starts 2026-10-01T16:00:00.000Z) - 237/237 books ready - checking again in 60 s
2026-10-01T00:46:17+0000 mm-bot python[6123]: 2026-10-01 00:46:17 ERROR   WebSocket connection closed with code: 1006, reason:
2026-10-01T00:46:17+0000 mm-bot python[6123]: 2026-10-01 00:46:17 ERROR   Auto-reconnect disabled, terminating connection
2026-10-01T00:46:42+0000 mm-bot python[6123]: 2026-10-01 00:46:42 ERROR   WebSocket connection closed with code: 1006, reason:
2026-10-01T00:46:42+0000 mm-bot python[6123]: 2026-10-01 00:46:42 ERROR   Auto-reconnect disabled, terminating connection
2026-10-01T00:47:03+0000 mm-bot python[6123]: 2026-10-01 00:47:03 INFO    tournament is 'draft' (starts 2026-10-01T16:00:00.000Z) - 237/237 books ready - checking again in 60 s
2026-10-01T00:47:07+0000 mm-bot python[6123]: 2026-10-01 00:47:07 ERROR   WebSocket connection closed with code: 1006, reason:
2026-10-01T00:47:07+0000 mm-bot python[6123]: 2026-10-01 00:47:07 ERROR   Auto-reconnect disabled, terminating connection
2026-10-01T00:47:32+0000 mm-bot python[6123]: 2026-10-01 00:47:32 ERROR   WebSocket connection closed with code: 1006, reason:
2026-10-01T00:47:32+0000 mm-bot python[6123]: 2026-10-01 00:47:32 ERROR   Auto-reconnect disabled, terminating connection
2026-10-01T00:47:57+0000 mm-bot python[6123]: 2026-10-01 00:47:57 ERROR   WebSocket connection closed with code: 1006, reason:
2026-10-01T00:47:57+0000 mm-bot python[6123]: 2026-10-01 00:47:57 ERROR   Auto-reconnect disabled, terminating connection
2026-10-01T00:48:09+0000 mm-bot python[6123]: 2026-10-01 00:48:09 INFO    tournament is 'draft' (starts 2026-10-01T16:00:00.000Z) - 237/237 books ready - checking again in 60 s
2026-10-01T00:48:22+0000 mm-bot python[6123]: 2026-10-01 00:48:22 ERROR   WebSocket connection closed with code: 1006, reason:
2026-10-01T00:48:22+0000 mm-bot python[6123]: 2026-10-01 00:48:22 ERROR   Auto-reconnect disabled, terminating connection
2026-10-01T00:48:47+0000 mm-bot python[6123]: 2026-10-01 00:48:47 ERROR   WebSocket connection closed with code: 1006, reason:
2026-10-01T00:48:47+0000 mm-bot python[6123]: 2026-10-01 00:48:47 ERROR   Auto-reconnect disabled, terminating connection
2026-10-01T00:49:12+0000 mm-bot python[6123]: 2026-10-01 00:49:12 ERROR   WebSocket connection closed with code: 1006, reason:
2026-10-01T00:49:12+0000 mm-bot python[6123]: 2026-10-01 00:49:12 ERROR   Auto-reconnect disabled, terminating connection
2026-10-01T00:49:16+0000 mm-bot python[6123]: 2026-10-01 00:49:16 INFO    tournament is 'draft' (starts 2026-10-01T16:00:00.000Z) - 237/237 books ready - checking again in 60 s
2026-10-01T00:49:37+0000 mm-bot python[6123]: 2026-10-01 00:49:37 ERROR   WebSocket connection closed with code: 1006, reason:
2026-10-01T00:49:37+0000 mm-bot python[6123]: 2026-10-01 00:49:37 ERROR   Auto-reconnect disabled, terminating connection
2026-10-01T00:50:02+0000 mm-bot python[6123]: 2026-10-01 00:50:02 ERROR   WebSocket connection closed with code: 1006, reason:
2026-10-01T00:50:02+0000 mm-bot python[6123]: 2026-10-01 00:50:02 ERROR   Auto-reconnect disabled, terminating connection
2026-10-01T00:50:23+0000 mm-bot python[6123]: 2026-10-01 00:50:23 INFO    tournament is 'draft' (starts 2026-10-01T16:00:00.000Z) - 237/237 books ready - checking again in 60 s
2026-10-01T00:50:27+0000 mm-bot python[6123]: 2026-10-01 00:50:27 ERROR   WebSocket connection closed with code: 1006, reason:
2026-10-01T00:50:27+0000 mm-bot python[6123]: 2026-10-01 00:50:27 ERROR   Auto-reconnect disabled, terminating connection
2026-10-01T00:50:52+0000 mm-bot python[6123]: 2026-10-01 00:50:52 ERROR   WebSocket connection closed with code: 1006, reason:
2026-10-01T00:50:52+0000 mm-bot python[6123]: 2026-10-01 00:50:52 ERROR   Auto-reconnect disabled, terminating connection
2026-10-01T00:51:17+0000 mm-bot python[6123]: 2026-10-01 00:51:17 ERROR   WebSocket connection closed with code: 1006, reason:
2026-10-01T00:51:17+0000 mm-bot python[6123]: 2026-10-01 00:51:17 ERROR   Auto-reconnect disabled, terminating connection
2026-10-01T00:51:29+0000 mm-bot python[6123]: 2026-10-01 00:51:29 INFO    tournament is 'draft' (starts 2026-10-01T16:00:00.000Z) - 237/237 books ready - checking again in 60 s
2026-10-01T00:51:42+0000 mm-bot python[6123]: 2026-10-01 00:51:42 ERROR   WebSocket connection closed with code: 1006, reason:
2026-10-01T00:51:42+0000 mm-bot python[6123]: 2026-10-01 00:51:42 ERROR   Auto-reconnect disabled, terminating connection
2026-10-01T00:52:07+0000 mm-bot python[6123]: 2026-10-01 00:52:07 ERROR   WebSocket connection closed with code: 1006, reason:
2026-10-01T00:52:07+0000 mm-bot python[6123]: 2026-10-01 00:52:07 ERROR   Auto-reconnect disabled, terminating connection
2026-10-01T00:52:32+0000 mm-bot python[6123]: 2026-10-01 00:52:32 ERROR   WebSocket connection closed with code: 1006, reason:
2026-10-01T00:52:32+0000 mm-bot python[6123]: 2026-10-01 00:52:32 ERROR   Auto-reconnect disabled, terminating connection
2026-10-01T00:52:36+0000 mm-bot python[6123]: 2026-10-01 00:52:36 INFO    tournament is 'draft' (starts 2026-10-01T16:00:00.000Z) - 237/237 books ready - checking again in 60 s
2026-10-01T00:52:57+0000 mm-bot python[6123]: 2026-10-01 00:52:57 ERROR   WebSocket connection closed with code: 1006, reason:
2026-10-01T00:52:57+0000 mm-bot python[6123]: 2026-10-01 00:52:57 ERROR   Auto-reconnect disabled, terminating connection
2026-10-01T00:53:22+0000 mm-bot python[6123]: 2026-10-01 00:53:22 ERROR   WebSocket connection closed with code: 1006, reason:
2026-10-01T00:53:22+0000 mm-bot python[6123]: 2026-10-01 00:53:22 ERROR   Auto-reconnect disabled, terminating connection
2026-10-01T00:53:43+0000 mm-bot python[6123]: 2026-10-01 00:53:43 INFO    tournament is 'draft' (starts 2026-10-01T16:00:00.000Z) - 237/237 books ready - checking again in 60 s
2026-10-01T00:53:47+0000 mm-bot python[6123]: 2026-10-01 00:53:47 ERROR   WebSocket connection closed with code: 1006, reason:
2026-10-01T00:53:47+0000 mm-bot python[6123]: 2026-10-01 00:53:47 ERROR   Auto-reconnect disabled, terminating connection
2026-10-01T00:54:12+0000 mm-bot python[6123]: 2026-10-01 00:54:12 ERROR   WebSocket connection closed with code: 1006, reason:
2026-10-01T00:54:12+0000 mm-bot python[6123]: 2026-10-01 00:54:12 ERROR   Auto-reconnect disabled, terminating connection
2026-10-01T00:54:37+0000 mm-bot python[6123]: 2026-10-01 00:54:37 ERROR   WebSocket connection closed with code: 1006, reason:
2026-10-01T00:54:37+0000 mm-bot python[6123]: 2026-10-01 00:54:37 ERROR   Auto-reconnect disabled, terminating connection
2026-10-01T00:54:49+0000 mm-bot python[6123]: 2026-10-01 00:54:49 INFO    tournament is 'draft' (starts 2026-10-01T16:00:00.000Z) - 237/237 books ready - checking again in 60 s
2026-10-01T00:55:02+0000 mm-bot python[6123]: 2026-10-01 00:55:02 ERROR   WebSocket connection closed with code: 1006, reason:
2026-10-01T00:55:02+0000 mm-bot python[6123]: 2026-10-01 00:55:02 ERROR   Auto-reconnect disabled, terminating connection
2026-10-01T00:55:27+0000 mm-bot python[6123]: 2026-10-01 00:55:27 ERROR   WebSocket connection closed with code: 1006, reason:
2026-10-01T00:55:27+0000 mm-bot python[6123]: 2026-10-01 00:55:27 ERROR   Auto-reconnect disabled, terminating connection
2026-10-01T00:55:52+0000 mm-bot python[6123]: 2026-10-01 00:55:52 ERROR   WebSocket connection closed with code: 1006, reason:
2026-10-01T00:55:52+0000 mm-bot python[6123]: 2026-10-01 00:55:52 ERROR   Auto-reconnect disabled, terminating connection
2026-10-01T00:55:56+0000 mm-bot python[6123]: 2026-10-01 00:55:56 INFO    tournament is 'draft' (starts 2026-10-01T16:00:00.000Z) - 237/237 books ready - checking again in 60 s
2026-10-01T00:56:17+0000 mm-bot python[6123]: 2026-10-01 00:56:17 ERROR   WebSocket connection closed with code: 1006, reason:
2026-10-01T00:56:17+0000 mm-bot python[6123]: 2026-10-01 00:56:17 ERROR   Auto-reconnect disabled, terminating connection
2026-10-01T00:56:42+0000 mm-bot python[6123]: 2026-10-01 00:56:42 ERROR   WebSocket connection closed with code: 1006, reason:
2026-10-01T00:56:42+0000 mm-bot python[6123]: 2026-10-01 00:56:42 ERROR   Auto-reconnect disabled, terminating connection
2026-10-01T00:57:02+0000 mm-bot python[6123]: 2026-10-01 00:57:02 INFO    tournament is 'draft' (starts 2026-10-01T16:00:00.000Z) - 237/237 books ready - checking again in 60 s
2026-10-01T00:57:07+0000 mm-bot python[6123]: 2026-10-01 00:57:07 ERROR   WebSocket connection closed with code: 1006, reason:
2026-10-01T00:57:07+0000 mm-bot python[6123]: 2026-10-01 00:57:07 ERROR   Auto-reconnect disabled, terminating connection
2026-10-01T00:57:32+0000 mm-bot python[6123]: 2026-10-01 00:57:32 ERROR   WebSocket connection closed with code: 1006, reason:
2026-10-01T00:57:32+0000 mm-bot python[6123]: 2026-10-01 00:57:32 ERROR   Auto-reconnect disabled, terminating connection
2026-10-01T00:57:57+0000 mm-bot python[6123]: 2026-10-01 00:57:57 ERROR   WebSocket connection closed with code: 1006, reason:
2026-10-01T00:57:57+0000 mm-bot python[6123]: 2026-10-01 00:57:57 ERROR   Auto-reconnect disabled, terminating connection
2026-10-01T00:58:09+0000 mm-bot python[6123]: 2026-10-01 00:58:09 INFO    tournament is 'draft' (starts 2026-10-01T16:00:00.000Z) - 237/237 books ready - checking again in 60 s
2026-10-01T00:58:22+0000 mm-bot python[6123]: 2026-10-01 00:58:22 ERROR   WebSocket connection closed with code: 1006, reason:
2026-10-01T00:58:22+0000 mm-bot python[6123]: 2026-10-01 00:58:22 ERROR   Auto-reconnect disabled, terminating connection
2026-10-01T00:58:47+0000 mm-bot python[6123]: 2026-10-01 00:58:47 ERROR   WebSocket connection closed with code: 1006, reason:
2026-10-01T00:58:47+0000 mm-bot python[6123]: 2026-10-01 00:58:47 ERROR   Auto-reconnect disabled, terminating connection
2026-10-01T00:59:12+0000 mm-bot python[6123]: 2026-10-01 00:59:12 ERROR   WebSocket connection closed with code: 1006, reason:
2026-10-01T00:59:12+0000 mm-bot python[6123]: 2026-10-01 00:59:12 ERROR   Auto-reconnect disabled, terminating connection
2026-10-01T00:59:16+0000 mm-bot python[6123]: 2026-10-01 00:59:16 INFO    tournament is 'draft' (starts 2026-10-01T16:00:00.000Z) - 237/237 books ready - checking again in 60 s
2026-10-01T00:59:37+0000 mm-bot python[6123]: 2026-10-01 00:59:37 ERROR   WebSocket connection closed with code: 1006, reason:
2026-10-01T00:59:37+0000 mm-bot python[6123]: 2026-10-01 00:59:37 ERROR   Auto-reconnect disabled, terminating connection
2026-10-01T01:00:02+0000 mm-bot python[6123]: 2026-10-01 01:00:02 ERROR   WebSocket connection closed with code: 1006, reason:
2026-10-01T01:00:02+0000 mm-bot python[6123]: 2026-10-01 01:00:02 ERROR   Auto-reconnect disabled, terminating connection
2026-10-01T01:00:22+0000 mm-bot python[6123]: 2026-10-01 01:00:22 INFO    tournament is 'draft' (starts 2026-10-01T16:00:00.000Z) - 237/237 books ready - checking again in 60 s
2026-10-01T01:00:27+0000 mm-bot python[6123]: 2026-10-01 01:00:27 ERROR   WebSocket connection closed with code: 1006, reason:
2026-10-01T01:00:27+0000 mm-bot python[6123]: 2026-10-01 01:00:27 ERROR   Auto-reconnect disabled, terminating connection
2026-10-01T01:00:52+0000 mm-bot python[6123]: 2026-10-01 01:00:52 ERROR   WebSocket connection closed with code: 1006, reason:
2026-10-01T01:00:52+0000 mm-bot python[6123]: 2026-10-01 01:00:52 ERROR   Auto-reconnect disabled, terminating connection
2026-10-01T01:01:17+0000 mm-bot python[6123]: 2026-10-01 01:01:17 ERROR   WebSocket connection closed with code: 1006, reason:
2026-10-01T01:01:17+0000 mm-bot python[6123]: 2026-10-01 01:01:17 ERROR   Auto-reconnect disabled, terminating connection
2026-10-01T01:01:29+0000 mm-bot python[6123]: 2026-10-01 01:01:29 INFO    tournament is 'draft' (starts 2026-10-01T16:00:00.000Z) - 237/237 books ready - checking again in 60 s
2026-10-01T01:01:42+0000 mm-bot python[6123]: 2026-10-01 01:01:42 ERROR   WebSocket connection closed with code: 1006, reason:
2026-10-01T01:01:42+0000 mm-bot python[6123]: 2026-10-01 01:01:42 ERROR   Auto-reconnect disabled, terminating connection
2026-10-01T01:02:07+0000 mm-bot python[6123]: 2026-10-01 01:02:07 ERROR   WebSocket connection closed with code: 1006, reason:
2026-10-01T01:02:07+0000 mm-bot python[6123]: 2026-10-01 01:02:07 ERROR   Auto-reconnect disabled, terminating connection
2026-10-01T01:02:32+0000 mm-bot python[6123]: 2026-10-01 01:02:32 ERROR   WebSocket connection closed with code: 1006, reason:
2026-10-01T01:02:32+0000 mm-bot python[6123]: 2026-10-01 01:02:32 ERROR   Auto-reconnect disabled, terminating connection
2026-10-01T01:02:36+0000 mm-bot python[6123]: 2026-10-01 01:02:36 INFO    tournament is 'draft' (starts 2026-10-01T16:00:00.000Z) - 237/237 books ready - checking again in 60 s
2026-10-01T01:02:57+0000 mm-bot python[6123]: 2026-10-01 01:02:57 ERROR   WebSocket connection closed with code: 1006, reason:
2026-10-01T01:02:57+0000 mm-bot python[6123]: 2026-10-01 01:02:57 ERROR   Auto-reconnect disabled, terminating connection
2026-10-01T01:03:22+0000 mm-bot python[6123]: 2026-10-01 01:03:22 ERROR   WebSocket connection closed with code: 1006, reason:
2026-10-01T01:03:22+0000 mm-bot python[6123]: 2026-10-01 01:03:22 ERROR   Auto-reconnect disabled, terminating connection
2026-10-01T01:03:42+0000 mm-bot python[6123]: 2026-10-01 01:03:42 INFO    tournament is 'draft' (starts 2026-10-01T16:00:00.000Z) - 237/237 books ready - checking again in 60 s
2026-10-01T01:03:47+0000 mm-bot python[6123]: 2026-10-01 01:03:47 ERROR   WebSocket connection closed with code: 1006, reason:
2026-10-01T01:03:47+0000 mm-bot python[6123]: 2026-10-01 01:03:47 ERROR   Auto-reconnect disabled, terminating connection
2026-10-01T01:04:12+0000 mm-bot python[6123]: 2026-10-01 01:04:12 ERROR   WebSocket connection closed with code: 1006, reason:
2026-10-01T01:04:12+0000 mm-bot python[6123]: 2026-10-01 01:04:12 ERROR   Auto-reconnect disabled, terminating connection
2026-10-01T01:04:37+0000 mm-bot python[6123]: 2026-10-01 01:04:37 ERROR   WebSocket connection closed with code: 1006, reason:
2026-10-01T01:04:37+0000 mm-bot python[6123]: 2026-10-01 01:04:37 ERROR   Auto-reconnect disabled, terminating connection
2026-10-01T01:04:49+0000 mm-bot python[6123]: 2026-10-01 01:04:49 INFO    tournament is 'draft' (starts 2026-10-01T16:00:00.000Z) - 237/237 books ready - checking again in 60 s
2026-10-01T01:05:02+0000 mm-bot python[6123]: 2026-10-01 01:05:02 ERROR   WebSocket connection closed with code: 1006, reason:
2026-10-01T01:05:02+0000 mm-bot python[6123]: 2026-10-01 01:05:02 ERROR   Auto-reconnect disabled, terminating connection
2026-10-01T01:05:27+0000 mm-bot python[6123]: 2026-10-01 01:05:27 ERROR   WebSocket connection closed with code: 1006, reason:
2026-10-01T01:05:27+0000 mm-bot python[6123]: 2026-10-01 01:05:27 ERROR   Auto-reconnect disabled, terminating connection
2026-10-01T01:05:52+0000 mm-bot python[6123]: 2026-10-01 01:05:52 ERROR   WebSocket connection closed with code: 1006, reason:
2026-10-01T01:05:52+0000 mm-bot python[6123]: 2026-10-01 01:05:52 ERROR   Auto-reconnect disabled, terminating connection
2026-10-01T01:05:55+0000 mm-bot python[6123]: 2026-10-01 01:05:55 INFO    tournament is 'draft' (starts 2026-10-01T16:00:00.000Z) - 237/237 books ready - checking again in 60 s
2026-10-01T01:06:17+0000 mm-bot python[6123]: 2026-10-01 01:06:17 ERROR   WebSocket connection closed with code: 1006, reason:
2026-10-01T01:06:17+0000 mm-bot python[6123]: 2026-10-01 01:06:17 ERROR   Auto-reconnect disabled, terminating connection
2026-10-01T01:06:42+0000 mm-bot python[6123]: 2026-10-01 01:06:42 ERROR   WebSocket connection closed with code: 1006, reason:
2026-10-01T01:06:42+0000 mm-bot python[6123]: 2026-10-01 01:06:42 ERROR   Auto-reconnect disabled, terminating connection
2026-10-01T01:07:02+0000 mm-bot python[6123]: 2026-10-01 01:07:02 INFO    tournament is 'draft' (starts 2026-10-01T16:00:00.000Z) - 237/237 books ready - checking again in 60 s
2026-10-01T01:07:07+0000 mm-bot python[6123]: 2026-10-01 01:07:07 ERROR   WebSocket connection closed with code: 1006, reason:
2026-10-01T01:07:07+0000 mm-bot python[6123]: 2026-10-01 01:07:07 ERROR   Auto-reconnect disabled, terminating connection
2026-10-01T01:07:32+0000 mm-bot python[6123]: 2026-10-01 01:07:32 ERROR   WebSocket connection closed with code: 1006, reason:
2026-10-01T01:07:32+0000 mm-bot python[6123]: 2026-10-01 01:07:32 ERROR   Auto-reconnect disabled, terminating connection
2026-10-01T01:07:57+0000 mm-bot python[6123]: 2026-10-01 01:07:57 ERROR   WebSocket connection closed with code: 1006, reason:
2026-10-01T01:07:57+0000 mm-bot python[6123]: 2026-10-01 01:07:57 ERROR   Auto-reconnect disabled, terminating connection
2026-10-01T01:08:09+0000 mm-bot python[6123]: 2026-10-01 01:08:09 INFO    tournament is 'draft' (starts 2026-10-01T16:00:00.000Z) - 237/237 books ready - checking again in 60 s
2026-10-01T01:08:22+0000 mm-bot python[6123]: 2026-10-01 01:08:22 ERROR   WebSocket connection closed with code: 1006, reason:
2026-10-01T01:08:22+0000 mm-bot python[6123]: 2026-10-01 01:08:22 ERROR   Auto-reconnect disabled, terminating connection
2026-10-01T01:08:47+0000 mm-bot python[6123]: 2026-10-01 01:08:47 ERROR   WebSocket connection closed with code: 1006, reason:
2026-10-01T01:08:47+0000 mm-bot python[6123]: 2026-10-01 01:08:47 ERROR   Auto-reconnect disabled, terminating connection
2026-10-01T01:09:12+0000 mm-bot python[6123]: 2026-10-01 01:09:12 ERROR   WebSocket connection closed with code: 1006, reason:
2026-10-01T01:09:12+0000 mm-bot python[6123]: 2026-10-01 01:09:12 ERROR   Auto-reconnect disabled, terminating connection
2026-10-01T01:09:15+0000 mm-bot python[6123]: 2026-10-01 01:09:15 INFO    tournament is 'draft' (starts 2026-10-01T16:00:00.000Z) - 237/237 books ready - checking again in 60 s
2026-10-01T01:09:37+0000 mm-bot python[6123]: 2026-10-01 01:09:37 ERROR   WebSocket connection closed with code: 1006, reason:
2026-10-01T01:09:37+0000 mm-bot python[6123]: 2026-10-01 01:09:37 ERROR   Auto-reconnect disabled, terminating connection
2026-10-01T01:10:02+0000 mm-bot python[6123]: 2026-10-01 01:10:02 ERROR   WebSocket connection closed with code: 1006, reason:
2026-10-01T01:10:02+0000 mm-bot python[6123]: 2026-10-01 01:10:02 ERROR   Auto-reconnect disabled, terminating connection
2026-10-01T01:10:22+0000 mm-bot python[6123]: 2026-10-01 01:10:22 INFO    tournament is 'draft' (starts 2026-10-01T16:00:00.000Z) - 237/237 books ready - checking again in 60 s
2026-10-01T01:10:27+0000 mm-bot python[6123]: 2026-10-01 01:10:27 ERROR   WebSocket connection closed with code: 1006, reason:
2026-10-01T01:10:27+0000 mm-bot python[6123]: 2026-10-01 01:10:27 ERROR   Auto-reconnect disabled, terminating connection
2026-10-01T01:10:52+0000 mm-bot python[6123]: 2026-10-01 01:10:52 ERROR   WebSocket connection closed with code: 1006, reason:
2026-10-01T01:10:52+0000 mm-bot python[6123]: 2026-10-01 01:10:52 ERROR   Auto-reconnect disabled, terminating connection
2026-10-01T01:11:17+0000 mm-bot python[6123]: 2026-10-01 01:11:17 ERROR   WebSocket connection closed with code: 1006, reason:
2026-10-01T01:11:17+0000 mm-bot python[6123]: 2026-10-01 01:11:17 ERROR   Auto-reconnect disabled, terminating connection
2026-10-01T01:11:28+0000 mm-bot python[6123]: 2026-10-01 01:11:28 INFO    tournament is 'draft' (starts 2026-10-01T16:00:00.000Z) - 237/237 books ready - checking again in 60 s
2026-10-01T01:11:42+0000 mm-bot python[6123]: 2026-10-01 01:11:42 ERROR   WebSocket connection closed with code: 1006, reason:
2026-10-01T01:11:42+0000 mm-bot python[6123]: 2026-10-01 01:11:42 ERROR   Auto-reconnect disabled, terminating connection
2026-10-01T01:12:07+0000 mm-bot python[6123]: 2026-10-01 01:12:07 ERROR   WebSocket connection closed with code: 1006, reason:
2026-10-01T01:12:07+0000 mm-bot python[6123]: 2026-10-01 01:12:07 ERROR   Auto-reconnect disabled, terminating connection
2026-10-01T01:12:32+0000 mm-bot python[6123]: 2026-10-01 01:12:32 ERROR   WebSocket connection closed with code: 1006, reason:
2026-10-01T01:12:32+0000 mm-bot python[6123]: 2026-10-01 01:12:32 ERROR   Auto-reconnect disabled, terminating connection
2026-10-01T01:12:35+0000 mm-bot python[6123]: 2026-10-01 01:12:35 INFO    tournament is 'draft' (starts 2026-10-01T16:00:00.000Z) - 237/237 books ready - checking again in 60 s
2026-10-01T01:12:57+0000 mm-bot python[6123]: 2026-10-01 01:12:57 ERROR   WebSocket connection closed with code: 1006, reason:
2026-10-01T01:12:57+0000 mm-bot python[6123]: 2026-10-01 01:12:57 ERROR   Auto-reconnect disabled, terminating connection
2026-10-01T01:13:22+0000 mm-bot python[6123]: 2026-10-01 01:13:22 ERROR   WebSocket connection closed with code: 1006, reason:
2026-10-01T01:13:22+0000 mm-bot python[6123]: 2026-10-01 01:13:22 ERROR   Auto-reconnect disabled, terminating connection
2026-10-01T01:13:42+0000 mm-bot python[6123]: 2026-10-01 01:13:42 INFO    tournament is 'draft' (starts 2026-10-01T16:00:00.000Z) - 237/237 books ready - checking again in 60 s
2026-10-01T01:13:47+0000 mm-bot python[6123]: 2026-10-01 01:13:47 ERROR   WebSocket connection closed with code: 1006, reason:
2026-10-01T01:13:47+0000 mm-bot python[6123]: 2026-10-01 01:13:47 ERROR   Auto-reconnect disabled, terminating connection
2026-10-01T01:14:12+0000 mm-bot python[6123]: 2026-10-01 01:14:12 ERROR   WebSocket connection closed with code: 1006, reason:
2026-10-01T01:14:12+0000 mm-bot python[6123]: 2026-10-01 01:14:12 ERROR   Auto-reconnect disabled, terminating connection
2026-10-01T01:14:37+0000 mm-bot python[6123]: 2026-10-01 01:14:37 ERROR   WebSocket connection closed with code: 1006, reason:
2026-10-01T01:14:37+0000 mm-bot python[6123]: 2026-10-01 01:14:37 ERROR   Auto-reconnect disabled, terminating connection
2026-10-01T01:14:48+0000 mm-bot python[6123]: 2026-10-01 01:14:48 INFO    tournament is 'draft' (starts 2026-10-01T16:00:00.000Z) - 237/237 books ready - checking again in 60 s
2026-10-01T01:15:02+0000 mm-bot python[6123]: 2026-10-01 01:15:02 ERROR   WebSocket connection closed with code: 1006, reason:
2026-10-01T01:15:02+0000 mm-bot python[6123]: 2026-10-01 01:15:02 ERROR   Auto-reconnect disabled, terminating connection
2026-10-01T01:15:27+0000 mm-bot python[6123]: 2026-10-01 01:15:27 ERROR   WebSocket connection closed with code: 1006, reason:
2026-10-01T01:15:27+0000 mm-bot python[6123]: 2026-10-01 01:15:27 ERROR   Auto-reconnect disabled, terminating connection
2026-10-01T01:15:52+0000 mm-bot python[6123]: 2026-10-01 01:15:52 ERROR   WebSocket connection closed with code: 1006, reason:
2026-10-01T01:15:52+0000 mm-bot python[6123]: 2026-10-01 01:15:52 ERROR   Auto-reconnect disabled, terminating connection
2026-10-01T01:15:55+0000 mm-bot python[6123]: 2026-10-01 01:15:55 INFO    tournament is 'draft' (starts 2026-10-01T16:00:00.000Z) - 237/237 books ready - checking again in 60 s
2026-10-01T01:16:17+0000 mm-bot python[6123]: 2026-10-01 01:16:17 ERROR   WebSocket connection closed with code: 1006, reason:
2026-10-01T01:16:17+0000 mm-bot python[6123]: 2026-10-01 01:16:17 ERROR   Auto-reconnect disabled, terminating connection
2026-10-01T01:16:42+0000 mm-bot python[6123]: 2026-10-01 01:16:42 ERROR   WebSocket connection closed with code: 1006, reason:
2026-10-01T01:16:42+0000 mm-bot python[6123]: 2026-10-01 01:16:42 ERROR   Auto-reconnect disabled, terminating connection
2026-10-01T01:17:02+0000 mm-bot python[6123]: 2026-10-01 01:17:02 INFO    tournament is 'draft' (starts 2026-10-01T16:00:00.000Z) - 237/237 books ready - checking again in 60 s
2026-10-01T01:17:07+0000 mm-bot python[6123]: 2026-10-01 01:17:07 ERROR   WebSocket connection closed with code: 1006, reason:
2026-10-01T01:17:07+0000 mm-bot python[6123]: 2026-10-01 01:17:07 ERROR   Auto-reconnect disabled, terminating connection
2026-10-01T01:17:32+0000 mm-bot python[6123]: 2026-10-01 01:17:32 ERROR   WebSocket connection closed with code: 1006, reason:
2026-10-01T01:17:32+0000 mm-bot python[6123]: 2026-10-01 01:17:32 ERROR   Auto-reconnect disabled, terminating connection
2026-10-01T01:17:57+0000 mm-bot python[6123]: 2026-10-01 01:17:57 ERROR   WebSocket connection closed with code: 1006, reason:
2026-10-01T01:17:57+0000 mm-bot python[6123]: 2026-10-01 01:17:57 ERROR   Auto-reconnect disabled, terminating connection
2026-10-01T01:18:08+0000 mm-bot python[6123]: 2026-10-01 01:18:08 INFO    tournament is 'draft' (starts 2026-10-01T16:00:00.000Z) - 237/237 books ready - checking again in 60 s
2026-10-01T01:18:22+0000 mm-bot python[6123]: 2026-10-01 01:18:22 ERROR   WebSocket connection closed with code: 1006, reason:
2026-10-01T01:18:22+0000 mm-bot python[6123]: 2026-10-01 01:18:22 ERROR   Auto-reconnect disabled, terminating connection
2026-10-01T01:18:47+0000 mm-bot python[6123]: 2026-10-01 01:18:47 ERROR   WebSocket connection closed with code: 1006, reason:
2026-10-01T01:18:47+0000 mm-bot python[6123]: 2026-10-01 01:18:47 ERROR   Auto-reconnect disabled, terminating connection
2026-10-01T01:19:12+0000 mm-bot python[6123]: 2026-10-01 01:19:12 ERROR   WebSocket connection closed with code: 1006, reason:
2026-10-01T01:19:12+0000 mm-bot python[6123]: 2026-10-01 01:19:12 ERROR   Auto-reconnect disabled, terminating connection
2026-10-01T01:19:15+0000 mm-bot python[6123]: 2026-10-01 01:19:15 INFO    tournament is 'draft' (starts 2026-10-01T16:00:00.000Z) - 237/237 books ready - checking again in 60 s
2026-10-01T01:19:37+0000 mm-bot python[6123]: 2026-10-01 01:19:37 ERROR   WebSocket connection closed with code: 1006, reason:
2026-10-01T01:19:37+0000 mm-bot python[6123]: 2026-10-01 01:19:37 ERROR   Auto-reconnect disabled, terminating connection
2026-10-01T01:20:02+0000 mm-bot python[6123]: 2026-10-01 01:20:02 ERROR   WebSocket connection closed with code: 1006, reason:
2026-10-01T01:20:02+0000 mm-bot python[6123]: 2026-10-01 01:20:02 ERROR   Auto-reconnect disabled, terminating connection
2026-10-01T01:20:22+0000 mm-bot python[6123]: 2026-10-01 01:20:22 INFO    tournament is 'draft' (starts 2026-10-01T16:00:00.000Z) - 237/237 books ready - checking again in 60 s
2026-10-01T01:20:27+0000 mm-bot python[6123]: 2026-10-01 01:20:27 ERROR   WebSocket connection closed with code: 1006, reason:
2026-10-01T01:20:27+0000 mm-bot python[6123]: 2026-10-01 01:20:27 ERROR   Auto-reconnect disabled, terminating connection
2026-10-01T01:20:52+0000 mm-bot python[6123]: 2026-10-01 01:20:52 ERROR   WebSocket connection closed with code: 1006, reason:
2026-10-01T01:20:52+0000 mm-bot python[6123]: 2026-10-01 01:20:52 ERROR   Auto-reconnect disabled, terminating connection
2026-10-01T01:21:17+0000 mm-bot python[6123]: 2026-10-01 01:21:17 ERROR   WebSocket connection closed with code: 1006, reason:
2026-10-01T01:21:17+0000 mm-bot python[6123]: 2026-10-01 01:21:17 ERROR   Auto-reconnect disabled, terminating connection
2026-10-01T01:21:28+0000 mm-bot python[6123]: 2026-10-01 01:21:28 INFO    tournament is 'draft' (starts 2026-10-01T16:00:00.000Z) - 237/237 books ready - checking again in 60 s
2026-10-01T01:21:42+0000 mm-bot python[6123]: 2026-10-01 01:21:42 ERROR   WebSocket connection closed with code: 1006, reason:
2026-10-01T01:21:42+0000 mm-bot python[6123]: 2026-10-01 01:21:42 ERROR   Auto-reconnect disabled, terminating connection
2026-10-01T01:22:07+0000 mm-bot python[6123]: 2026-10-01 01:22:07 ERROR   WebSocket connection closed with code: 1006, reason:
2026-10-01T01:22:07+0000 mm-bot python[6123]: 2026-10-01 01:22:07 ERROR   Auto-reconnect disabled, terminating connection
2026-10-01T01:22:32+0000 mm-bot python[6123]: 2026-10-01 01:22:32 ERROR   WebSocket connection closed with code: 1006, reason:
2026-10-01T01:22:32+0000 mm-bot python[6123]: 2026-10-01 01:22:32 ERROR   Auto-reconnect disabled, terminating connection
2026-10-01T01:22:35+0000 mm-bot python[6123]: 2026-10-01 01:22:35 INFO    tournament is 'draft' (starts 2026-10-01T16:00:00.000Z) - 237/237 books ready - checking again in 60 s
2026-10-01T01:22:57+0000 mm-bot python[6123]: 2026-10-01 01:22:57 ERROR   WebSocket connection closed with code: 1006, reason:
2026-10-01T01:22:57+0000 mm-bot python[6123]: 2026-10-01 01:22:57 ERROR   Auto-reconnect disabled, terminating connection
2026-10-01T01:23:22+0000 mm-bot python[6123]: 2026-10-01 01:23:22 ERROR   WebSocket connection closed with code: 1006, reason:
2026-10-01T01:23:22+0000 mm-bot python[6123]: 2026-10-01 01:23:22 ERROR   Auto-reconnect disabled, terminating connection
2026-10-01T01:23:41+0000 mm-bot python[6123]: 2026-10-01 01:23:41 INFO    tournament is 'draft' (starts 2026-10-01T16:00:00.000Z) - 237/237 books ready - checking again in 60 s
2026-10-01T01:23:47+0000 mm-bot python[6123]: 2026-10-01 01:23:47 ERROR   WebSocket connection closed with code: 1006, reason:
2026-10-01T01:23:47+0000 mm-bot python[6123]: 2026-10-01 01:23:47 ERROR   Auto-reconnect disabled, terminating connection
2026-10-01T01:24:12+0000 mm-bot python[6123]: 2026-10-01 01:24:12 ERROR   WebSocket connection closed with code: 1006, reason:
2026-10-01T01:24:12+0000 mm-bot python[6123]: 2026-10-01 01:24:12 ERROR   Auto-reconnect disabled, terminating connection
2026-10-01T01:24:37+0000 mm-bot python[6123]: 2026-10-01 01:24:37 ERROR   WebSocket connection closed with code: 1006, reason:
2026-10-01T01:24:37+0000 mm-bot python[6123]: 2026-10-01 01:24:37 ERROR   Auto-reconnect disabled, terminating connection
2026-10-01T01:24:48+0000 mm-bot python[6123]: 2026-10-01 01:24:48 INFO    tournament is 'draft' (starts 2026-10-01T16:00:00.000Z) - 237/237 books ready - checking again in 60 s
2026-10-01T01:25:02+0000 mm-bot python[6123]: 2026-10-01 01:25:02 ERROR   WebSocket connection closed with code: 1006, reason:
2026-10-01T01:25:02+0000 mm-bot python[6123]: 2026-10-01 01:25:02 ERROR   Auto-reconnect disabled, terminating connection
2026-10-01T01:25:27+0000 mm-bot python[6123]: 2026-10-01 01:25:27 ERROR   WebSocket connection closed with code: 1006, reason:
2026-10-01T01:25:27+0000 mm-bot python[6123]: 2026-10-01 01:25:27 ERROR   Auto-reconnect disabled, terminating connection
2026-10-01T01:25:52+0000 mm-bot python[6123]: 2026-10-01 01:25:52 ERROR   WebSocket connection closed with code: 1006, reason:
2026-10-01T01:25:52+0000 mm-bot python[6123]: 2026-10-01 01:25:52 ERROR   Auto-reconnect disabled, terminating connection
2026-10-01T01:25:55+0000 mm-bot python[6123]: 2026-10-01 01:25:55 INFO    tournament is 'draft' (starts 2026-10-01T16:00:00.000Z) - 237/237 books ready - checking again in 60 s
2026-10-01T01:26:17+0000 mm-bot python[6123]: 2026-10-01 01:26:17 ERROR   WebSocket connection closed with code: 1006, reason:
2026-10-01T01:26:17+0000 mm-bot python[6123]: 2026-10-01 01:26:17 ERROR   Auto-reconnect disabled, terminating connection
2026-10-01T01:26:42+0000 mm-bot python[6123]: 2026-10-01 01:26:42 ERROR   WebSocket connection closed with code: 1006, reason:
2026-10-01T01:26:42+0000 mm-bot python[6123]: 2026-10-01 01:26:42 ERROR   Auto-reconnect disabled, terminating connection
2026-10-01T01:27:01+0000 mm-bot python[6123]: 2026-10-01 01:27:01 INFO    tournament is 'draft' (starts 2026-10-01T16:00:00.000Z) - 237/237 books ready - checking again in 60 s
2026-10-01T01:27:07+0000 mm-bot python[6123]: 2026-10-01 01:27:07 ERROR   WebSocket connection closed with code: 1006, reason:
2026-10-01T01:27:07+0000 mm-bot python[6123]: 2026-10-01 01:27:07 ERROR   Auto-reconnect disabled, terminating connection
2026-10-01T01:27:32+0000 mm-bot python[6123]: 2026-10-01 01:27:32 ERROR   WebSocket connection closed with code: 1006, reason:
2026-10-01T01:27:32+0000 mm-bot python[6123]: 2026-10-01 01:27:32 ERROR   Auto-reconnect disabled, terminating connection
2026-10-01T01:27:57+0000 mm-bot python[6123]: 2026-10-01 01:27:57 ERROR   WebSocket connection closed with code: 1006, reason:
2026-10-01T01:27:57+0000 mm-bot python[6123]: 2026-10-01 01:27:57 ERROR   Auto-reconnect disabled, terminating connection
2026-10-01T01:28:08+0000 mm-bot python[6123]: 2026-10-01 01:28:08 INFO    tournament is 'draft' (starts 2026-10-01T16:00:00.000Z) - 237/237 books ready - checking again in 60 s
2026-10-01T01:28:22+0000 mm-bot python[6123]: 2026-10-01 01:28:22 ERROR   WebSocket connection closed with code: 1006, reason:
2026-10-01T01:28:22+0000 mm-bot python[6123]: 2026-10-01 01:28:22 ERROR   Auto-reconnect disabled, terminating connection
2026-10-01T01:28:47+0000 mm-bot python[6123]: 2026-10-01 01:28:47 ERROR   WebSocket connection closed with code: 1006, reason:
2026-10-01T01:28:47+0000 mm-bot python[6123]: 2026-10-01 01:28:47 ERROR   Auto-reconnect disabled, terminating connection
2026-10-01T01:29:12+0000 mm-bot python[6123]: 2026-10-01 01:29:12 ERROR   WebSocket connection closed with code: 1006, reason:
2026-10-01T01:29:12+0000 mm-bot python[6123]: 2026-10-01 01:29:12 ERROR   Auto-reconnect disabled, terminating connection
2026-10-01T01:29:15+0000 mm-bot python[6123]: 2026-10-01 01:29:15 INFO    tournament is 'draft' (starts 2026-10-01T16:00:00.000Z) - 237/237 books ready - checking again in 60 s
2026-10-01T01:29:37+0000 mm-bot python[6123]: 2026-10-01 01:29:37 ERROR   WebSocket connection closed with code: 1006, reason:
2026-10-01T01:29:37+0000 mm-bot python[6123]: 2026-10-01 01:29:37 ERROR   Auto-reconnect disabled, terminating connection
2026-10-01T01:30:02+0000 mm-bot python[6123]: 2026-10-01 01:30:02 ERROR   WebSocket connection closed with code: 1006, reason:
2026-10-01T01:30:02+0000 mm-bot python[6123]: 2026-10-01 01:30:02 ERROR   Auto-reconnect disabled, terminating connection
2026-10-01T01:30:21+0000 mm-bot python[6123]: 2026-10-01 01:30:21 INFO    tournament is 'draft' (starts 2026-10-01T16:00:00.000Z) - 237/237 books ready - checking again in 60 s
2026-10-01T01:30:27+0000 mm-bot python[6123]: 2026-10-01 01:30:27 ERROR   WebSocket connection closed with code: 1006, reason:
2026-10-01T01:30:27+0000 mm-bot python[6123]: 2026-10-01 01:30:27 ERROR   Auto-reconnect disabled, terminating connection
2026-10-01T01:30:52+0000 mm-bot python[6123]: 2026-10-01 01:30:52 ERROR   WebSocket connection closed with code: 1006, reason:
2026-10-01T01:30:52+0000 mm-bot python[6123]: 2026-10-01 01:30:52 ERROR   Auto-reconnect disabled, terminating connection
2026-10-01T01:31:17+0000 mm-bot python[6123]: 2026-10-01 01:31:17 ERROR   WebSocket connection closed with code: 1006, reason:
2026-10-01T01:31:17+0000 mm-bot python[6123]: 2026-10-01 01:31:17 ERROR   Auto-reconnect disabled, terminating connection
2026-10-01T01:31:28+0000 mm-bot python[6123]: 2026-10-01 01:31:28 INFO    tournament is 'draft' (starts 2026-10-01T16:00:00.000Z) - 237/237 books ready - checking again in 60 s
2026-10-01T01:31:42+0000 mm-bot python[6123]: 2026-10-01 01:31:42 ERROR   WebSocket connection closed with code: 1006, reason:
2026-10-01T01:31:42+0000 mm-bot python[6123]: 2026-10-01 01:31:42 ERROR   Auto-reconnect disabled, terminating connection
2026-10-01T01:32:07+0000 mm-bot python[6123]: 2026-10-01 01:32:07 ERROR   WebSocket connection closed with code: 1006, reason:
2026-10-01T01:32:07+0000 mm-bot python[6123]: 2026-10-01 01:32:07 ERROR   Auto-reconnect disabled, terminating connection
2026-10-01T01:32:32+0000 mm-bot python[6123]: 2026-10-01 01:32:32 ERROR   WebSocket connection closed with code: 1006, reason:
2026-10-01T01:32:32+0000 mm-bot python[6123]: 2026-10-01 01:32:32 ERROR   Auto-reconnect disabled, terminating connection
2026-10-01T01:32:34+0000 mm-bot python[6123]: 2026-10-01 01:32:34 INFO    tournament is 'draft' (starts 2026-10-01T16:00:00.000Z) - 237/237 books ready - checking again in 60 s
2026-10-01T01:32:57+0000 mm-bot python[6123]: 2026-10-01 01:32:57 ERROR   WebSocket connection closed with code: 1006, reason:
2026-10-01T01:32:57+0000 mm-bot python[6123]: 2026-10-01 01:32:57 ERROR   Auto-reconnect disabled, terminating connection
2026-10-01T01:33:22+0000 mm-bot python[6123]: 2026-10-01 01:33:22 ERROR   WebSocket connection closed with code: 1006, reason:
2026-10-01T01:33:22+0000 mm-bot python[6123]: 2026-10-01 01:33:22 ERROR   Auto-reconnect disabled, terminating connection
2026-10-01T01:33:41+0000 mm-bot python[6123]: 2026-10-01 01:33:41 INFO    tournament is 'draft' (starts 2026-10-01T16:00:00.000Z) - 237/237 books ready - checking again in 60 s
2026-10-01T01:33:47+0000 mm-bot python[6123]: 2026-10-01 01:33:47 ERROR   WebSocket connection closed with code: 1006, reason:
2026-10-01T01:33:47+0000 mm-bot python[6123]: 2026-10-01 01:33:47 ERROR   Auto-reconnect disabled, terminating connection
2026-10-01T01:34:12+0000 mm-bot python[6123]: 2026-10-01 01:34:12 ERROR   WebSocket connection closed with code: 1006, reason:
2026-10-01T01:34:12+0000 mm-bot python[6123]: 2026-10-01 01:34:12 ERROR   Auto-reconnect disabled, terminating connection
2026-10-01T01:34:37+0000 mm-bot python[6123]: 2026-10-01 01:34:37 ERROR   WebSocket connection closed with code: 1006, reason:
2026-10-01T01:34:37+0000 mm-bot python[6123]: 2026-10-01 01:34:37 ERROR   Auto-reconnect disabled, terminating connection
2026-10-01T01:34:48+0000 mm-bot python[6123]: 2026-10-01 01:34:48 INFO    tournament is 'draft' (starts 2026-10-01T16:00:00.000Z) - 237/237 books ready - checking again in 60 s
2026-10-01T01:35:02+0000 mm-bot python[6123]: 2026-10-01 01:35:02 ERROR   WebSocket connection closed with code: 1006, reason:
2026-10-01T01:35:02+0000 mm-bot python[6123]: 2026-10-01 01:35:02 ERROR   Auto-reconnect disabled, terminating connection
2026-10-01T01:35:27+0000 mm-bot python[6123]: 2026-10-01 01:35:27 ERROR   WebSocket connection closed with code: 1006, reason:
2026-10-01T01:35:27+0000 mm-bot python[6123]: 2026-10-01 01:35:27 ERROR   Auto-reconnect disabled, terminating connection
2026-10-01T01:35:52+0000 mm-bot python[6123]: 2026-10-01 01:35:52 ERROR   WebSocket connection closed with code: 1006, reason:
2026-10-01T01:35:52+0000 mm-bot python[6123]: 2026-10-01 01:35:52 ERROR   Auto-reconnect disabled, terminating connection
2026-10-01T01:35:54+0000 mm-bot python[6123]: 2026-10-01 01:35:54 INFO    tournament is 'draft' (starts 2026-10-01T16:00:00.000Z) - 237/237 books ready - checking again in 60 s
2026-10-01T01:36:17+0000 mm-bot python[6123]: 2026-10-01 01:36:17 ERROR   WebSocket connection closed with code: 1006, reason:
2026-10-01T01:36:17+0000 mm-bot python[6123]: 2026-10-01 01:36:17 ERROR   Auto-reconnect disabled, terminating connection
2026-10-01T01:36:42+0000 mm-bot python[6123]: 2026-10-01 01:36:42 ERROR   WebSocket connection closed with code: 1006, reason:
2026-10-01T01:36:42+0000 mm-bot python[6123]: 2026-10-01 01:36:42 ERROR   Auto-reconnect disabled, terminating connection
2026-10-01T01:37:01+0000 mm-bot python[6123]: 2026-10-01 01:37:01 INFO    tournament is 'draft' (starts 2026-10-01T16:00:00.000Z) - 237/237 books ready - checking again in 60 s
2026-10-01T01:37:07+0000 mm-bot python[6123]: 2026-10-01 01:37:07 ERROR   WebSocket connection closed with code: 1006, reason:
2026-10-01T01:37:07+0000 mm-bot python[6123]: 2026-10-01 01:37:07 ERROR   Auto-reconnect disabled, terminating connection
2026-10-01T01:37:32+0000 mm-bot python[6123]: 2026-10-01 01:37:32 ERROR   WebSocket connection closed with code: 1006, reason:
2026-10-01T01:37:32+0000 mm-bot python[6123]: 2026-10-01 01:37:32 ERROR   Auto-reconnect disabled, terminating connection
2026-10-01T01:37:57+0000 mm-bot python[6123]: 2026-10-01 01:37:57 ERROR   WebSocket connection closed with code: 1006, reason:
2026-10-01T01:37:57+0000 mm-bot python[6123]: 2026-10-01 01:37:57 ERROR   Auto-reconnect disabled, terminating connection
2026-10-01T01:38:07+0000 mm-bot python[6123]: 2026-10-01 01:38:07 INFO    tournament is 'draft' (starts 2026-10-01T16:00:00.000Z) - 237/237 books ready - checking again in 60 s
2026-10-01T01:38:22+0000 mm-bot python[6123]: 2026-10-01 01:38:22 ERROR   WebSocket connection closed with code: 1006, reason:
2026-10-01T01:38:22+0000 mm-bot python[6123]: 2026-10-01 01:38:22 ERROR   Auto-reconnect disabled, terminating connection
2026-10-01T01:38:47+0000 mm-bot python[6123]: 2026-10-01 01:38:47 ERROR   WebSocket connection closed with code: 1006, reason:
2026-10-01T01:38:47+0000 mm-bot python[6123]: 2026-10-01 01:38:47 ERROR   Auto-reconnect disabled, terminating connection
2026-10-01T01:39:12+0000 mm-bot python[6123]: 2026-10-01 01:39:12 ERROR   WebSocket connection closed with code: 1006, reason:
2026-10-01T01:39:12+0000 mm-bot python[6123]: 2026-10-01 01:39:12 ERROR   Auto-reconnect disabled, terminating connection
2026-10-01T01:39:14+0000 mm-bot python[6123]: 2026-10-01 01:39:14 INFO    tournament is 'draft' (starts 2026-10-01T16:00:00.000Z) - 237/237 books ready - checking again in 60 s
2026-10-01T01:39:37+0000 mm-bot python[6123]: 2026-10-01 01:39:37 ERROR   WebSocket connection closed with code: 1006, reason:
2026-10-01T01:39:37+0000 mm-bot python[6123]: 2026-10-01 01:39:37 ERROR   Auto-reconnect disabled, terminating connection
2026-10-01T01:40:02+0000 mm-bot python[6123]: 2026-10-01 01:40:02 ERROR   WebSocket connection closed with code: 1006, reason:
2026-10-01T01:40:02+0000 mm-bot python[6123]: 2026-10-01 01:40:02 ERROR   Auto-reconnect disabled, terminating connection
2026-10-01T01:40:21+0000 mm-bot python[6123]: 2026-10-01 01:40:21 INFO    tournament is 'draft' (starts 2026-10-01T16:00:00.000Z) - 237/237 books ready - checking again in 60 s
2026-10-01T01:40:27+0000 mm-bot python[6123]: 2026-10-01 01:40:27 ERROR   WebSocket connection closed with code: 1006, reason:
2026-10-01T01:40:27+0000 mm-bot python[6123]: 2026-10-01 01:40:27 ERROR   Auto-reconnect disabled, terminating connection
2026-10-01T01:40:52+0000 mm-bot python[6123]: 2026-10-01 01:40:52 ERROR   WebSocket connection closed with code: 1006, reason:
2026-10-01T01:40:52+0000 mm-bot python[6123]: 2026-10-01 01:40:52 ERROR   Auto-reconnect disabled, terminating connection
2026-10-01T01:41:17+0000 mm-bot python[6123]: 2026-10-01 01:41:17 ERROR   WebSocket connection closed with code: 1006, reason:
2026-10-01T01:41:17+0000 mm-bot python[6123]: 2026-10-01 01:41:17 ERROR   Auto-reconnect disabled, terminating connection
2026-10-01T01:41:27+0000 mm-bot python[6123]: 2026-10-01 01:41:27 INFO    tournament is 'draft' (starts 2026-10-01T16:00:00.000Z) - 237/237 books ready - checking again in 60 s
2026-10-01T01:41:42+0000 mm-bot python[6123]: 2026-10-01 01:41:42 ERROR   WebSocket connection closed with code: 1006, reason:
2026-10-01T01:41:42+0000 mm-bot python[6123]: 2026-10-01 01:41:42 ERROR   Auto-reconnect disabled, terminating connection
2026-10-01T01:42:07+0000 mm-bot python[6123]: 2026-10-01 01:42:07 ERROR   WebSocket connection closed with code: 1006, reason:
2026-10-01T01:42:07+0000 mm-bot python[6123]: 2026-10-01 01:42:07 ERROR   Auto-reconnect disabled, terminating connection
2026-10-01T01:42:32+0000 mm-bot python[6123]: 2026-10-01 01:42:32 ERROR   WebSocket connection closed with code: 1006, reason:
2026-10-01T01:42:32+0000 mm-bot python[6123]: 2026-10-01 01:42:32 ERROR   Auto-reconnect disabled, terminating connection
2026-10-01T01:42:34+0000 mm-bot python[6123]: 2026-10-01 01:42:34 INFO    tournament is 'draft' (starts 2026-10-01T16:00:00.000Z) - 237/237 books ready - checking again in 60 s
2026-10-01T01:42:57+0000 mm-bot python[6123]: 2026-10-01 01:42:57 ERROR   WebSocket connection closed with code: 1006, reason:
2026-10-01T01:42:57+0000 mm-bot python[6123]: 2026-10-01 01:42:57 ERROR   Auto-reconnect disabled, terminating connection
2026-10-01T01:43:22+0000 mm-bot python[6123]: 2026-10-01 01:43:22 ERROR   WebSocket connection closed with code: 1006, reason:
2026-10-01T01:43:22+0000 mm-bot python[6123]: 2026-10-01 01:43:22 ERROR   Auto-reconnect disabled, terminating connection
2026-10-01T01:43:41+0000 mm-bot python[6123]: 2026-10-01 01:43:41 INFO    tournament is 'draft' (starts 2026-10-01T16:00:00.000Z) - 237/237 books ready - checking again in 60 s
2026-10-01T01:43:47+0000 mm-bot python[6123]: 2026-10-01 01:43:47 ERROR   WebSocket connection closed with code: 1006, reason:
2026-10-01T01:43:47+0000 mm-bot python[6123]: 2026-10-01 01:43:47 ERROR   Auto-reconnect disabled, terminating connection
2026-10-01T01:44:12+0000 mm-bot python[6123]: 2026-10-01 01:44:12 ERROR   WebSocket connection closed with code: 1006, reason:
2026-10-01T01:44:12+0000 mm-bot python[6123]: 2026-10-01 01:44:12 ERROR   Auto-reconnect disabled, terminating connection
2026-10-01T01:44:37+0000 mm-bot python[6123]: 2026-10-01 01:44:37 ERROR   WebSocket connection closed with code: 1006, reason:
2026-10-01T01:44:37+0000 mm-bot python[6123]: 2026-10-01 01:44:37 ERROR   Auto-reconnect disabled, terminating connection
2026-10-01T01:44:47+0000 mm-bot python[6123]: 2026-10-01 01:44:47 INFO    tournament is 'draft' (starts 2026-10-01T16:00:00.000Z) - 237/237 books ready - checking again in 60 s
2026-10-01T01:45:02+0000 mm-bot python[6123]: 2026-10-01 01:45:02 ERROR   WebSocket connection closed with code: 1006, reason:
2026-10-01T01:45:02+0000 mm-bot python[6123]: 2026-10-01 01:45:02 ERROR   Auto-reconnect disabled, terminating connection
2026-10-01T01:45:27+0000 mm-bot python[6123]: 2026-10-01 01:45:27 ERROR   WebSocket connection closed with code: 1006, reason:
2026-10-01T01:45:27+0000 mm-bot python[6123]: 2026-10-01 01:45:27 ERROR   Auto-reconnect disabled, terminating connection
2026-10-01T01:45:52+0000 mm-bot python[6123]: 2026-10-01 01:45:52 ERROR   WebSocket connection closed with code: 1006, reason:
2026-10-01T01:45:52+0000 mm-bot python[6123]: 2026-10-01 01:45:52 ERROR   Auto-reconnect disabled, terminating connection
2026-10-01T01:45:54+0000 mm-bot python[6123]: 2026-10-01 01:45:54 INFO    tournament is 'draft' (starts 2026-10-01T16:00:00.000Z) - 237/237 books ready - checking again in 60 s
2026-10-01T01:46:17+0000 mm-bot python[6123]: 2026-10-01 01:46:17 ERROR   WebSocket connection closed with code: 1006, reason:
2026-10-01T01:46:17+0000 mm-bot python[6123]: 2026-10-01 01:46:17 ERROR   Auto-reconnect disabled, terminating connection
2026-10-01T01:46:42+0000 mm-bot python[6123]: 2026-10-01 01:46:42 ERROR   WebSocket connection closed with code: 1006, reason:
2026-10-01T01:46:42+0000 mm-bot python[6123]: 2026-10-01 01:46:42 ERROR   Auto-reconnect disabled, terminating connection
2026-10-01T01:47:00+0000 mm-bot python[6123]: 2026-10-01 01:47:00 INFO    tournament is 'draft' (starts 2026-10-01T16:00:00.000Z) - 237/237 books ready - checking again in 60 s
2026-10-01T01:47:07+0000 mm-bot python[6123]: 2026-10-01 01:47:07 ERROR   WebSocket connection closed with code: 1006, reason:
2026-10-01T01:47:07+0000 mm-bot python[6123]: 2026-10-01 01:47:07 ERROR   Auto-reconnect disabled, terminating connection
2026-10-01T01:47:32+0000 mm-bot python[6123]: 2026-10-01 01:47:32 ERROR   WebSocket connection closed with code: 1006, reason:
2026-10-01T01:47:32+0000 mm-bot python[6123]: 2026-10-01 01:47:32 ERROR   Auto-reconnect disabled, terminating connection
2026-10-01T01:47:57+0000 mm-bot python[6123]: 2026-10-01 01:47:57 ERROR   WebSocket connection closed with code: 1006, reason:
2026-10-01T01:47:57+0000 mm-bot python[6123]: 2026-10-01 01:47:57 ERROR   Auto-reconnect disabled, terminating connection
2026-10-01T01:48:07+0000 mm-bot python[6123]: 2026-10-01 01:48:07 INFO    tournament is 'draft' (starts 2026-10-01T16:00:00.000Z) - 237/237 books ready - checking again in 60 s
2026-10-01T01:48:22+0000 mm-bot python[6123]: 2026-10-01 01:48:22 ERROR   WebSocket connection closed with code: 1006, reason:
2026-10-01T01:48:22+0000 mm-bot python[6123]: 2026-10-01 01:48:22 ERROR   Auto-reconnect disabled, terminating connection
2026-10-01T01:48:47+0000 mm-bot python[6123]: 2026-10-01 01:48:47 ERROR   WebSocket connection closed with code: 1006, reason:
2026-10-01T01:48:47+0000 mm-bot python[6123]: 2026-10-01 01:48:47 ERROR   Auto-reconnect disabled, terminating connection
2026-10-01T01:49:12+0000 mm-bot python[6123]: 2026-10-01 01:49:12 ERROR   WebSocket connection closed with code: 1006, reason:
2026-10-01T01:49:12+0000 mm-bot python[6123]: 2026-10-01 01:49:12 ERROR   Auto-reconnect disabled, terminating connection
2026-10-01T01:49:14+0000 mm-bot python[6123]: 2026-10-01 01:49:14 INFO    tournament is 'draft' (starts 2026-10-01T16:00:00.000Z) - 237/237 books ready - checking again in 60 s
2026-10-01T01:49:37+0000 mm-bot python[6123]: 2026-10-01 01:49:37 ERROR   WebSocket connection closed with code: 1006, reason:
2026-10-01T01:49:37+0000 mm-bot python[6123]: 2026-10-01 01:49:37 ERROR   Auto-reconnect disabled, terminating connection
2026-10-01T01:50:02+0000 mm-bot python[6123]: 2026-10-01 01:50:02 ERROR   WebSocket connection closed with code: 1006, reason:
2026-10-01T01:50:02+0000 mm-bot python[6123]: 2026-10-01 01:50:02 ERROR   Auto-reconnect disabled, terminating connection
2026-10-01T01:50:20+0000 mm-bot python[6123]: 2026-10-01 01:50:20 INFO    tournament is 'draft' (starts 2026-10-01T16:00:00.000Z) - 237/237 books ready - checking again in 60 s
2026-10-01T01:50:27+0000 mm-bot python[6123]: 2026-10-01 01:50:27 ERROR   WebSocket connection closed with code: 1006, reason:
2026-10-01T01:50:27+0000 mm-bot python[6123]: 2026-10-01 01:50:27 ERROR   Auto-reconnect disabled, terminating connection
2026-10-01T01:50:52+0000 mm-bot python[6123]: 2026-10-01 01:50:52 ERROR   WebSocket connection closed with code: 1006, reason:
2026-10-01T01:50:52+0000 mm-bot python[6123]: 2026-10-01 01:50:52 ERROR   Auto-reconnect disabled, terminating connection
2026-10-01T01:51:17+0000 mm-bot python[6123]: 2026-10-01 01:51:17 ERROR   WebSocket connection closed with code: 1006, reason:
2026-10-01T01:51:17+0000 mm-bot python[6123]: 2026-10-01 01:51:17 ERROR   Auto-reconnect disabled, terminating connection
2026-10-01T01:51:27+0000 mm-bot python[6123]: 2026-10-01 01:51:27 INFO    tournament is 'draft' (starts 2026-10-01T16:00:00.000Z) - 237/237 books ready - checking again in 60 s
2026-10-01T01:51:42+0000 mm-bot python[6123]: 2026-10-01 01:51:42 ERROR   WebSocket connection closed with code: 1006, reason:
2026-10-01T01:51:42+0000 mm-bot python[6123]: 2026-10-01 01:51:42 ERROR   Auto-reconnect disabled, terminating connection
2026-10-01T01:52:07+0000 mm-bot python[6123]: 2026-10-01 01:52:07 ERROR   WebSocket connection closed with code: 1006, reason:
2026-10-01T01:52:07+0000 mm-bot python[6123]: 2026-10-01 01:52:07 ERROR   Auto-reconnect disabled, terminating connection
2026-10-01T01:52:32+0000 mm-bot python[6123]: 2026-10-01 01:52:32 ERROR   WebSocket connection closed with code: 1006, reason:
2026-10-01T01:52:32+0000 mm-bot python[6123]: 2026-10-01 01:52:32 ERROR   Auto-reconnect disabled, terminating connection
2026-10-01T01:52:33+0000 mm-bot python[6123]: 2026-10-01 01:52:33 INFO    tournament is 'draft' (starts 2026-10-01T16:00:00.000Z) - 237/237 books ready - checking again in 60 s
2026-10-01T01:52:57+0000 mm-bot python[6123]: 2026-10-01 01:52:57 ERROR   WebSocket connection closed with code: 1006, reason:
2026-10-01T01:52:57+0000 mm-bot python[6123]: 2026-10-01 01:52:57 ERROR   Auto-reconnect disabled, terminating connection
2026-10-01T01:53:22+0000 mm-bot python[6123]: 2026-10-01 01:53:22 ERROR   WebSocket connection closed with code: 1006, reason:
2026-10-01T01:53:22+0000 mm-bot python[6123]: 2026-10-01 01:53:22 ERROR   Auto-reconnect disabled, terminating connection
2026-10-01T01:53:40+0000 mm-bot python[6123]: 2026-10-01 01:53:40 INFO    tournament is 'draft' (starts 2026-10-01T16:00:00.000Z) - 237/237 books ready - checking again in 60 s
2026-10-01T01:53:47+0000 mm-bot python[6123]: 2026-10-01 01:53:47 ERROR   WebSocket connection closed with code: 1006, reason:
2026-10-01T01:53:47+0000 mm-bot python[6123]: 2026-10-01 01:53:47 ERROR   Auto-reconnect disabled, terminating connection
2026-10-01T01:54:12+0000 mm-bot python[6123]: 2026-10-01 01:54:12 ERROR   WebSocket connection closed with code: 1006, reason:
2026-10-01T01:54:12+0000 mm-bot python[6123]: 2026-10-01 01:54:12 ERROR   Auto-reconnect disabled, terminating connection
2026-10-01T01:54:37+0000 mm-bot python[6123]: 2026-10-01 01:54:37 ERROR   WebSocket connection closed with code: 1006, reason:
2026-10-01T01:54:37+0000 mm-bot python[6123]: 2026-10-01 01:54:37 ERROR   Auto-reconnect disabled, terminating connection
2026-10-01T01:54:47+0000 mm-bot python[6123]: 2026-10-01 01:54:47 INFO    tournament is 'draft' (starts 2026-10-01T16:00:00.000Z) - 237/237 books ready - checking again in 60 s
2026-10-01T01:55:02+0000 mm-bot python[6123]: 2026-10-01 01:55:02 ERROR   WebSocket connection closed with code: 1006, reason:
2026-10-01T01:55:02+0000 mm-bot python[6123]: 2026-10-01 01:55:02 ERROR   Auto-reconnect disabled, terminating connection
2026-10-01T01:55:27+0000 mm-bot python[6123]: 2026-10-01 01:55:27 ERROR   WebSocket connection closed with code: 1006, reason:
2026-10-01T01:55:27+0000 mm-bot python[6123]: 2026-10-01 01:55:27 ERROR   Auto-reconnect disabled, terminating connection
2026-10-01T01:55:52+0000 mm-bot python[6123]: 2026-10-01 01:55:52 ERROR   WebSocket connection closed with code: 1006, reason:
2026-10-01T01:55:52+0000 mm-bot python[6123]: 2026-10-01 01:55:52 ERROR   Auto-reconnect disabled, terminating connection
2026-10-01T01:55:53+0000 mm-bot python[6123]: 2026-10-01 01:55:53 INFO    tournament is 'draft' (starts 2026-10-01T16:00:00.000Z) - 237/237 books ready - checking again in 60 s
2026-10-01T01:56:17+0000 mm-bot python[6123]: 2026-10-01 01:56:17 ERROR   WebSocket connection closed with code: 1006, reason:
2026-10-01T01:56:17+0000 mm-bot python[6123]: 2026-10-01 01:56:17 ERROR   Auto-reconnect disabled, terminating connection
2026-10-01T01:56:42+0000 mm-bot python[6123]: 2026-10-01 01:56:42 ERROR   WebSocket connection closed with code: 1006, reason:
2026-10-01T01:56:42+0000 mm-bot python[6123]: 2026-10-01 01:56:42 ERROR   Auto-reconnect disabled, terminating connection
2026-10-01T01:57:00+0000 mm-bot python[6123]: 2026-10-01 01:57:00 INFO    tournament is 'draft' (starts 2026-10-01T16:00:00.000Z) - 237/237 books ready - checking again in 60 s
2026-10-01T01:57:07+0000 mm-bot python[6123]: 2026-10-01 01:57:07 ERROR   WebSocket connection closed with code: 1006, reason:
2026-10-01T01:57:07+0000 mm-bot python[6123]: 2026-10-01 01:57:07 ERROR   Auto-reconnect disabled, terminating connection
2026-10-01T01:57:32+0000 mm-bot python[6123]: 2026-10-01 01:57:32 ERROR   WebSocket connection closed with code: 1006, reason:
2026-10-01T01:57:32+0000 mm-bot python[6123]: 2026-10-01 01:57:32 ERROR   Auto-reconnect disabled, terminating connection
2026-10-01T01:57:57+0000 mm-bot python[6123]: 2026-10-01 01:57:57 ERROR   WebSocket connection closed with code: 1006, reason:
2026-10-01T01:57:57+0000 mm-bot python[6123]: 2026-10-01 01:57:57 ERROR   Auto-reconnect disabled, terminating connection
2026-10-01T01:58:07+0000 mm-bot python[6123]: 2026-10-01 01:58:07 INFO    tournament is 'draft' (starts 2026-10-01T16:00:00.000Z) - 237/237 books ready - checking again in 60 s
2026-10-01T01:58:22+0000 mm-bot python[6123]: 2026-10-01 01:58:22 ERROR   WebSocket connection closed with code: 1006, reason:
2026-10-01T01:58:22+0000 mm-bot python[6123]: 2026-10-01 01:58:22 ERROR   Auto-reconnect disabled, terminating connection
2026-10-01T01:58:47+0000 mm-bot python[6123]: 2026-10-01 01:58:47 ERROR   WebSocket connection closed with code: 1006, reason:
2026-10-01T01:58:47+0000 mm-bot python[6123]: 2026-10-01 01:58:47 ERROR   Auto-reconnect disabled, terminating connection
2026-10-01T01:59:12+0000 mm-bot python[6123]: 2026-10-01 01:59:12 ERROR   WebSocket connection closed with code: 1006, reason:
2026-10-01T01:59:12+0000 mm-bot python[6123]: 2026-10-01 01:59:12 ERROR   Auto-reconnect disabled, terminating connection
2026-10-01T01:59:14+0000 mm-bot python[6123]: 2026-10-01 01:59:14 INFO    tournament is 'draft' (starts 2026-10-01T16:00:00.000Z) - 237/237 books ready - checking again in 60 s
2026-10-01T01:59:38+0000 mm-bot python[6123]: 2026-10-01 01:59:37 ERROR   WebSocket connection closed with code: 1006, reason:
2026-10-01T01:59:38+0000 mm-bot python[6123]: 2026-10-01 01:59:38 ERROR   Auto-reconnect disabled, terminating connection
2026-10-01T02:00:03+0000 mm-bot python[6123]: 2026-10-01 02:00:03 ERROR   WebSocket connection closed with code: 1006, reason:
2026-10-01T02:00:03+0000 mm-bot python[6123]: 2026-10-01 02:00:03 ERROR   Auto-reconnect disabled, terminating connection
2026-10-01T02:00:20+0000 mm-bot python[6123]: 2026-10-01 02:00:20 INFO    tournament is 'draft' (starts 2026-10-01T16:00:00.000Z) - 237/237 books ready - checking again in 60 s
2026-10-01T02:00:22+0000 mm-bot python[6123]: 2026-10-01 02:00:22 INFO    mm_bot: +0 (+0.0%)
2026-10-01T02:00:22+0000 mm-bot python[6123]: Status: OK | waiting for the open (01 Oct 16:00 UTC), 237/237 order books ready
2026-10-01T02:00:22+0000 mm-bot python[6123]: Account 100,000 (+0 total)
2026-10-01T02:00:22+0000 mm-bot python[6123]: Rank: not ranked yet | Smart Score: not scored yet
2026-10-01T02:00:22+0000 mm-bot python[6123]: Last 2h: 0 fills, 0 shares, edge +0.00c, markout +0.00c, 0 arbitrages, 0 takes
2026-10-01T02:00:28+0000 mm-bot python[6123]: 2026-10-01 02:00:28 ERROR   WebSocket connection closed with code: 1006, reason:
2026-10-01T02:00:28+0000 mm-bot python[6123]: 2026-10-01 02:00:28 ERROR   Auto-reconnect disabled, terminating connection
2026-10-01T02:00:53+0000 mm-bot python[6123]: 2026-10-01 02:00:53 ERROR   WebSocket connection closed with code: 1006, reason:
2026-10-01T02:00:53+0000 mm-bot python[6123]: 2026-10-01 02:00:53 ERROR   Auto-reconnect disabled, terminating connection
2026-10-01T02:01:18+0000 mm-bot python[6123]: 2026-10-01 02:01:18 ERROR   WebSocket connection closed with code: 1006, reason:
2026-10-01T02:01:18+0000 mm-bot python[6123]: 2026-10-01 02:01:18 ERROR   Auto-reconnect disabled, terminating connection
2026-10-01T02:01:29+0000 mm-bot python[6123]: 2026-10-01 02:01:29 INFO    tournament is 'draft' (starts 2026-10-01T16:00:00.000Z) - 237/237 books ready - checking again in 60 s
2026-10-01T02:01:43+0000 mm-bot python[6123]: 2026-10-01 02:01:43 ERROR   WebSocket connection closed with code: 1006, reason:
2026-10-01T02:01:43+0000 mm-bot python[6123]: 2026-10-01 02:01:43 ERROR   Auto-reconnect disabled, terminating connection
2026-10-01T02:02:08+0000 mm-bot python[6123]: 2026-10-01 02:02:08 ERROR   WebSocket connection closed with code: 1006, reason:
2026-10-01T02:02:08+0000 mm-bot python[6123]: 2026-10-01 02:02:08 ERROR   Auto-reconnect disabled, terminating connection
2026-10-01T02:02:33+0000 mm-bot python[6123]: 2026-10-01 02:02:33 ERROR   WebSocket connection closed with code: 1006, reason:
2026-10-01T02:02:33+0000 mm-bot python[6123]: 2026-10-01 02:02:33 ERROR   Auto-reconnect disabled, terminating connection
2026-10-01T02:02:36+0000 mm-bot python[6123]: 2026-10-01 02:02:36 INFO    tournament is 'draft' (starts 2026-10-01T16:00:00.000Z) - 237/237 books ready - checking again in 60 s
2026-10-01T02:02:58+0000 mm-bot python[6123]: 2026-10-01 02:02:58 ERROR   WebSocket connection closed with code: 1006, reason:
2026-10-01T02:02:58+0000 mm-bot python[6123]: 2026-10-01 02:02:58 ERROR   Auto-reconnect disabled, terminating connection
2026-10-01T02:03:23+0000 mm-bot python[6123]: 2026-10-01 02:03:23 ERROR   WebSocket connection closed with code: 1006, reason:
2026-10-01T02:03:23+0000 mm-bot python[6123]: 2026-10-01 02:03:23 ERROR   Auto-reconnect disabled, terminating connection
2026-10-01T02:03:42+0000 mm-bot python[6123]: 2026-10-01 02:03:42 INFO    tournament is 'draft' (starts 2026-10-01T16:00:00.000Z) - 237/237 books ready - checking again in 60 s
2026-10-01T02:03:48+0000 mm-bot python[6123]: 2026-10-01 02:03:48 ERROR   WebSocket connection closed with code: 1006, reason:
2026-10-01T02:03:48+0000 mm-bot python[6123]: 2026-10-01 02:03:48 ERROR   Auto-reconnect disabled, terminating connection
2026-10-01T02:04:13+0000 mm-bot python[6123]: 2026-10-01 02:04:13 ERROR   WebSocket connection closed with code: 1006, reason:
2026-10-01T02:04:13+0000 mm-bot python[6123]: 2026-10-01 02:04:13 ERROR   Auto-reconnect disabled, terminating connection
2026-10-01T02:04:38+0000 mm-bot python[6123]: 2026-10-01 02:04:38 ERROR   WebSocket connection closed with code: 1006, reason:
2026-10-01T02:04:38+0000 mm-bot python[6123]: 2026-10-01 02:04:38 ERROR   Auto-reconnect disabled, terminating connection
2026-10-01T02:04:49+0000 mm-bot python[6123]: 2026-10-01 02:04:49 INFO    tournament is 'draft' (starts 2026-10-01T16:00:00.000Z) - 237/237 books ready - checking again in 60 s
2026-10-01T02:05:03+0000 mm-bot python[6123]: 2026-10-01 02:05:03 ERROR   WebSocket connection closed with code: 1006, reason:
2026-10-01T02:05:03+0000 mm-bot python[6123]: 2026-10-01 02:05:03 ERROR   Auto-reconnect disabled, terminating connection
2026-10-01T02:05:28+0000 mm-bot python[6123]: 2026-10-01 02:05:28 ERROR   WebSocket connection closed with code: 1006, reason:
2026-10-01T02:05:28+0000 mm-bot python[6123]: 2026-10-01 02:05:28 ERROR   Auto-reconnect disabled, terminating connection
2026-10-01T02:05:53+0000 mm-bot python[6123]: 2026-10-01 02:05:53 ERROR   WebSocket connection closed with code: 1006, reason:
2026-10-01T02:05:53+0000 mm-bot python[6123]: 2026-10-01 02:05:53 ERROR   Auto-reconnect disabled, terminating connection
2026-10-01T02:05:55+0000 mm-bot python[6123]: 2026-10-01 02:05:55 INFO    tournament is 'draft' (starts 2026-10-01T16:00:00.000Z) - 237/237 books ready - checking again in 60 s
2026-10-01T02:06:18+0000 mm-bot python[6123]: 2026-10-01 02:06:18 ERROR   WebSocket connection closed with code: 1006, reason:
2026-10-01T02:06:18+0000 mm-bot python[6123]: 2026-10-01 02:06:18 ERROR   Auto-reconnect disabled, terminating connection
2026-10-01T02:06:43+0000 mm-bot python[6123]: 2026-10-01 02:06:43 ERROR   WebSocket connection closed with code: 1006, reason:
2026-10-01T02:06:43+0000 mm-bot python[6123]: 2026-10-01 02:06:43 ERROR   Auto-reconnect disabled, terminating connection
2026-10-01T02:07:02+0000 mm-bot python[6123]: 2026-10-01 02:07:02 INFO    tournament is 'draft' (starts 2026-10-01T16:00:00.000Z) - 237/237 books ready - checking again in 60 s
2026-10-01T02:07:08+0000 mm-bot python[6123]: 2026-10-01 02:07:08 ERROR   WebSocket connection closed with code: 1006, reason:
2026-10-01T02:07:08+0000 mm-bot python[6123]: 2026-10-01 02:07:08 ERROR   Auto-reconnect disabled, terminating connection
2026-10-01T02:07:33+0000 mm-bot python[6123]: 2026-10-01 02:07:33 ERROR   WebSocket connection closed with code: 1006, reason:
2026-10-01T02:07:33+0000 mm-bot python[6123]: 2026-10-01 02:07:33 ERROR   Auto-reconnect disabled, terminating connection
2026-10-01T02:07:58+0000 mm-bot python[6123]: 2026-10-01 02:07:58 ERROR   WebSocket connection closed with code: 1006, reason:
2026-10-01T02:07:58+0000 mm-bot python[6123]: 2026-10-01 02:07:58 ERROR   Auto-reconnect disabled, terminating connection
2026-10-01T02:08:09+0000 mm-bot python[6123]: 2026-10-01 02:08:09 INFO    tournament is 'draft' (starts 2026-10-01T16:00:00.000Z) - 237/237 books ready - checking again in 60 s
2026-10-01T02:08:23+0000 mm-bot python[6123]: 2026-10-01 02:08:23 ERROR   WebSocket connection closed with code: 1006, reason:
2026-10-01T02:08:23+0000 mm-bot python[6123]: 2026-10-01 02:08:23 ERROR   Auto-reconnect disabled, terminating connection
2026-10-01T02:08:48+0000 mm-bot python[6123]: 2026-10-01 02:08:48 ERROR   WebSocket connection closed with code: 1006, reason:
2026-10-01T02:08:48+0000 mm-bot python[6123]: 2026-10-01 02:08:48 ERROR   Auto-reconnect disabled, terminating connection
2026-10-01T02:09:13+0000 mm-bot python[6123]: 2026-10-01 02:09:13 ERROR   WebSocket connection closed with code: 1006, reason:
2026-10-01T02:09:13+0000 mm-bot python[6123]: 2026-10-01 02:09:13 ERROR   Auto-reconnect disabled, terminating connection
2026-10-01T02:09:15+0000 mm-bot python[6123]: 2026-10-01 02:09:15 INFO    tournament is 'draft' (starts 2026-10-01T16:00:00.000Z) - 237/237 books ready - checking again in 60 s
2026-10-01T02:09:38+0000 mm-bot python[6123]: 2026-10-01 02:09:38 ERROR   WebSocket connection closed with code: 1006, reason:
2026-10-01T02:09:38+0000 mm-bot python[6123]: 2026-10-01 02:09:38 ERROR   Auto-reconnect disabled, terminating connection
2026-10-01T02:10:03+0000 mm-bot python[6123]: 2026-10-01 02:10:03 ERROR   WebSocket connection closed with code: 1006, reason:
2026-10-01T02:10:03+0000 mm-bot python[6123]: 2026-10-01 02:10:03 ERROR   Auto-reconnect disabled, terminating connection
2026-10-01T02:10:22+0000 mm-bot python[6123]: 2026-10-01 02:10:22 INFO    tournament is 'draft' (starts 2026-10-01T16:00:00.000Z) - 237/237 books ready - checking again in 60 s
2026-10-01T02:10:28+0000 mm-bot python[6123]: 2026-10-01 02:10:28 ERROR   WebSocket connection closed with code: 1006, reason:
2026-10-01T02:10:28+0000 mm-bot python[6123]: 2026-10-01 02:10:28 ERROR   Auto-reconnect disabled, terminating connection
2026-10-01T02:10:53+0000 mm-bot python[6123]: 2026-10-01 02:10:53 ERROR   WebSocket connection closed with code: 1006, reason:
2026-10-01T02:10:53+0000 mm-bot python[6123]: 2026-10-01 02:10:53 ERROR   Auto-reconnect disabled, terminating connection
2026-10-01T02:11:18+0000 mm-bot python[6123]: 2026-10-01 02:11:18 ERROR   WebSocket connection closed with code: 1006, reason:
2026-10-01T02:11:18+0000 mm-bot python[6123]: 2026-10-01 02:11:18 ERROR   Auto-reconnect disabled, terminating connection
2026-10-01T02:11:28+0000 mm-bot python[6123]: 2026-10-01 02:11:28 INFO    tournament is 'draft' (starts 2026-10-01T16:00:00.000Z) - 237/237 books ready - checking again in 60 s
2026-10-01T02:11:43+0000 mm-bot python[6123]: 2026-10-01 02:11:43 ERROR   WebSocket connection closed with code: 1006, reason:
2026-10-01T02:11:43+0000 mm-bot python[6123]: 2026-10-01 02:11:43 ERROR   Auto-reconnect disabled, terminating connection
2026-10-01T02:12:08+0000 mm-bot python[6123]: 2026-10-01 02:12:08 ERROR   WebSocket connection closed with code: 1006, reason:
2026-10-01T02:12:08+0000 mm-bot python[6123]: 2026-10-01 02:12:08 ERROR   Auto-reconnect disabled, terminating connection
2026-10-01T02:12:33+0000 mm-bot python[6123]: 2026-10-01 02:12:33 ERROR   WebSocket connection closed with code: 1006, reason:
2026-10-01T02:12:33+0000 mm-bot python[6123]: 2026-10-01 02:12:33 ERROR   Auto-reconnect disabled, terminating connection
2026-10-01T02:12:35+0000 mm-bot python[6123]: 2026-10-01 02:12:35 INFO    tournament is 'draft' (starts 2026-10-01T16:00:00.000Z) - 237/237 books ready - checking again in 60 s
2026-10-01T02:12:58+0000 mm-bot python[6123]: 2026-10-01 02:12:58 ERROR   WebSocket connection closed with code: 1006, reason:
2026-10-01T02:12:58+0000 mm-bot python[6123]: 2026-10-01 02:12:58 ERROR   Auto-reconnect disabled, terminating connection
2026-10-01T02:13:23+0000 mm-bot python[6123]: 2026-10-01 02:13:23 ERROR   WebSocket connection closed with code: 1006, reason:
2026-10-01T02:13:23+0000 mm-bot python[6123]: 2026-10-01 02:13:23 ERROR   Auto-reconnect disabled, terminating connection
2026-10-01T02:13:42+0000 mm-bot python[6123]: 2026-10-01 02:13:42 INFO    tournament is 'draft' (starts 2026-10-01T16:00:00.000Z) - 237/237 books ready - checking again in 60 s
2026-10-01T02:13:48+0000 mm-bot python[6123]: 2026-10-01 02:13:48 ERROR   WebSocket connection closed with code: 1006, reason:
2026-10-01T02:13:48+0000 mm-bot python[6123]: 2026-10-01 02:13:48 ERROR   Auto-reconnect disabled, terminating connection
2026-10-01T02:14:13+0000 mm-bot python[6123]: 2026-10-01 02:14:13 ERROR   WebSocket connection closed with code: 1006, reason:
2026-10-01T02:14:13+0000 mm-bot python[6123]: 2026-10-01 02:14:13 ERROR   Auto-reconnect disabled, terminating connection
2026-10-01T02:14:38+0000 mm-bot python[6123]: 2026-10-01 02:14:38 ERROR   WebSocket connection closed with code: 1006, reason:
2026-10-01T02:14:38+0000 mm-bot python[6123]: 2026-10-01 02:14:38 ERROR   Auto-reconnect disabled, terminating connection
2026-10-01T02:14:48+0000 mm-bot python[6123]: 2026-10-01 02:14:48 INFO    tournament is 'draft' (starts 2026-10-01T16:00:00.000Z) - 237/237 books ready - checking again in 60 s
2026-10-01T02:15:03+0000 mm-bot python[6123]: 2026-10-01 02:15:03 ERROR   WebSocket connection closed with code: 1006, reason:
2026-10-01T02:15:03+0000 mm-bot python[6123]: 2026-10-01 02:15:03 ERROR   Auto-reconnect disabled, terminating connection
2026-10-01T02:15:28+0000 mm-bot python[6123]: 2026-10-01 02:15:28 ERROR   WebSocket connection closed with code: 1006, reason:
2026-10-01T02:15:28+0000 mm-bot python[6123]: 2026-10-01 02:15:28 ERROR   Auto-reconnect disabled, terminating connection
2026-10-01T02:15:53+0000 mm-bot python[6123]: 2026-10-01 02:15:53 ERROR   WebSocket connection closed with code: 1006, reason:
2026-10-01T02:15:53+0000 mm-bot python[6123]: 2026-10-01 02:15:53 ERROR   Auto-reconnect disabled, terminating connection
2026-10-01T02:15:55+0000 mm-bot python[6123]: 2026-10-01 02:15:55 INFO    tournament is 'draft' (starts 2026-10-01T16:00:00.000Z) - 237/237 books ready - checking again in 60 s
2026-10-01T02:16:18+0000 mm-bot python[6123]: 2026-10-01 02:16:18 ERROR   WebSocket connection closed with code: 1006, reason:
2026-10-01T02:16:18+0000 mm-bot python[6123]: 2026-10-01 02:16:18 ERROR   Auto-reconnect disabled, terminating connection
2026-10-01T02:16:43+0000 mm-bot python[6123]: 2026-10-01 02:16:43 ERROR   WebSocket connection closed with code: 1006, reason:
2026-10-01T02:16:43+0000 mm-bot python[6123]: 2026-10-01 02:16:43 ERROR   Auto-reconnect disabled, terminating connection
2026-10-01T02:17:01+0000 mm-bot python[6123]: 2026-10-01 02:17:01 INFO    tournament is 'draft' (starts 2026-10-01T16:00:00.000Z) - 237/237 books ready - checking again in 60 s
2026-10-01T02:17:08+0000 mm-bot python[6123]: 2026-10-01 02:17:08 ERROR   WebSocket connection closed with code: 1006, reason:
2026-10-01T02:17:08+0000 mm-bot python[6123]: 2026-10-01 02:17:08 ERROR   Auto-reconnect disabled, terminating connection
2026-10-01T02:17:33+0000 mm-bot python[6123]: 2026-10-01 02:17:33 ERROR   WebSocket connection closed with code: 1006, reason:
2026-10-01T02:17:33+0000 mm-bot python[6123]: 2026-10-01 02:17:33 ERROR   Auto-reconnect disabled, terminating connection
2026-10-01T02:17:58+0000 mm-bot python[6123]: 2026-10-01 02:17:58 ERROR   WebSocket connection closed with code: 1006, reason:
2026-10-01T02:17:58+0000 mm-bot python[6123]: 2026-10-01 02:17:58 ERROR   Auto-reconnect disabled, terminating connection
2026-10-01T02:18:08+0000 mm-bot python[6123]: 2026-10-01 02:18:08 INFO    tournament is 'draft' (starts 2026-10-01T16:00:00.000Z) - 237/237 books ready - checking again in 60 s
2026-10-01T02:18:23+0000 mm-bot python[6123]: 2026-10-01 02:18:23 ERROR   WebSocket connection closed with code: 1006, reason:
2026-10-01T02:18:23+0000 mm-bot python[6123]: 2026-10-01 02:18:23 ERROR   Auto-reconnect disabled, terminating connection
2026-10-01T02:18:48+0000 mm-bot python[6123]: 2026-10-01 02:18:48 ERROR   WebSocket connection closed with code: 1006, reason:
2026-10-01T02:18:48+0000 mm-bot python[6123]: 2026-10-01 02:18:48 ERROR   Auto-reconnect disabled, terminating connection
2026-10-01T02:19:13+0000 mm-bot python[6123]: 2026-10-01 02:19:13 ERROR   WebSocket connection closed with code: 1006, reason:
2026-10-01T02:19:13+0000 mm-bot python[6123]: 2026-10-01 02:19:13 ERROR   Auto-reconnect disabled, terminating connection
2026-10-01T02:19:15+0000 mm-bot python[6123]: 2026-10-01 02:19:15 INFO    tournament is 'draft' (starts 2026-10-01T16:00:00.000Z) - 237/237 books ready - checking again in 60 s
2026-10-01T02:19:38+0000 mm-bot python[6123]: 2026-10-01 02:19:38 ERROR   WebSocket connection closed with code: 1006, reason:
2026-10-01T02:19:38+0000 mm-bot python[6123]: 2026-10-01 02:19:38 ERROR   Auto-reconnect disabled, terminating connection
2026-10-01T02:20:03+0000 mm-bot python[6123]: 2026-10-01 02:20:03 ERROR   WebSocket connection closed with code: 1006, reason:
2026-10-01T02:20:03+0000 mm-bot python[6123]: 2026-10-01 02:20:03 ERROR   Auto-reconnect disabled, terminating connection
2026-10-01T02:20:21+0000 mm-bot python[6123]: 2026-10-01 02:20:21 INFO    tournament is 'draft' (starts 2026-10-01T16:00:00.000Z) - 237/237 books ready - checking again in 60 s
2026-10-01T02:20:28+0000 mm-bot python[6123]: 2026-10-01 02:20:28 ERROR   WebSocket connection closed with code: 1006, reason:
2026-10-01T02:20:28+0000 mm-bot python[6123]: 2026-10-01 02:20:28 ERROR   Auto-reconnect disabled, terminating connection
2026-10-01T02:20:53+0000 mm-bot python[6123]: 2026-10-01 02:20:53 ERROR   WebSocket connection closed with code: 1006, reason:
2026-10-01T02:20:53+0000 mm-bot python[6123]: 2026-10-01 02:20:53 ERROR   Auto-reconnect disabled, terminating connection
2026-10-01T02:21:18+0000 mm-bot python[6123]: 2026-10-01 02:21:18 ERROR   WebSocket connection closed with code: 1006, reason:
2026-10-01T02:21:18+0000 mm-bot python[6123]: 2026-10-01 02:21:18 ERROR   Auto-reconnect disabled, terminating connection
2026-10-01T02:21:28+0000 mm-bot python[6123]: 2026-10-01 02:21:28 INFO    tournament is 'draft' (starts 2026-10-01T16:00:00.000Z) - 237/237 books ready - checking again in 60 s
2026-10-01T02:21:43+0000 mm-bot python[6123]: 2026-10-01 02:21:43 ERROR   WebSocket connection closed with code: 1006, reason:
2026-10-01T02:21:43+0000 mm-bot python[6123]: 2026-10-01 02:21:43 ERROR   Auto-reconnect disabled, terminating connection
2026-10-01T02:22:08+0000 mm-bot python[6123]: 2026-10-01 02:22:08 ERROR   WebSocket connection closed with code: 1006, reason:
2026-10-01T02:22:08+0000 mm-bot python[6123]: 2026-10-01 02:22:08 ERROR   Auto-reconnect disabled, terminating connection
2026-10-01T02:22:33+0000 mm-bot python[6123]: 2026-10-01 02:22:33 ERROR   WebSocket connection closed with code: 1006, reason:
2026-10-01T02:22:33+0000 mm-bot python[6123]: 2026-10-01 02:22:33 ERROR   Auto-reconnect disabled, terminating connection
2026-10-01T02:22:34+0000 mm-bot python[6123]: 2026-10-01 02:22:34 INFO    tournament is 'draft' (starts 2026-10-01T16:00:00.000Z) - 237/237 books ready - checking again in 60 s
2026-10-01T02:22:58+0000 mm-bot python[6123]: 2026-10-01 02:22:58 ERROR   WebSocket connection closed with code: 1006, reason:
2026-10-01T02:22:58+0000 mm-bot python[6123]: 2026-10-01 02:22:58 ERROR   Auto-reconnect disabled, terminating connection
2026-10-01T02:23:23+0000 mm-bot python[6123]: 2026-10-01 02:23:23 ERROR   WebSocket connection closed with code: 1006, reason:
2026-10-01T02:23:23+0000 mm-bot python[6123]: 2026-10-01 02:23:23 ERROR   Auto-reconnect disabled, terminating connection
2026-10-01T02:23:41+0000 mm-bot python[6123]: 2026-10-01 02:23:41 INFO    tournament is 'draft' (starts 2026-10-01T16:00:00.000Z) - 237/237 books ready - checking again in 60 s
2026-10-01T02:23:48+0000 mm-bot python[6123]: 2026-10-01 02:23:48 ERROR   WebSocket connection closed with code: 1006, reason:
2026-10-01T02:23:48+0000 mm-bot python[6123]: 2026-10-01 02:23:48 ERROR   Auto-reconnect disabled, terminating connection
2026-10-01T02:24:13+0000 mm-bot python[6123]: 2026-10-01 02:24:13 ERROR   WebSocket connection closed with code: 1006, reason:
2026-10-01T02:24:13+0000 mm-bot python[6123]: 2026-10-01 02:24:13 ERROR   Auto-reconnect disabled, terminating connection
2026-10-01T02:24:38+0000 mm-bot python[6123]: 2026-10-01 02:24:38 ERROR   WebSocket connection closed with code: 1006, reason:
2026-10-01T02:24:38+0000 mm-bot python[6123]: 2026-10-01 02:24:38 ERROR   Auto-reconnect disabled, terminating connection
2026-10-01T02:24:48+0000 mm-bot python[6123]: 2026-10-01 02:24:48 INFO    tournament is 'draft' (starts 2026-10-01T16:00:00.000Z) - 237/237 books ready - checking again in 60 s
2026-10-01T02:25:03+0000 mm-bot python[6123]: 2026-10-01 02:25:03 ERROR   WebSocket connection closed with code: 1006, reason:
2026-10-01T02:25:03+0000 mm-bot python[6123]: 2026-10-01 02:25:03 ERROR   Auto-reconnect disabled, terminating connection
2026-10-01T02:25:28+0000 mm-bot python[6123]: 2026-10-01 02:25:28 ERROR   WebSocket connection closed with code: 1006, reason:
2026-10-01T02:25:28+0000 mm-bot python[6123]: 2026-10-01 02:25:28 ERROR   Auto-reconnect disabled, terminating connection
2026-10-01T02:25:53+0000 mm-bot python[6123]: 2026-10-01 02:25:53 ERROR   WebSocket connection closed with code: 1006, reason:
2026-10-01T02:25:53+0000 mm-bot python[6123]: 2026-10-01 02:25:53 ERROR   Auto-reconnect disabled, terminating connection
2026-10-01T02:25:54+0000 mm-bot python[6123]: 2026-10-01 02:25:54 INFO    tournament is 'draft' (starts 2026-10-01T16:00:00.000Z) - 237/237 books ready - checking again in 60 s
2026-10-01T02:26:18+0000 mm-bot python[6123]: 2026-10-01 02:26:18 ERROR   WebSocket connection closed with code: 1006, reason:
2026-10-01T02:26:18+0000 mm-bot python[6123]: 2026-10-01 02:26:18 ERROR   Auto-reconnect disabled, terminating connection
2026-10-01T02:26:43+0000 mm-bot python[6123]: 2026-10-01 02:26:43 ERROR   WebSocket connection closed with code: 1006, reason:
2026-10-01T02:26:43+0000 mm-bot python[6123]: 2026-10-01 02:26:43 ERROR   Auto-reconnect disabled, terminating connection
2026-10-01T02:27:01+0000 mm-bot python[6123]: 2026-10-01 02:27:01 INFO    tournament is 'draft' (starts 2026-10-01T16:00:00.000Z) - 237/237 books ready - checking again in 60 s
2026-10-01T02:27:08+0000 mm-bot python[6123]: 2026-10-01 02:27:08 ERROR   WebSocket connection closed with code: 1006, reason:
2026-10-01T02:27:08+0000 mm-bot python[6123]: 2026-10-01 02:27:08 ERROR   Auto-reconnect disabled, terminating connection
2026-10-01T02:27:33+0000 mm-bot python[6123]: 2026-10-01 02:27:33 ERROR   WebSocket connection closed with code: 1006, reason:
2026-10-01T02:27:33+0000 mm-bot python[6123]: 2026-10-01 02:27:33 ERROR   Auto-reconnect disabled, terminating connection
2026-10-01T02:27:58+0000 mm-bot python[6123]: 2026-10-01 02:27:58 ERROR   WebSocket connection closed with code: 1006, reason:
2026-10-01T02:27:58+0000 mm-bot python[6123]: 2026-10-01 02:27:58 ERROR   Auto-reconnect disabled, terminating connection
2026-10-01T02:28:08+0000 mm-bot python[6123]: 2026-10-01 02:28:08 INFO    tournament is 'draft' (starts 2026-10-01T16:00:00.000Z) - 237/237 books ready - checking again in 60 s
2026-10-01T02:28:23+0000 mm-bot python[6123]: 2026-10-01 02:28:23 ERROR   WebSocket connection closed with code: 1006, reason:
2026-10-01T02:28:23+0000 mm-bot python[6123]: 2026-10-01 02:28:23 ERROR   Auto-reconnect disabled, terminating connection
2026-10-01T02:28:48+0000 mm-bot python[6123]: 2026-10-01 02:28:48 ERROR   WebSocket connection closed with code: 1006, reason:
2026-10-01T02:28:48+0000 mm-bot python[6123]: 2026-10-01 02:28:48 ERROR   Auto-reconnect disabled, terminating connection
2026-10-01T02:29:13+0000 mm-bot python[6123]: 2026-10-01 02:29:13 ERROR   WebSocket connection closed with code: 1006, reason:
2026-10-01T02:29:13+0000 mm-bot python[6123]: 2026-10-01 02:29:13 ERROR   Auto-reconnect disabled, terminating connection
2026-10-01T02:29:14+0000 mm-bot python[6123]: 2026-10-01 02:29:14 INFO    tournament is 'draft' (starts 2026-10-01T16:00:00.000Z) - 237/237 books ready - checking again in 60 s
2026-10-01T02:29:38+0000 mm-bot python[6123]: 2026-10-01 02:29:38 ERROR   WebSocket connection closed with code: 1006, reason:
2026-10-01T02:29:38+0000 mm-bot python[6123]: 2026-10-01 02:29:38 ERROR   Auto-reconnect disabled, terminating connection
2026-10-01T02:30:03+0000 mm-bot python[6123]: 2026-10-01 02:30:03 ERROR   WebSocket connection closed with code: 1006, reason:
2026-10-01T02:30:03+0000 mm-bot python[6123]: 2026-10-01 02:30:03 ERROR   Auto-reconnect disabled, terminating connection
2026-10-01T02:30:21+0000 mm-bot python[6123]: 2026-10-01 02:30:21 INFO    tournament is 'draft' (starts 2026-10-01T16:00:00.000Z) - 237/237 books ready - checking again in 60 s
2026-10-01T02:30:28+0000 mm-bot python[6123]: 2026-10-01 02:30:28 ERROR   WebSocket connection closed with code: 1006, reason:
2026-10-01T02:30:28+0000 mm-bot python[6123]: 2026-10-01 02:30:28 ERROR   Auto-reconnect disabled, terminating connection
2026-10-01T02:30:53+0000 mm-bot python[6123]: 2026-10-01 02:30:53 ERROR   WebSocket connection closed with code: 1006, reason:
2026-10-01T02:30:53+0000 mm-bot python[6123]: 2026-10-01 02:30:53 ERROR   Auto-reconnect disabled, terminating connection
2026-10-01T02:31:18+0000 mm-bot python[6123]: 2026-10-01 02:31:18 ERROR   WebSocket connection closed with code: 1006, reason:
2026-10-01T02:31:18+0000 mm-bot python[6123]: 2026-10-01 02:31:18 ERROR   Auto-reconnect disabled, terminating connection
2026-10-01T02:31:27+0000 mm-bot python[6123]: 2026-10-01 02:31:27 INFO    tournament is 'draft' (starts 2026-10-01T16:00:00.000Z) - 237/237 books ready - checking again in 60 s
2026-10-01T02:31:43+0000 mm-bot python[6123]: 2026-10-01 02:31:43 ERROR   WebSocket connection closed with code: 1006, reason:
2026-10-01T02:31:43+0000 mm-bot python[6123]: 2026-10-01 02:31:43 ERROR   Auto-reconnect disabled, terminating connection
2026-10-01T02:32:08+0000 mm-bot python[6123]: 2026-10-01 02:32:08 ERROR   WebSocket connection closed with code: 1006, reason:
2026-10-01T02:32:08+0000 mm-bot python[6123]: 2026-10-01 02:32:08 ERROR   Auto-reconnect disabled, terminating connection
2026-10-01T02:32:33+0000 mm-bot python[6123]: 2026-10-01 02:32:33 ERROR   WebSocket connection closed with code: 1006, reason:
2026-10-01T02:32:33+0000 mm-bot python[6123]: 2026-10-01 02:32:33 ERROR   Auto-reconnect disabled, terminating connection
2026-10-01T02:32:34+0000 mm-bot python[6123]: 2026-10-01 02:32:34 INFO    tournament is 'draft' (starts 2026-10-01T16:00:00.000Z) - 237/237 books ready - checking again in 60 s
2026-10-01T02:32:58+0000 mm-bot python[6123]: 2026-10-01 02:32:58 ERROR   WebSocket connection closed with code: 1006, reason:
2026-10-01T02:32:58+0000 mm-bot python[6123]: 2026-10-01 02:32:58 ERROR   Auto-reconnect disabled, terminating connection
2026-10-01T02:33:23+0000 mm-bot python[6123]: 2026-10-01 02:33:23 ERROR   WebSocket connection closed with code: 1006, reason:
2026-10-01T02:33:23+0000 mm-bot python[6123]: 2026-10-01 02:33:23 ERROR   Auto-reconnect disabled, terminating connection
2026-10-01T02:33:41+0000 mm-bot python[6123]: 2026-10-01 02:33:41 INFO    tournament is 'draft' (starts 2026-10-01T16:00:00.000Z) - 237/237 books ready - checking again in 60 s
2026-10-01T02:33:48+0000 mm-bot python[6123]: 2026-10-01 02:33:48 ERROR   WebSocket connection closed with code: 1006, reason:
2026-10-01T02:33:48+0000 mm-bot python[6123]: 2026-10-01 02:33:48 ERROR   Auto-reconnect disabled, terminating connection
2026-10-01T02:34:13+0000 mm-bot python[6123]: 2026-10-01 02:34:13 ERROR   WebSocket connection closed with code: 1006, reason:
2026-10-01T02:34:13+0000 mm-bot python[6123]: 2026-10-01 02:34:13 ERROR   Auto-reconnect disabled, terminating connection
2026-10-01T02:34:38+0000 mm-bot python[6123]: 2026-10-01 02:34:38 ERROR   WebSocket connection closed with code: 1006, reason:
2026-10-01T02:34:38+0000 mm-bot python[6123]: 2026-10-01 02:34:38 ERROR   Auto-reconnect disabled, terminating connection
2026-10-01T02:34:47+0000 mm-bot python[6123]: 2026-10-01 02:34:47 INFO    tournament is 'draft' (starts 2026-10-01T16:00:00.000Z) - 237/237 books ready - checking again in 60 s
2026-10-01T02:35:03+0000 mm-bot python[6123]: 2026-10-01 02:35:03 ERROR   WebSocket connection closed with code: 1006, reason:
2026-10-01T02:35:03+0000 mm-bot python[6123]: 2026-10-01 02:35:03 ERROR   Auto-reconnect disabled, terminating connection
2026-10-01T02:35:28+0000 mm-bot python[6123]: 2026-10-01 02:35:28 ERROR   WebSocket connection closed with code: 1006, reason:
2026-10-01T02:35:28+0000 mm-bot python[6123]: 2026-10-01 02:35:28 ERROR   Auto-reconnect disabled, terminating connection
2026-10-01T02:35:53+0000 mm-bot python[6123]: 2026-10-01 02:35:53 ERROR   WebSocket connection closed with code: 1006, reason:
2026-10-01T02:35:53+0000 mm-bot python[6123]: 2026-10-01 02:35:53 ERROR   Auto-reconnect disabled, terminating connection
2026-10-01T02:35:54+0000 mm-bot python[6123]: 2026-10-01 02:35:54 INFO    tournament is 'draft' (starts 2026-10-01T16:00:00.000Z) - 237/237 books ready - checking again in 60 s
2026-10-01T02:36:18+0000 mm-bot python[6123]: 2026-10-01 02:36:18 ERROR   WebSocket connection closed with code: 1006, reason:
2026-10-01T02:36:18+0000 mm-bot python[6123]: 2026-10-01 02:36:18 ERROR   Auto-reconnect disabled, terminating connection
2026-10-01T02:36:43+0000 mm-bot python[6123]: 2026-10-01 02:36:43 ERROR   WebSocket connection closed with code: 1006, reason:
2026-10-01T02:36:43+0000 mm-bot python[6123]: 2026-10-01 02:36:43 ERROR   Auto-reconnect disabled, terminating connection
2026-10-01T02:37:00+0000 mm-bot python[6123]: 2026-10-01 02:37:00 INFO    tournament is 'draft' (starts 2026-10-01T16:00:00.000Z) - 237/237 books ready - checking again in 60 s
2026-10-01T02:37:08+0000 mm-bot python[6123]: 2026-10-01 02:37:08 ERROR   WebSocket connection closed with code: 1006, reason:
2026-10-01T02:37:08+0000 mm-bot python[6123]: 2026-10-01 02:37:08 ERROR   Auto-reconnect disabled, terminating connection
2026-10-01T02:37:33+0000 mm-bot python[6123]: 2026-10-01 02:37:33 ERROR   WebSocket connection closed with code: 1006, reason:
2026-10-01T02:37:33+0000 mm-bot python[6123]: 2026-10-01 02:37:33 ERROR   Auto-reconnect disabled, terminating connection
2026-10-01T02:37:58+0000 mm-bot python[6123]: 2026-10-01 02:37:58 ERROR   WebSocket connection closed with code: 1006, reason:
2026-10-01T02:37:58+0000 mm-bot python[6123]: 2026-10-01 02:37:58 ERROR   Auto-reconnect disabled, terminating connection
2026-10-01T02:38:07+0000 mm-bot python[6123]: 2026-10-01 02:38:07 INFO    tournament is 'draft' (starts 2026-10-01T16:00:00.000Z) - 237/237 books ready - checking again in 60 s
2026-10-01T02:38:23+0000 mm-bot python[6123]: 2026-10-01 02:38:23 ERROR   WebSocket connection closed with code: 1006, reason:
2026-10-01T02:38:23+0000 mm-bot python[6123]: 2026-10-01 02:38:23 ERROR   Auto-reconnect disabled, terminating connection
2026-10-01T02:38:48+0000 mm-bot python[6123]: 2026-10-01 02:38:48 ERROR   WebSocket connection closed with code: 1006, reason:
2026-10-01T02:38:48+0000 mm-bot python[6123]: 2026-10-01 02:38:48 ERROR   Auto-reconnect disabled, terminating connection
2026-10-01T02:39:13+0000 mm-bot python[6123]: 2026-10-01 02:39:13 ERROR   WebSocket connection closed with code: 1006, reason:
2026-10-01T02:39:13+0000 mm-bot python[6123]: 2026-10-01 02:39:13 ERROR   Auto-reconnect disabled, terminating connection
2026-10-01T02:39:14+0000 mm-bot python[6123]: 2026-10-01 02:39:14 INFO    tournament is 'draft' (starts 2026-10-01T16:00:00.000Z) - 237/237 books ready - checking again in 60 s
2026-10-01T02:39:38+0000 mm-bot python[6123]: 2026-10-01 02:39:38 ERROR   WebSocket connection closed with code: 1006, reason:
2026-10-01T02:39:38+0000 mm-bot python[6123]: 2026-10-01 02:39:38 ERROR   Auto-reconnect disabled, terminating connection
2026-10-01T02:40:03+0000 mm-bot python[6123]: 2026-10-01 02:40:03 ERROR   WebSocket connection closed with code: 1006, reason:
2026-10-01T02:40:03+0000 mm-bot python[6123]: 2026-10-01 02:40:03 ERROR   Auto-reconnect disabled, terminating connection
2026-10-01T02:40:20+0000 mm-bot python[6123]: 2026-10-01 02:40:20 INFO    tournament is 'draft' (starts 2026-10-01T16:00:00.000Z) - 237/237 books ready - checking again in 60 s
2026-10-01T02:40:28+0000 mm-bot python[6123]: 2026-10-01 02:40:28 ERROR   WebSocket connection closed with code: 1006, reason:
2026-10-01T02:40:28+0000 mm-bot python[6123]: 2026-10-01 02:40:28 ERROR   Auto-reconnect disabled, terminating connection
2026-10-01T02:40:53+0000 mm-bot python[6123]: 2026-10-01 02:40:53 ERROR   WebSocket connection closed with code: 1006, reason:
2026-10-01T02:40:53+0000 mm-bot python[6123]: 2026-10-01 02:40:53 ERROR   Auto-reconnect disabled, terminating connection
2026-10-01T02:41:18+0000 mm-bot python[6123]: 2026-10-01 02:41:18 ERROR   WebSocket connection closed with code: 1006, reason:
2026-10-01T02:41:18+0000 mm-bot python[6123]: 2026-10-01 02:41:18 ERROR   Auto-reconnect disabled, terminating connection
2026-10-01T02:41:27+0000 mm-bot python[6123]: 2026-10-01 02:41:27 INFO    tournament is 'draft' (starts 2026-10-01T16:00:00.000Z) - 237/237 books ready - checking again in 60 s
2026-10-01T02:41:43+0000 mm-bot python[6123]: 2026-10-01 02:41:43 ERROR   WebSocket connection closed with code: 1006, reason:
2026-10-01T02:41:43+0000 mm-bot python[6123]: 2026-10-01 02:41:43 ERROR   Auto-reconnect disabled, terminating connection
2026-10-01T02:42:08+0000 mm-bot python[6123]: 2026-10-01 02:42:08 ERROR   WebSocket connection closed with code: 1006, reason:
2026-10-01T02:42:08+0000 mm-bot python[6123]: 2026-10-01 02:42:08 ERROR   Auto-reconnect disabled, terminating connection
2026-10-01T02:42:33+0000 mm-bot python[6123]: 2026-10-01 02:42:33 ERROR   WebSocket connection closed with code: 1006, reason:
2026-10-01T02:42:33+0000 mm-bot python[6123]: 2026-10-01 02:42:33 ERROR   Auto-reconnect disabled, terminating connection
2026-10-01T02:42:33+0000 mm-bot python[6123]: 2026-10-01 02:42:33 INFO    tournament is 'draft' (starts 2026-10-01T16:00:00.000Z) - 237/237 books ready - checking again in 60 s
2026-10-01T02:42:58+0000 mm-bot python[6123]: 2026-10-01 02:42:58 ERROR   WebSocket connection closed with code: 1006, reason:
2026-10-01T02:42:58+0000 mm-bot python[6123]: 2026-10-01 02:42:58 ERROR   Auto-reconnect disabled, terminating connection
2026-10-01T02:43:23+0000 mm-bot python[6123]: 2026-10-01 02:43:23 ERROR   WebSocket connection closed with code: 1006, reason:
2026-10-01T02:43:23+0000 mm-bot python[6123]: 2026-10-01 02:43:23 ERROR   Auto-reconnect disabled, terminating connection
2026-10-01T02:43:40+0000 mm-bot python[6123]: 2026-10-01 02:43:40 INFO    tournament is 'draft' (starts 2026-10-01T16:00:00.000Z) - 237/237 books ready - checking again in 60 s
2026-10-01T02:43:48+0000 mm-bot python[6123]: 2026-10-01 02:43:48 ERROR   WebSocket connection closed with code: 1006, reason:
2026-10-01T02:43:48+0000 mm-bot python[6123]: 2026-10-01 02:43:48 ERROR   Auto-reconnect disabled, terminating connection
2026-10-01T02:44:13+0000 mm-bot python[6123]: 2026-10-01 02:44:13 ERROR   WebSocket connection closed with code: 1006, reason:
2026-10-01T02:44:13+0000 mm-bot python[6123]: 2026-10-01 02:44:13 ERROR   Auto-reconnect disabled, terminating connection
2026-10-01T02:44:38+0000 mm-bot python[6123]: 2026-10-01 02:44:38 ERROR   WebSocket connection closed with code: 1006, reason:
2026-10-01T02:44:38+0000 mm-bot python[6123]: 2026-10-01 02:44:38 ERROR   Auto-reconnect disabled, terminating connection
2026-10-01T02:44:47+0000 mm-bot python[6123]: 2026-10-01 02:44:47 INFO    tournament is 'draft' (starts 2026-10-01T16:00:00.000Z) - 237/237 books ready - checking again in 60 s
2026-10-01T02:45:03+0000 mm-bot python[6123]: 2026-10-01 02:45:03 ERROR   WebSocket connection closed with code: 1006, reason:
2026-10-01T02:45:03+0000 mm-bot python[6123]: 2026-10-01 02:45:03 ERROR   Auto-reconnect disabled, terminating connection
2026-10-01T02:45:28+0000 mm-bot python[6123]: 2026-10-01 02:45:28 ERROR   WebSocket connection closed with code: 1006, reason:
2026-10-01T02:45:28+0000 mm-bot python[6123]: 2026-10-01 02:45:28 ERROR   Auto-reconnect disabled, terminating connection
2026-10-01T02:45:53+0000 mm-bot python[6123]: 2026-10-01 02:45:53 ERROR   WebSocket connection closed with code: 1006, reason:
2026-10-01T02:45:53+0000 mm-bot python[6123]: 2026-10-01 02:45:53 ERROR   Auto-reconnect disabled, terminating connection
2026-10-01T02:45:53+0000 mm-bot python[6123]: 2026-10-01 02:45:53 INFO    tournament is 'draft' (starts 2026-10-01T16:00:00.000Z) - 237/237 books ready - checking again in 60 s
2026-10-01T02:46:18+0000 mm-bot python[6123]: 2026-10-01 02:46:18 ERROR   WebSocket connection closed with code: 1006, reason:
2026-10-01T02:46:18+0000 mm-bot python[6123]: 2026-10-01 02:46:18 ERROR   Auto-reconnect disabled, terminating connection
2026-10-01T02:46:43+0000 mm-bot python[6123]: 2026-10-01 02:46:43 ERROR   WebSocket connection closed with code: 1006, reason:
2026-10-01T02:46:43+0000 mm-bot python[6123]: 2026-10-01 02:46:43 ERROR   Auto-reconnect disabled, terminating connection
2026-10-01T02:47:00+0000 mm-bot python[6123]: 2026-10-01 02:47:00 INFO    tournament is 'draft' (starts 2026-10-01T16:00:00.000Z) - 237/237 books ready - checking again in 60 s
2026-10-01T02:47:08+0000 mm-bot python[6123]: 2026-10-01 02:47:08 ERROR   WebSocket connection closed with code: 1006, reason:
2026-10-01T02:47:08+0000 mm-bot python[6123]: 2026-10-01 02:47:08 ERROR   Auto-reconnect disabled, terminating connection
2026-10-01T02:47:33+0000 mm-bot python[6123]: 2026-10-01 02:47:33 ERROR   WebSocket connection closed with code: 1006, reason:
2026-10-01T02:47:33+0000 mm-bot python[6123]: 2026-10-01 02:47:33 ERROR   Auto-reconnect disabled, terminating connection
2026-10-01T02:47:58+0000 mm-bot python[6123]: 2026-10-01 02:47:58 ERROR   WebSocket connection closed with code: 1006, reason:
2026-10-01T02:47:58+0000 mm-bot python[6123]: 2026-10-01 02:47:58 ERROR   Auto-reconnect disabled, terminating connection
2026-10-01T02:48:07+0000 mm-bot python[6123]: 2026-10-01 02:48:07 INFO    tournament is 'draft' (starts 2026-10-01T16:00:00.000Z) - 237/237 books ready - checking again in 60 s
2026-10-01T02:48:23+0000 mm-bot python[6123]: 2026-10-01 02:48:23 ERROR   WebSocket connection closed with code: 1006, reason:
2026-10-01T02:48:23+0000 mm-bot python[6123]: 2026-10-01 02:48:23 ERROR   Auto-reconnect disabled, terminating connection
2026-10-01T02:48:48+0000 mm-bot python[6123]: 2026-10-01 02:48:48 ERROR   WebSocket connection closed with code: 1006, reason:
2026-10-01T02:48:48+0000 mm-bot python[6123]: 2026-10-01 02:48:48 ERROR   Auto-reconnect disabled, terminating connection
2026-10-01T02:49:13+0000 mm-bot python[6123]: 2026-10-01 02:49:13 ERROR   WebSocket connection closed with code: 1006, reason:
2026-10-01T02:49:13+0000 mm-bot python[6123]: 2026-10-01 02:49:13 ERROR   Auto-reconnect disabled, terminating connection
2026-10-01T02:49:13+0000 mm-bot python[6123]: 2026-10-01 02:49:13 INFO    tournament is 'draft' (starts 2026-10-01T16:00:00.000Z) - 237/237 books ready - checking again in 60 s
2026-10-01T02:49:38+0000 mm-bot python[6123]: 2026-10-01 02:49:38 ERROR   WebSocket connection closed with code: 1006, reason:
2026-10-01T02:49:38+0000 mm-bot python[6123]: 2026-10-01 02:49:38 ERROR   Auto-reconnect disabled, terminating connection
2026-10-01T02:50:03+0000 mm-bot python[6123]: 2026-10-01 02:50:03 ERROR   WebSocket connection closed with code: 1006, reason:
2026-10-01T02:50:03+0000 mm-bot python[6123]: 2026-10-01 02:50:03 ERROR   Auto-reconnect disabled, terminating connection
2026-10-01T02:50:20+0000 mm-bot python[6123]: 2026-10-01 02:50:20 INFO    tournament is 'draft' (starts 2026-10-01T16:00:00.000Z) - 237/237 books ready - checking again in 60 s
2026-10-01T02:50:28+0000 mm-bot python[6123]: 2026-10-01 02:50:28 ERROR   WebSocket connection closed with code: 1006, reason:
2026-10-01T02:50:28+0000 mm-bot python[6123]: 2026-10-01 02:50:28 ERROR   Auto-reconnect disabled, terminating connection
2026-10-01T02:50:53+0000 mm-bot python[6123]: 2026-10-01 02:50:53 ERROR   WebSocket connection closed with code: 1006, reason:
2026-10-01T02:50:53+0000 mm-bot python[6123]: 2026-10-01 02:50:53 ERROR   Auto-reconnect disabled, terminating connection
2026-10-01T02:51:18+0000 mm-bot python[6123]: 2026-10-01 02:51:18 ERROR   WebSocket connection closed with code: 1006, reason:
2026-10-01T02:51:18+0000 mm-bot python[6123]: 2026-10-01 02:51:18 ERROR   Auto-reconnect disabled, terminating connection
2026-10-01T02:51:26+0000 mm-bot python[6123]: 2026-10-01 02:51:26 INFO    tournament is 'draft' (starts 2026-10-01T16:00:00.000Z) - 237/237 books ready - checking again in 60 s
2026-10-01T02:51:43+0000 mm-bot python[6123]: 2026-10-01 02:51:43 ERROR   WebSocket connection closed with code: 1006, reason:
2026-10-01T02:51:43+0000 mm-bot python[6123]: 2026-10-01 02:51:43 ERROR   Auto-reconnect disabled, terminating connection
2026-10-01T02:52:08+0000 mm-bot python[6123]: 2026-10-01 02:52:08 ERROR   WebSocket connection closed with code: 1006, reason:
2026-10-01T02:52:08+0000 mm-bot python[6123]: 2026-10-01 02:52:08 ERROR   Auto-reconnect disabled, terminating connection
2026-10-01T02:52:33+0000 mm-bot python[6123]: 2026-10-01 02:52:33 ERROR   WebSocket connection closed with code: 1006, reason:
2026-10-01T02:52:33+0000 mm-bot python[6123]: 2026-10-01 02:52:33 ERROR   Auto-reconnect disabled, terminating connection
2026-10-01T02:52:33+0000 mm-bot python[6123]: 2026-10-01 02:52:33 INFO    tournament is 'draft' (starts 2026-10-01T16:00:00.000Z) - 237/237 books ready - checking again in 60 s
2026-10-01T02:52:58+0000 mm-bot python[6123]: 2026-10-01 02:52:58 ERROR   WebSocket connection closed with code: 1006, reason:
2026-10-01T02:52:58+0000 mm-bot python[6123]: 2026-10-01 02:52:58 ERROR   Auto-reconnect disabled, terminating connection
2026-10-01T02:53:23+0000 mm-bot python[6123]: 2026-10-01 02:53:23 ERROR   WebSocket connection closed with code: 1006, reason:
2026-10-01T02:53:23+0000 mm-bot python[6123]: 2026-10-01 02:53:23 ERROR   Auto-reconnect disabled, terminating connection
2026-10-01T02:53:40+0000 mm-bot python[6123]: 2026-10-01 02:53:40 INFO    tournament is 'draft' (starts 2026-10-01T16:00:00.000Z) - 237/237 books ready - checking again in 60 s
2026-10-01T02:53:48+0000 mm-bot python[6123]: 2026-10-01 02:53:48 ERROR   WebSocket connection closed with code: 1006, reason:
2026-10-01T02:53:48+0000 mm-bot python[6123]: 2026-10-01 02:53:48 ERROR   Auto-reconnect disabled, terminating connection
2026-10-01T02:54:13+0000 mm-bot python[6123]: 2026-10-01 02:54:13 ERROR   WebSocket connection closed with code: 1006, reason:
2026-10-01T02:54:13+0000 mm-bot python[6123]: 2026-10-01 02:54:13 ERROR   Auto-reconnect disabled, terminating connection
2026-10-01T02:54:38+0000 mm-bot python[6123]: 2026-10-01 02:54:38 ERROR   WebSocket connection closed with code: 1006, reason:
2026-10-01T02:54:38+0000 mm-bot python[6123]: 2026-10-01 02:54:38 ERROR   Auto-reconnect disabled, terminating connection
2026-10-01T02:54:46+0000 mm-bot python[6123]: 2026-10-01 02:54:46 INFO    tournament is 'draft' (starts 2026-10-01T16:00:00.000Z) - 237/237 books ready - checking again in 60 s
2026-10-01T02:55:03+0000 mm-bot python[6123]: 2026-10-01 02:55:03 ERROR   WebSocket connection closed with code: 1006, reason:
2026-10-01T02:55:03+0000 mm-bot python[6123]: 2026-10-01 02:55:03 ERROR   Auto-reconnect disabled, terminating connection
2026-10-01T02:55:28+0000 mm-bot python[6123]: 2026-10-01 02:55:28 ERROR   WebSocket connection closed with code: 1006, reason:
2026-10-01T02:55:28+0000 mm-bot python[6123]: 2026-10-01 02:55:28 ERROR   Auto-reconnect disabled, terminating connection
2026-10-01T02:55:53+0000 mm-bot python[6123]: 2026-10-01 02:55:53 INFO    tournament is 'draft' (starts 2026-10-01T16:00:00.000Z) - 237/237 books ready - checking again in 60 s
2026-10-01T02:55:53+0000 mm-bot python[6123]: 2026-10-01 02:55:53 ERROR   WebSocket connection closed with code: 1006, reason:
2026-10-01T02:55:53+0000 mm-bot python[6123]: 2026-10-01 02:55:53 ERROR   Auto-reconnect disabled, terminating connection
2026-10-01T02:56:18+0000 mm-bot python[6123]: 2026-10-01 02:56:18 ERROR   WebSocket connection closed with code: 1006, reason:
2026-10-01T02:56:18+0000 mm-bot python[6123]: 2026-10-01 02:56:18 ERROR   Auto-reconnect disabled, terminating connection
2026-10-01T02:56:43+0000 mm-bot python[6123]: 2026-10-01 02:56:43 ERROR   WebSocket connection closed with code: 1006, reason:
2026-10-01T02:56:43+0000 mm-bot python[6123]: 2026-10-01 02:56:43 ERROR   Auto-reconnect disabled, terminating connection
2026-10-01T02:56:59+0000 mm-bot python[6123]: 2026-10-01 02:56:59 INFO    tournament is 'draft' (starts 2026-10-01T16:00:00.000Z) - 237/237 books ready - checking again in 60 s
2026-10-01T02:57:08+0000 mm-bot python[6123]: 2026-10-01 02:57:08 ERROR   WebSocket connection closed with code: 1006, reason:
2026-10-01T02:57:08+0000 mm-bot python[6123]: 2026-10-01 02:57:08 ERROR   Auto-reconnect disabled, terminating connection
2026-10-01T02:57:33+0000 mm-bot python[6123]: 2026-10-01 02:57:33 ERROR   WebSocket connection closed with code: 1006, reason:
2026-10-01T02:57:33+0000 mm-bot python[6123]: 2026-10-01 02:57:33 ERROR   Auto-reconnect disabled, terminating connection
2026-10-01T02:57:58+0000 mm-bot python[6123]: 2026-10-01 02:57:58 ERROR   WebSocket connection closed with code: 1006, reason:
2026-10-01T02:57:58+0000 mm-bot python[6123]: 2026-10-01 02:57:58 ERROR   Auto-reconnect disabled, terminating connection
2026-10-01T02:58:06+0000 mm-bot python[6123]: 2026-10-01 02:58:06 INFO    tournament is 'draft' (starts 2026-10-01T16:00:00.000Z) - 237/237 books ready - checking again in 60 s
2026-10-01T02:58:23+0000 mm-bot python[6123]: 2026-10-01 02:58:23 ERROR   WebSocket connection closed with code: 1006, reason:
2026-10-01T02:58:23+0000 mm-bot python[6123]: 2026-10-01 02:58:23 ERROR   Auto-reconnect disabled, terminating connection
2026-10-01T02:58:48+0000 mm-bot python[6123]: 2026-10-01 02:58:48 ERROR   WebSocket connection closed with code: 1006, reason:
2026-10-01T02:58:48+0000 mm-bot python[6123]: 2026-10-01 02:58:48 ERROR   Auto-reconnect disabled, terminating connection
2026-10-01T02:59:13+0000 mm-bot python[6123]: 2026-10-01 02:59:13 INFO    tournament is 'draft' (starts 2026-10-01T16:00:00.000Z) - 237/237 books ready - checking again in 60 s
2026-10-01T02:59:13+0000 mm-bot python[6123]: 2026-10-01 02:59:13 ERROR   WebSocket connection closed with code: 1006, reason:
2026-10-01T02:59:13+0000 mm-bot python[6123]: 2026-10-01 02:59:13 ERROR   Auto-reconnect disabled, terminating connection
2026-10-01T02:59:38+0000 mm-bot python[6123]: 2026-10-01 02:59:38 ERROR   WebSocket connection closed with code: 1006, reason:
2026-10-01T02:59:38+0000 mm-bot python[6123]: 2026-10-01 02:59:38 ERROR   Auto-reconnect disabled, terminating connection
2026-10-01T03:00:03+0000 mm-bot python[6123]: 2026-10-01 03:00:03 ERROR   WebSocket connection closed with code: 1006, reason:
2026-10-01T03:00:03+0000 mm-bot python[6123]: 2026-10-01 03:00:03 ERROR   Auto-reconnect disabled, terminating connection
2026-10-01T03:00:19+0000 mm-bot python[6123]: 2026-10-01 03:00:19 INFO    tournament is 'draft' (starts 2026-10-01T16:00:00.000Z) - 237/237 books ready - checking again in 60 s
2026-10-01T03:00:28+0000 mm-bot python[6123]: 2026-10-01 03:00:28 ERROR   WebSocket connection closed with code: 1006, reason:
2026-10-01T03:00:28+0000 mm-bot python[6123]: 2026-10-01 03:00:28 ERROR   Auto-reconnect disabled, terminating connection
2026-10-01T03:00:53+0000 mm-bot python[6123]: 2026-10-01 03:00:53 ERROR   WebSocket connection closed with code: 1006, reason:
2026-10-01T03:00:53+0000 mm-bot python[6123]: 2026-10-01 03:00:53 ERROR   Auto-reconnect disabled, terminating connection
2026-10-01T03:01:18+0000 mm-bot python[6123]: 2026-10-01 03:01:18 ERROR   WebSocket connection closed with code: 1006, reason:
2026-10-01T03:01:18+0000 mm-bot python[6123]: 2026-10-01 03:01:18 ERROR   Auto-reconnect disabled, terminating connection
2026-10-01T03:01:26+0000 mm-bot python[6123]: 2026-10-01 03:01:26 INFO    tournament is 'draft' (starts 2026-10-01T16:00:00.000Z) - 237/237 books ready - checking again in 60 s
2026-10-01T03:01:43+0000 mm-bot python[6123]: 2026-10-01 03:01:43 ERROR   WebSocket connection closed with code: 1006, reason:
2026-10-01T03:01:43+0000 mm-bot python[6123]: 2026-10-01 03:01:43 ERROR   Auto-reconnect disabled, terminating connection
2026-10-01T03:02:08+0000 mm-bot python[6123]: 2026-10-01 03:02:08 ERROR   WebSocket connection closed with code: 1006, reason:
2026-10-01T03:02:08+0000 mm-bot python[6123]: 2026-10-01 03:02:08 ERROR   Auto-reconnect disabled, terminating connection
2026-10-01T03:02:33+0000 mm-bot python[6123]: 2026-10-01 03:02:33 INFO    tournament is 'draft' (starts 2026-10-01T16:00:00.000Z) - 237/237 books ready - checking again in 60 s
2026-10-01T03:02:33+0000 mm-bot python[6123]: 2026-10-01 03:02:33 ERROR   WebSocket connection closed with code: 1006, reason:
2026-10-01T03:02:33+0000 mm-bot python[6123]: 2026-10-01 03:02:33 ERROR   Auto-reconnect disabled, terminating connection
2026-10-01T03:02:58+0000 mm-bot python[6123]: 2026-10-01 03:02:58 ERROR   WebSocket connection closed with code: 1006, reason:
2026-10-01T03:02:58+0000 mm-bot python[6123]: 2026-10-01 03:02:58 ERROR   Auto-reconnect disabled, terminating connection
2026-10-01T03:03:23+0000 mm-bot python[6123]: 2026-10-01 03:03:23 ERROR   WebSocket connection closed with code: 1006, reason:
2026-10-01T03:03:23+0000 mm-bot python[6123]: 2026-10-01 03:03:23 ERROR   Auto-reconnect disabled, terminating connection
2026-10-01T03:03:39+0000 mm-bot python[6123]: 2026-10-01 03:03:39 INFO    tournament is 'draft' (starts 2026-10-01T16:00:00.000Z) - 237/237 books ready - checking again in 60 s
2026-10-01T03:03:48+0000 mm-bot python[6123]: 2026-10-01 03:03:48 ERROR   WebSocket connection closed with code: 1006, reason:
2026-10-01T03:03:48+0000 mm-bot python[6123]: 2026-10-01 03:03:48 ERROR   Auto-reconnect disabled, terminating connection
2026-10-01T03:04:13+0000 mm-bot python[6123]: 2026-10-01 03:04:13 ERROR   WebSocket connection closed with code: 1006, reason:
2026-10-01T03:04:13+0000 mm-bot python[6123]: 2026-10-01 03:04:13 ERROR   Auto-reconnect disabled, terminating connection
2026-10-01T03:04:38+0000 mm-bot python[6123]: 2026-10-01 03:04:38 ERROR   WebSocket connection closed with code: 1006, reason:
2026-10-01T03:04:38+0000 mm-bot python[6123]: 2026-10-01 03:04:38 ERROR   Auto-reconnect disabled, terminating connection
2026-10-01T03:04:46+0000 mm-bot python[6123]: 2026-10-01 03:04:46 INFO    tournament is 'draft' (starts 2026-10-01T16:00:00.000Z) - 237/237 books ready - checking again in 60 s
2026-10-01T03:05:03+0000 mm-bot python[6123]: 2026-10-01 03:05:03 ERROR   WebSocket connection closed with code: 1006, reason:
2026-10-01T03:05:03+0000 mm-bot python[6123]: 2026-10-01 03:05:03 ERROR   Auto-reconnect disabled, terminating connection
2026-10-01T03:05:28+0000 mm-bot python[6123]: 2026-10-01 03:05:28 ERROR   WebSocket connection closed with code: 1006, reason:
2026-10-01T03:05:28+0000 mm-bot python[6123]: 2026-10-01 03:05:28 ERROR   Auto-reconnect disabled, terminating connection
2026-10-01T03:05:52+0000 mm-bot python[6123]: 2026-10-01 03:05:52 INFO    tournament is 'draft' (starts 2026-10-01T16:00:00.000Z) - 237/237 books ready - checking again in 60 s
2026-10-01T03:05:53+0000 mm-bot python[6123]: 2026-10-01 03:05:53 ERROR   WebSocket connection closed with code: 1006, reason:
2026-10-01T03:05:53+0000 mm-bot python[6123]: 2026-10-01 03:05:53 ERROR   Auto-reconnect disabled, terminating connection
2026-10-01T03:06:18+0000 mm-bot python[6123]: 2026-10-01 03:06:18 ERROR   WebSocket connection closed with code: 1006, reason:
2026-10-01T03:06:18+0000 mm-bot python[6123]: 2026-10-01 03:06:18 ERROR   Auto-reconnect disabled, terminating connection
2026-10-01T03:06:43+0000 mm-bot python[6123]: 2026-10-01 03:06:43 ERROR   WebSocket connection closed with code: 1006, reason:
2026-10-01T03:06:43+0000 mm-bot python[6123]: 2026-10-01 03:06:43 ERROR   Auto-reconnect disabled, terminating connection
2026-10-01T03:06:59+0000 mm-bot python[6123]: 2026-10-01 03:06:59 INFO    tournament is 'draft' (starts 2026-10-01T16:00:00.000Z) - 237/237 books ready - checking again in 60 s
2026-10-01T03:07:08+0000 mm-bot python[6123]: 2026-10-01 03:07:08 ERROR   WebSocket connection closed with code: 1006, reason:
2026-10-01T03:07:08+0000 mm-bot python[6123]: 2026-10-01 03:07:08 ERROR   Auto-reconnect disabled, terminating connection
2026-10-01T03:07:33+0000 mm-bot python[6123]: 2026-10-01 03:07:33 ERROR   WebSocket connection closed with code: 1006, reason:
2026-10-01T03:07:33+0000 mm-bot python[6123]: 2026-10-01 03:07:33 ERROR   Auto-reconnect disabled, terminating connection
2026-10-01T03:07:58+0000 mm-bot python[6123]: 2026-10-01 03:07:58 ERROR   WebSocket connection closed with code: 1006, reason:
2026-10-01T03:07:58+0000 mm-bot python[6123]: 2026-10-01 03:07:58 ERROR   Auto-reconnect disabled, terminating connection
2026-10-01T03:08:06+0000 mm-bot python[6123]: 2026-10-01 03:08:06 INFO    tournament is 'draft' (starts 2026-10-01T16:00:00.000Z) - 237/237 books ready - checking again in 60 s
2026-10-01T03:08:23+0000 mm-bot python[6123]: 2026-10-01 03:08:23 ERROR   WebSocket connection closed with code: 1006, reason:
2026-10-01T03:08:23+0000 mm-bot python[6123]: 2026-10-01 03:08:23 ERROR   Auto-reconnect disabled, terminating connection
2026-10-01T03:08:48+0000 mm-bot python[6123]: 2026-10-01 03:08:48 ERROR   WebSocket connection closed with code: 1006, reason:
2026-10-01T03:08:48+0000 mm-bot python[6123]: 2026-10-01 03:08:48 ERROR   Auto-reconnect disabled, terminating connection
2026-10-01T03:09:12+0000 mm-bot python[6123]: 2026-10-01 03:09:12 INFO    tournament is 'draft' (starts 2026-10-01T16:00:00.000Z) - 237/237 books ready - checking again in 60 s
2026-10-01T03:09:13+0000 mm-bot python[6123]: 2026-10-01 03:09:13 ERROR   WebSocket connection closed with code: 1006, reason:
2026-10-01T03:09:13+0000 mm-bot python[6123]: 2026-10-01 03:09:13 ERROR   Auto-reconnect disabled, terminating connection
2026-10-01T03:09:38+0000 mm-bot python[6123]: 2026-10-01 03:09:38 ERROR   WebSocket connection closed with code: 1006, reason:
2026-10-01T03:09:38+0000 mm-bot python[6123]: 2026-10-01 03:09:38 ERROR   Auto-reconnect disabled, terminating connection
2026-10-01T03:10:03+0000 mm-bot python[6123]: 2026-10-01 03:10:03 ERROR   WebSocket connection closed with code: 1006, reason:
2026-10-01T03:10:03+0000 mm-bot python[6123]: 2026-10-01 03:10:03 ERROR   Auto-reconnect disabled, terminating connection
2026-10-01T03:10:19+0000 mm-bot python[6123]: 2026-10-01 03:10:19 INFO    tournament is 'draft' (starts 2026-10-01T16:00:00.000Z) - 237/237 books ready - checking again in 60 s
2026-10-01T03:10:28+0000 mm-bot python[6123]: 2026-10-01 03:10:28 ERROR   WebSocket connection closed with code: 1006, reason:
2026-10-01T03:10:28+0000 mm-bot python[6123]: 2026-10-01 03:10:28 ERROR   Auto-reconnect disabled, terminating connection
2026-10-01T03:10:53+0000 mm-bot python[6123]: 2026-10-01 03:10:53 ERROR   WebSocket connection closed with code: 1006, reason:
2026-10-01T03:10:53+0000 mm-bot python[6123]: 2026-10-01 03:10:53 ERROR   Auto-reconnect disabled, terminating connection
2026-10-01T03:11:18+0000 mm-bot python[6123]: 2026-10-01 03:11:18 ERROR   WebSocket connection closed with code: 1006, reason:
2026-10-01T03:11:18+0000 mm-bot python[6123]: 2026-10-01 03:11:18 ERROR   Auto-reconnect disabled, terminating connection
2026-10-01T03:11:26+0000 mm-bot python[6123]: 2026-10-01 03:11:26 INFO    tournament is 'draft' (starts 2026-10-01T16:00:00.000Z) - 237/237 books ready - checking again in 60 s
2026-10-01T03:11:43+0000 mm-bot python[6123]: 2026-10-01 03:11:43 ERROR   WebSocket connection closed with code: 1006, reason:
2026-10-01T03:11:43+0000 mm-bot python[6123]: 2026-10-01 03:11:43 ERROR   Auto-reconnect disabled, terminating connection
2026-10-01T03:12:08+0000 mm-bot python[6123]: 2026-10-01 03:12:08 ERROR   WebSocket connection closed with code: 1006, reason:
2026-10-01T03:12:08+0000 mm-bot python[6123]: 2026-10-01 03:12:08 ERROR   Auto-reconnect disabled, terminating connection
2026-10-01T03:12:32+0000 mm-bot python[6123]: 2026-10-01 03:12:32 INFO    tournament is 'draft' (starts 2026-10-01T16:00:00.000Z) - 237/237 books ready - checking again in 60 s
2026-10-01T03:12:33+0000 mm-bot python[6123]: 2026-10-01 03:12:33 ERROR   WebSocket connection closed with code: 1006, reason:
2026-10-01T03:12:33+0000 mm-bot python[6123]: 2026-10-01 03:12:33 ERROR   Auto-reconnect disabled, terminating connection
2026-10-01T03:12:58+0000 mm-bot python[6123]: 2026-10-01 03:12:58 ERROR   WebSocket connection closed with code: 1006, reason:
2026-10-01T03:12:58+0000 mm-bot python[6123]: 2026-10-01 03:12:58 ERROR   Auto-reconnect disabled, terminating connection
2026-10-01T03:13:23+0000 mm-bot python[6123]: 2026-10-01 03:13:23 ERROR   WebSocket connection closed with code: 1006, reason:
2026-10-01T03:13:23+0000 mm-bot python[6123]: 2026-10-01 03:13:23 ERROR   Auto-reconnect disabled, terminating connection
2026-10-01T03:13:39+0000 mm-bot python[6123]: 2026-10-01 03:13:39 INFO    tournament is 'draft' (starts 2026-10-01T16:00:00.000Z) - 237/237 books ready - checking again in 60 s
2026-10-01T03:13:48+0000 mm-bot python[6123]: 2026-10-01 03:13:48 ERROR   WebSocket connection closed with code: 1006, reason:
2026-10-01T03:13:48+0000 mm-bot python[6123]: 2026-10-01 03:13:48 ERROR   Auto-reconnect disabled, terminating connection
2026-10-01T03:14:13+0000 mm-bot python[6123]: 2026-10-01 03:14:13 ERROR   WebSocket connection closed with code: 1006, reason:
2026-10-01T03:14:13+0000 mm-bot python[6123]: 2026-10-01 03:14:13 ERROR   Auto-reconnect disabled, terminating connection
2026-10-01T03:14:38+0000 mm-bot python[6123]: 2026-10-01 03:14:38 ERROR   WebSocket connection closed with code: 1006, reason:
2026-10-01T03:14:38+0000 mm-bot python[6123]: 2026-10-01 03:14:38 ERROR   Auto-reconnect disabled, terminating connection
2026-10-01T03:14:45+0000 mm-bot python[6123]: 2026-10-01 03:14:45 INFO    tournament is 'draft' (starts 2026-10-01T16:00:00.000Z) - 237/237 books ready - checking again in 60 s
2026-10-01T03:15:03+0000 mm-bot python[6123]: 2026-10-01 03:15:03 ERROR   WebSocket connection closed with code: 1006, reason:
2026-10-01T03:15:03+0000 mm-bot python[6123]: 2026-10-01 03:15:03 ERROR   Auto-reconnect disabled, terminating connection
2026-10-01T03:15:28+0000 mm-bot python[6123]: 2026-10-01 03:15:28 ERROR   WebSocket connection closed with code: 1006, reason:
2026-10-01T03:15:28+0000 mm-bot python[6123]: 2026-10-01 03:15:28 ERROR   Auto-reconnect disabled, terminating connection
2026-10-01T03:15:52+0000 mm-bot python[6123]: 2026-10-01 03:15:52 INFO    tournament is 'draft' (starts 2026-10-01T16:00:00.000Z) - 237/237 books ready - checking again in 60 s
2026-10-01T03:15:53+0000 mm-bot python[6123]: 2026-10-01 03:15:53 ERROR   WebSocket connection closed with code: 1006, reason:
2026-10-01T03:15:53+0000 mm-bot python[6123]: 2026-10-01 03:15:53 ERROR   Auto-reconnect disabled, terminating connection
2026-10-01T03:16:18+0000 mm-bot python[6123]: 2026-10-01 03:16:18 ERROR   WebSocket connection closed with code: 1006, reason:
2026-10-01T03:16:18+0000 mm-bot python[6123]: 2026-10-01 03:16:18 ERROR   Auto-reconnect disabled, terminating connection
2026-10-01T03:16:43+0000 mm-bot python[6123]: 2026-10-01 03:16:43 ERROR   WebSocket connection closed with code: 1006, reason:
2026-10-01T03:16:43+0000 mm-bot python[6123]: 2026-10-01 03:16:43 ERROR   Auto-reconnect disabled, terminating connection
2026-10-01T03:16:59+0000 mm-bot python[6123]: 2026-10-01 03:16:59 INFO    tournament is 'draft' (starts 2026-10-01T16:00:00.000Z) - 237/237 books ready - checking again in 60 s
2026-10-01T03:17:08+0000 mm-bot python[6123]: 2026-10-01 03:17:08 ERROR   WebSocket connection closed with code: 1006, reason:
2026-10-01T03:17:08+0000 mm-bot python[6123]: 2026-10-01 03:17:08 ERROR   Auto-reconnect disabled, terminating connection
2026-10-01T03:17:33+0000 mm-bot python[6123]: 2026-10-01 03:17:33 ERROR   WebSocket connection closed with code: 1006, reason:
2026-10-01T03:17:33+0000 mm-bot python[6123]: 2026-10-01 03:17:33 ERROR   Auto-reconnect disabled, terminating connection
2026-10-01T03:17:58+0000 mm-bot python[6123]: 2026-10-01 03:17:58 ERROR   WebSocket connection closed with code: 1006, reason:
2026-10-01T03:17:58+0000 mm-bot python[6123]: 2026-10-01 03:17:58 ERROR   Auto-reconnect disabled, terminating connection
2026-10-01T03:18:05+0000 mm-bot python[6123]: 2026-10-01 03:18:05 INFO    tournament is 'draft' (starts 2026-10-01T16:00:00.000Z) - 237/237 books ready - checking again in 60 s
2026-10-01T03:18:23+0000 mm-bot python[6123]: 2026-10-01 03:18:23 ERROR   WebSocket connection closed with code: 1006, reason:
2026-10-01T03:18:23+0000 mm-bot python[6123]: 2026-10-01 03:18:23 ERROR   Auto-reconnect disabled, terminating connection
2026-10-01T03:18:48+0000 mm-bot python[6123]: 2026-10-01 03:18:48 ERROR   WebSocket connection closed with code: 1006, reason:
2026-10-01T03:18:48+0000 mm-bot python[6123]: 2026-10-01 03:18:48 ERROR   Auto-reconnect disabled, terminating connection
2026-10-01T03:19:12+0000 mm-bot python[6123]: 2026-10-01 03:19:12 INFO    tournament is 'draft' (starts 2026-10-01T16:00:00.000Z) - 237/237 books ready - checking again in 60 s
2026-10-01T03:19:13+0000 mm-bot python[6123]: 2026-10-01 03:19:13 ERROR   WebSocket connection closed with code: 1006, reason:
2026-10-01T03:19:13+0000 mm-bot python[6123]: 2026-10-01 03:19:13 ERROR   Auto-reconnect disabled, terminating connection
2026-10-01T03:19:38+0000 mm-bot python[6123]: 2026-10-01 03:19:38 ERROR   WebSocket connection closed with code: 1006, reason:
2026-10-01T03:19:38+0000 mm-bot python[6123]: 2026-10-01 03:19:38 ERROR   Auto-reconnect disabled, terminating connection
2026-10-01T03:20:03+0000 mm-bot python[6123]: 2026-10-01 03:20:03 ERROR   WebSocket connection closed with code: 1006, reason:
2026-10-01T03:20:03+0000 mm-bot python[6123]: 2026-10-01 03:20:03 ERROR   Auto-reconnect disabled, terminating connection
2026-10-01T03:20:18+0000 mm-bot python[6123]: 2026-10-01 03:20:18 INFO    tournament is 'draft' (starts 2026-10-01T16:00:00.000Z) - 237/237 books ready - checking again in 60 s
2026-10-01T03:20:28+0000 mm-bot python[6123]: 2026-10-01 03:20:28 ERROR   WebSocket connection closed with code: 1006, reason:
2026-10-01T03:20:28+0000 mm-bot python[6123]: 2026-10-01 03:20:28 ERROR   Auto-reconnect disabled, terminating connection
2026-10-01T03:20:53+0000 mm-bot python[6123]: 2026-10-01 03:20:53 ERROR   WebSocket connection closed with code: 1006, reason:
2026-10-01T03:20:53+0000 mm-bot python[6123]: 2026-10-01 03:20:53 ERROR   Auto-reconnect disabled, terminating connection
2026-10-01T03:21:18+0000 mm-bot python[6123]: 2026-10-01 03:21:18 ERROR   WebSocket connection closed with code: 1006, reason:
2026-10-01T03:21:18+0000 mm-bot python[6123]: 2026-10-01 03:21:18 ERROR   Auto-reconnect disabled, terminating connection
2026-10-01T03:21:25+0000 mm-bot python[6123]: 2026-10-01 03:21:25 INFO    tournament is 'draft' (starts 2026-10-01T16:00:00.000Z) - 237/237 books ready - checking again in 60 s
2026-10-01T03:21:43+0000 mm-bot python[6123]: 2026-10-01 03:21:43 ERROR   WebSocket connection closed with code: 1006, reason:
2026-10-01T03:21:43+0000 mm-bot python[6123]: 2026-10-01 03:21:43 ERROR   Auto-reconnect disabled, terminating connection
2026-10-01T03:22:08+0000 mm-bot python[6123]: 2026-10-01 03:22:08 ERROR   WebSocket connection closed with code: 1006, reason:
2026-10-01T03:22:08+0000 mm-bot python[6123]: 2026-10-01 03:22:08 ERROR   Auto-reconnect disabled, terminating connection
2026-10-01T03:22:32+0000 mm-bot python[6123]: 2026-10-01 03:22:32 INFO    tournament is 'draft' (starts 2026-10-01T16:00:00.000Z) - 237/237 books ready - checking again in 60 s
2026-10-01T03:22:33+0000 mm-bot python[6123]: 2026-10-01 03:22:33 ERROR   WebSocket connection closed with code: 1006, reason:
2026-10-01T03:22:33+0000 mm-bot python[6123]: 2026-10-01 03:22:33 ERROR   Auto-reconnect disabled, terminating connection
2026-10-01T03:22:58+0000 mm-bot python[6123]: 2026-10-01 03:22:58 ERROR   WebSocket connection closed with code: 1006, reason:
2026-10-01T03:22:58+0000 mm-bot python[6123]: 2026-10-01 03:22:58 ERROR   Auto-reconnect disabled, terminating connection
2026-10-01T03:23:23+0000 mm-bot python[6123]: 2026-10-01 03:23:23 ERROR   WebSocket connection closed with code: 1006, reason:
2026-10-01T03:23:23+0000 mm-bot python[6123]: 2026-10-01 03:23:23 ERROR   Auto-reconnect disabled, terminating connection
2026-10-01T03:23:38+0000 mm-bot python[6123]: 2026-10-01 03:23:38 INFO    tournament is 'draft' (starts 2026-10-01T16:00:00.000Z) - 237/237 books ready - checking again in 60 s
2026-10-01T03:23:48+0000 mm-bot python[6123]: 2026-10-01 03:23:48 ERROR   WebSocket connection closed with code: 1006, reason:
2026-10-01T03:23:48+0000 mm-bot python[6123]: 2026-10-01 03:23:48 ERROR   Auto-reconnect disabled, terminating connection
2026-10-01T03:24:13+0000 mm-bot python[6123]: 2026-10-01 03:24:13 ERROR   WebSocket connection closed with code: 1006, reason:
2026-10-01T03:24:13+0000 mm-bot python[6123]: 2026-10-01 03:24:13 ERROR   Auto-reconnect disabled, terminating connection
2026-10-01T03:24:38+0000 mm-bot python[6123]: 2026-10-01 03:24:38 ERROR   WebSocket connection closed with code: 1006, reason:
2026-10-01T03:24:38+0000 mm-bot python[6123]: 2026-10-01 03:24:38 ERROR   Auto-reconnect disabled, terminating connection
2026-10-01T03:24:45+0000 mm-bot python[6123]: 2026-10-01 03:24:45 INFO    tournament is 'draft' (starts 2026-10-01T16:00:00.000Z) - 237/237 books ready - checking again in 60 s
2026-10-01T03:25:03+0000 mm-bot python[6123]: 2026-10-01 03:25:03 ERROR   WebSocket connection closed with code: 1006, reason:
2026-10-01T03:25:03+0000 mm-bot python[6123]: 2026-10-01 03:25:03 ERROR   Auto-reconnect disabled, terminating connection
2026-10-01T03:25:28+0000 mm-bot python[6123]: 2026-10-01 03:25:28 ERROR   WebSocket connection closed with code: 1006, reason:
2026-10-01T03:25:28+0000 mm-bot python[6123]: 2026-10-01 03:25:28 ERROR   Auto-reconnect disabled, terminating connection
2026-10-01T03:25:51+0000 mm-bot python[6123]: 2026-10-01 03:25:51 INFO    tournament is 'draft' (starts 2026-10-01T16:00:00.000Z) - 237/237 books ready - checking again in 60 s
2026-10-01T03:25:53+0000 mm-bot python[6123]: 2026-10-01 03:25:53 ERROR   WebSocket connection closed with code: 1006, reason:
2026-10-01T03:25:53+0000 mm-bot python[6123]: 2026-10-01 03:25:53 ERROR   Auto-reconnect disabled, terminating connection
2026-10-01T03:26:18+0000 mm-bot python[6123]: 2026-10-01 03:26:18 ERROR   WebSocket connection closed with code: 1006, reason:
2026-10-01T03:26:18+0000 mm-bot python[6123]: 2026-10-01 03:26:18 ERROR   Auto-reconnect disabled, terminating connection
2026-10-01T03:26:43+0000 mm-bot python[6123]: 2026-10-01 03:26:43 ERROR   WebSocket connection closed with code: 1006, reason:
2026-10-01T03:26:43+0000 mm-bot python[6123]: 2026-10-01 03:26:43 ERROR   Auto-reconnect disabled, terminating connection
2026-10-01T03:26:58+0000 mm-bot python[6123]: 2026-10-01 03:26:58 INFO    tournament is 'draft' (starts 2026-10-01T16:00:00.000Z) - 237/237 books ready - checking again in 60 s
2026-10-01T03:27:08+0000 mm-bot python[6123]: 2026-10-01 03:27:08 ERROR   WebSocket connection closed with code: 1006, reason:
2026-10-01T03:27:08+0000 mm-bot python[6123]: 2026-10-01 03:27:08 ERROR   Auto-reconnect disabled, terminating connection
2026-10-01T03:27:33+0000 mm-bot python[6123]: 2026-10-01 03:27:33 ERROR   WebSocket connection closed with code: 1006, reason:
2026-10-01T03:27:33+0000 mm-bot python[6123]: 2026-10-01 03:27:33 ERROR   Auto-reconnect disabled, terminating connection
2026-10-01T03:27:58+0000 mm-bot python[6123]: 2026-10-01 03:27:58 ERROR   WebSocket connection closed with code: 1006, reason:
2026-10-01T03:27:58+0000 mm-bot python[6123]: 2026-10-01 03:27:58 ERROR   Auto-reconnect disabled, terminating connection
2026-10-01T03:28:05+0000 mm-bot python[6123]: 2026-10-01 03:28:05 INFO    tournament is 'draft' (starts 2026-10-01T16:00:00.000Z) - 237/237 books ready - checking again in 60 s
2026-10-01T03:28:23+0000 mm-bot python[6123]: 2026-10-01 03:28:23 ERROR   WebSocket connection closed with code: 1006, reason:
2026-10-01T03:28:23+0000 mm-bot python[6123]: 2026-10-01 03:28:23 ERROR   Auto-reconnect disabled, terminating connection
2026-10-01T03:28:48+0000 mm-bot python[6123]: 2026-10-01 03:28:48 ERROR   WebSocket connection closed with code: 1006, reason:
2026-10-01T03:28:48+0000 mm-bot python[6123]: 2026-10-01 03:28:48 ERROR   Auto-reconnect disabled, terminating connection
2026-10-01T03:29:11+0000 mm-bot python[6123]: 2026-10-01 03:29:11 INFO    tournament is 'draft' (starts 2026-10-01T16:00:00.000Z) - 237/237 books ready - checking again in 60 s
2026-10-01T03:29:13+0000 mm-bot python[6123]: 2026-10-01 03:29:13 ERROR   WebSocket connection closed with code: 1006, reason:
2026-10-01T03:29:13+0000 mm-bot python[6123]: 2026-10-01 03:29:13 ERROR   Auto-reconnect disabled, terminating connection
2026-10-01T03:29:38+0000 mm-bot python[6123]: 2026-10-01 03:29:38 ERROR   WebSocket connection closed with code: 1006, reason:
2026-10-01T03:29:38+0000 mm-bot python[6123]: 2026-10-01 03:29:38 ERROR   Auto-reconnect disabled, terminating connection
2026-10-01T03:30:03+0000 mm-bot python[6123]: 2026-10-01 03:30:03 ERROR   WebSocket connection closed with code: 1006, reason:
2026-10-01T03:30:03+0000 mm-bot python[6123]: 2026-10-01 03:30:03 ERROR   Auto-reconnect disabled, terminating connection
2026-10-01T03:30:18+0000 mm-bot python[6123]: 2026-10-01 03:30:18 INFO    tournament is 'draft' (starts 2026-10-01T16:00:00.000Z) - 237/237 books ready - checking again in 60 s
2026-10-01T03:30:28+0000 mm-bot python[6123]: 2026-10-01 03:30:28 ERROR   WebSocket connection closed with code: 1006, reason:
2026-10-01T03:30:28+0000 mm-bot python[6123]: 2026-10-01 03:30:28 ERROR   Auto-reconnect disabled, terminating connection
2026-10-01T03:30:53+0000 mm-bot python[6123]: 2026-10-01 03:30:53 ERROR   WebSocket connection closed with code: 1006, reason:
2026-10-01T03:30:53+0000 mm-bot python[6123]: 2026-10-01 03:30:53 ERROR   Auto-reconnect disabled, terminating connection
2026-10-01T03:31:18+0000 mm-bot python[6123]: 2026-10-01 03:31:18 ERROR   WebSocket connection closed with code: 1006, reason:
2026-10-01T03:31:18+0000 mm-bot python[6123]: 2026-10-01 03:31:18 ERROR   Auto-reconnect disabled, terminating connection
2026-10-01T03:31:25+0000 mm-bot python[6123]: 2026-10-01 03:31:25 INFO    tournament is 'draft' (starts 2026-10-01T16:00:00.000Z) - 237/237 books ready - checking again in 60 s
2026-10-01T03:31:43+0000 mm-bot python[6123]: 2026-10-01 03:31:43 ERROR   WebSocket connection closed with code: 1006, reason:
2026-10-01T03:31:43+0000 mm-bot python[6123]: 2026-10-01 03:31:43 ERROR   Auto-reconnect disabled, terminating connection
2026-10-01T03:32:08+0000 mm-bot python[6123]: 2026-10-01 03:32:08 ERROR   WebSocket connection closed with code: 1006, reason:
2026-10-01T03:32:08+0000 mm-bot python[6123]: 2026-10-01 03:32:08 ERROR   Auto-reconnect disabled, terminating connection
2026-10-01T03:32:31+0000 mm-bot python[6123]: 2026-10-01 03:32:31 INFO    tournament is 'draft' (starts 2026-10-01T16:00:00.000Z) - 237/237 books ready - checking again in 60 s
2026-10-01T03:32:33+0000 mm-bot python[6123]: 2026-10-01 03:32:33 ERROR   WebSocket connection closed with code: 1006, reason:
2026-10-01T03:32:33+0000 mm-bot python[6123]: 2026-10-01 03:32:33 ERROR   Auto-reconnect disabled, terminating connection
2026-10-01T03:32:58+0000 mm-bot python[6123]: 2026-10-01 03:32:58 ERROR   WebSocket connection closed with code: 1006, reason:
2026-10-01T03:32:58+0000 mm-bot python[6123]: 2026-10-01 03:32:58 ERROR   Auto-reconnect disabled, terminating connection
2026-10-01T03:33:23+0000 mm-bot python[6123]: 2026-10-01 03:33:23 ERROR   WebSocket connection closed with code: 1006, reason:
2026-10-01T03:33:23+0000 mm-bot python[6123]: 2026-10-01 03:33:23 ERROR   Auto-reconnect disabled, terminating connection
2026-10-01T03:33:38+0000 mm-bot python[6123]: 2026-10-01 03:33:38 INFO    tournament is 'draft' (starts 2026-10-01T16:00:00.000Z) - 237/237 books ready - checking again in 60 s
2026-10-01T03:33:48+0000 mm-bot python[6123]: 2026-10-01 03:33:48 ERROR   WebSocket connection closed with code: 1006, reason:
2026-10-01T03:33:48+0000 mm-bot python[6123]: 2026-10-01 03:33:48 ERROR   Auto-reconnect disabled, terminating connection
2026-10-01T03:34:13+0000 mm-bot python[6123]: 2026-10-01 03:34:13 ERROR   WebSocket connection closed with code: 1006, reason:
2026-10-01T03:34:13+0000 mm-bot python[6123]: 2026-10-01 03:34:13 ERROR   Auto-reconnect disabled, terminating connection
2026-10-01T03:34:38+0000 mm-bot python[6123]: 2026-10-01 03:34:38 ERROR   WebSocket connection closed with code: 1006, reason:
2026-10-01T03:34:38+0000 mm-bot python[6123]: 2026-10-01 03:34:38 ERROR   Auto-reconnect disabled, terminating connection
2026-10-01T03:34:44+0000 mm-bot python[6123]: 2026-10-01 03:34:44 INFO    tournament is 'draft' (starts 2026-10-01T16:00:00.000Z) - 237/237 books ready - checking again in 60 s
2026-10-01T03:35:03+0000 mm-bot python[6123]: 2026-10-01 03:35:03 ERROR   WebSocket connection closed with code: 1006, reason:
2026-10-01T03:35:03+0000 mm-bot python[6123]: 2026-10-01 03:35:03 ERROR   Auto-reconnect disabled, terminating connection
2026-10-01T03:35:28+0000 mm-bot python[6123]: 2026-10-01 03:35:28 ERROR   WebSocket connection closed with code: 1006, reason:
2026-10-01T03:35:28+0000 mm-bot python[6123]: 2026-10-01 03:35:28 ERROR   Auto-reconnect disabled, terminating connection
2026-10-01T03:35:30+0000 mm-bot python[6123]: 2026-10-01 03:35:30 ERROR   WebSocket connection closed with code: 1006, reason:
2026-10-01T03:35:30+0000 mm-bot python[6123]: 2026-10-01 03:35:30 ERROR   Auto-reconnect disabled, terminating connection
2026-10-01T03:35:30+0000 mm-bot python[6123]: 2026-10-01 03:35:30 ERROR   WebSocket connection closed with code: 1006, reason:
2026-10-01T03:35:30+0000 mm-bot python[6123]: 2026-10-01 03:35:30 ERROR   Auto-reconnect disabled, terminating connection
2026-10-01T03:35:30+0000 mm-bot python[6123]: 2026-10-01 03:35:30 INFO    realtime: login token refreshed - full resync next cycle
2026-10-01T03:35:51+0000 mm-bot python[6123]: 2026-10-01 03:35:51 INFO    tournament is 'draft' (starts 2026-10-01T16:00:00.000Z) - 237/237 books ready - checking again in 60 s
2026-10-01T03:35:53+0000 mm-bot python[6123]: 2026-10-01 03:35:53 ERROR   WebSocket connection closed with code: 1006, reason:
2026-10-01T03:35:53+0000 mm-bot python[6123]: 2026-10-01 03:35:53 ERROR   Auto-reconnect disabled, terminating connection
2026-10-01T03:36:18+0000 mm-bot python[6123]: 2026-10-01 03:36:18 ERROR   WebSocket connection closed with code: 1006, reason:
2026-10-01T03:36:18+0000 mm-bot python[6123]: 2026-10-01 03:36:18 ERROR   Auto-reconnect disabled, terminating connection
2026-10-01T03:36:43+0000 mm-bot python[6123]: 2026-10-01 03:36:43 ERROR   WebSocket connection closed with code: 1006, reason:
2026-10-01T03:36:43+0000 mm-bot python[6123]: 2026-10-01 03:36:43 ERROR   Auto-reconnect disabled, terminating connection
2026-10-01T03:36:58+0000 mm-bot python[6123]: 2026-10-01 03:36:58 INFO    tournament is 'draft' (starts 2026-10-01T16:00:00.000Z) - 237/237 books ready - checking again in 60 s
2026-10-01T03:37:08+0000 mm-bot python[6123]: 2026-10-01 03:37:08 ERROR   WebSocket connection closed with code: 1006, reason:
2026-10-01T03:37:08+0000 mm-bot python[6123]: 2026-10-01 03:37:08 ERROR   Auto-reconnect disabled, terminating connection
2026-10-01T03:37:33+0000 mm-bot python[6123]: 2026-10-01 03:37:33 ERROR   WebSocket connection closed with code: 1006, reason:
2026-10-01T03:37:33+0000 mm-bot python[6123]: 2026-10-01 03:37:33 ERROR   Auto-reconnect disabled, terminating connection
2026-10-01T03:37:58+0000 mm-bot python[6123]: 2026-10-01 03:37:58 ERROR   WebSocket connection closed with code: 1006, reason:
2026-10-01T03:37:58+0000 mm-bot python[6123]: 2026-10-01 03:37:58 ERROR   Auto-reconnect disabled, terminating connection
2026-10-01T03:38:04+0000 mm-bot python[6123]: 2026-10-01 03:38:04 INFO    tournament is 'draft' (starts 2026-10-01T16:00:00.000Z) - 237/237 books ready - checking again in 60 s
2026-10-01T03:38:23+0000 mm-bot python[6123]: 2026-10-01 03:38:23 ERROR   WebSocket connection closed with code: 1006, reason:
2026-10-01T03:38:23+0000 mm-bot python[6123]: 2026-10-01 03:38:23 ERROR   Auto-reconnect disabled, terminating connection
2026-10-01T03:38:48+0000 mm-bot python[6123]: 2026-10-01 03:38:48 ERROR   WebSocket connection closed with code: 1006, reason:
2026-10-01T03:38:48+0000 mm-bot python[6123]: 2026-10-01 03:38:48 ERROR   Auto-reconnect disabled, terminating connection
2026-10-01T03:39:11+0000 mm-bot python[6123]: 2026-10-01 03:39:11 INFO    tournament is 'draft' (starts 2026-10-01T16:00:00.000Z) - 237/237 books ready - checking again in 60 s
2026-10-01T03:39:13+0000 mm-bot python[6123]: 2026-10-01 03:39:13 ERROR   WebSocket connection closed with code: 1006, reason:
2026-10-01T03:39:13+0000 mm-bot python[6123]: 2026-10-01 03:39:13 ERROR   Auto-reconnect disabled, terminating connection
2026-10-01T03:39:38+0000 mm-bot python[6123]: 2026-10-01 03:39:38 ERROR   WebSocket connection closed with code: 1006, reason:
2026-10-01T03:39:38+0000 mm-bot python[6123]: 2026-10-01 03:39:38 ERROR   Auto-reconnect disabled, terminating connection
2026-10-01T03:40:03+0000 mm-bot python[6123]: 2026-10-01 03:40:03 ERROR   WebSocket connection closed with code: 1006, reason:
2026-10-01T03:40:03+0000 mm-bot python[6123]: 2026-10-01 03:40:03 ERROR   Auto-reconnect disabled, terminating connection
2026-10-01T03:40:17+0000 mm-bot python[6123]: 2026-10-01 03:40:17 INFO    tournament is 'draft' (starts 2026-10-01T16:00:00.000Z) - 237/237 books ready - checking again in 60 s
2026-10-01T03:40:28+0000 mm-bot python[6123]: 2026-10-01 03:40:28 ERROR   WebSocket connection closed with code: 1006, reason:
2026-10-01T03:40:28+0000 mm-bot python[6123]: 2026-10-01 03:40:28 ERROR   Auto-reconnect disabled, terminating connection
2026-10-01T03:40:53+0000 mm-bot python[6123]: 2026-10-01 03:40:53 ERROR   WebSocket connection closed with code: 1006, reason:
2026-10-01T03:40:53+0000 mm-bot python[6123]: 2026-10-01 03:40:53 ERROR   Auto-reconnect disabled, terminating connection
2026-10-01T03:41:18+0000 mm-bot python[6123]: 2026-10-01 03:41:18 ERROR   WebSocket connection closed with code: 1006, reason:
2026-10-01T03:41:18+0000 mm-bot python[6123]: 2026-10-01 03:41:18 ERROR   Auto-reconnect disabled, terminating connection
2026-10-01T03:41:24+0000 mm-bot python[6123]: 2026-10-01 03:41:24 INFO    tournament is 'draft' (starts 2026-10-01T16:00:00.000Z) - 237/237 books ready - checking again in 60 s
2026-10-01T03:41:43+0000 mm-bot python[6123]: 2026-10-01 03:41:43 ERROR   WebSocket connection closed with code: 1006, reason:
2026-10-01T03:41:43+0000 mm-bot python[6123]: 2026-10-01 03:41:43 ERROR   Auto-reconnect disabled, terminating connection
2026-10-01T03:42:08+0000 mm-bot python[6123]: 2026-10-01 03:42:08 ERROR   WebSocket connection closed with code: 1006, reason:
2026-10-01T03:42:08+0000 mm-bot python[6123]: 2026-10-01 03:42:08 ERROR   Auto-reconnect disabled, terminating connection
2026-10-01T03:42:31+0000 mm-bot python[6123]: 2026-10-01 03:42:31 INFO    tournament is 'draft' (starts 2026-10-01T16:00:00.000Z) - 237/237 books ready - checking again in 60 s
2026-10-01T03:42:33+0000 mm-bot python[6123]: 2026-10-01 03:42:33 ERROR   WebSocket connection closed with code: 1006, reason:
2026-10-01T03:42:33+0000 mm-bot python[6123]: 2026-10-01 03:42:33 ERROR   Auto-reconnect disabled, terminating connection
2026-10-01T03:42:58+0000 mm-bot python[6123]: 2026-10-01 03:42:58 ERROR   WebSocket connection closed with code: 1006, reason:
2026-10-01T03:42:58+0000 mm-bot python[6123]: 2026-10-01 03:42:58 ERROR   Auto-reconnect disabled, terminating connection
2026-10-01T03:43:23+0000 mm-bot python[6123]: 2026-10-01 03:43:23 ERROR   WebSocket connection closed with code: 1006, reason:
2026-10-01T03:43:23+0000 mm-bot python[6123]: 2026-10-01 03:43:23 ERROR   Auto-reconnect disabled, terminating connection
2026-10-01T03:43:37+0000 mm-bot python[6123]: 2026-10-01 03:43:37 INFO    tournament is 'draft' (starts 2026-10-01T16:00:00.000Z) - 237/237 books ready - checking again in 60 s
2026-10-01T03:43:48+0000 mm-bot python[6123]: 2026-10-01 03:43:48 ERROR   WebSocket connection closed with code: 1006, reason:
2026-10-01T03:43:48+0000 mm-bot python[6123]: 2026-10-01 03:43:48 ERROR   Auto-reconnect disabled, terminating connection
2026-10-01T03:44:13+0000 mm-bot python[6123]: 2026-10-01 03:44:13 ERROR   WebSocket connection closed with code: 1006, reason:
2026-10-01T03:44:13+0000 mm-bot python[6123]: 2026-10-01 03:44:13 ERROR   Auto-reconnect disabled, terminating connection
2026-10-01T03:44:38+0000 mm-bot python[6123]: 2026-10-01 03:44:38 ERROR   WebSocket connection closed with code: 1006, reason:
2026-10-01T03:44:38+0000 mm-bot python[6123]: 2026-10-01 03:44:38 ERROR   Auto-reconnect disabled, terminating connection
2026-10-01T03:44:44+0000 mm-bot python[6123]: 2026-10-01 03:44:44 INFO    tournament is 'draft' (starts 2026-10-01T16:00:00.000Z) - 237/237 books ready - checking again in 60 s
2026-10-01T03:45:03+0000 mm-bot python[6123]: 2026-10-01 03:45:03 ERROR   WebSocket connection closed with code: 1006, reason:
2026-10-01T03:45:03+0000 mm-bot python[6123]: 2026-10-01 03:45:03 ERROR   Auto-reconnect disabled, terminating connection
2026-10-01T03:45:28+0000 mm-bot python[6123]: 2026-10-01 03:45:28 ERROR   WebSocket connection closed with code: 1006, reason:
2026-10-01T03:45:28+0000 mm-bot python[6123]: 2026-10-01 03:45:28 ERROR   Auto-reconnect disabled, terminating connection
2026-10-01T03:45:51+0000 mm-bot python[6123]: 2026-10-01 03:45:51 INFO    tournament is 'draft' (starts 2026-10-01T16:00:00.000Z) - 237/237 books ready - checking again in 60 s
2026-10-01T03:45:53+0000 mm-bot python[6123]: 2026-10-01 03:45:53 ERROR   WebSocket connection closed with code: 1006, reason:
2026-10-01T03:45:53+0000 mm-bot python[6123]: 2026-10-01 03:45:53 ERROR   Auto-reconnect disabled, terminating connection
2026-10-01T03:46:18+0000 mm-bot python[6123]: 2026-10-01 03:46:18 ERROR   WebSocket connection closed with code: 1006, reason:
2026-10-01T03:46:18+0000 mm-bot python[6123]: 2026-10-01 03:46:18 ERROR   Auto-reconnect disabled, terminating connection
2026-10-01T03:46:43+0000 mm-bot python[6123]: 2026-10-01 03:46:43 ERROR   WebSocket connection closed with code: 1006, reason:
2026-10-01T03:46:43+0000 mm-bot python[6123]: 2026-10-01 03:46:43 ERROR   Auto-reconnect disabled, terminating connection
2026-10-01T03:46:57+0000 mm-bot python[6123]: 2026-10-01 03:46:57 INFO    tournament is 'draft' (starts 2026-10-01T16:00:00.000Z) - 237/237 books ready - checking again in 60 s
2026-10-01T03:47:08+0000 mm-bot python[6123]: 2026-10-01 03:47:08 ERROR   WebSocket connection closed with code: 1006, reason:
2026-10-01T03:47:08+0000 mm-bot python[6123]: 2026-10-01 03:47:08 ERROR   Auto-reconnect disabled, terminating connection
2026-10-01T03:47:33+0000 mm-bot python[6123]: 2026-10-01 03:47:33 ERROR   WebSocket connection closed with code: 1006, reason:
2026-10-01T03:47:33+0000 mm-bot python[6123]: 2026-10-01 03:47:33 ERROR   Auto-reconnect disabled, terminating connection
2026-10-01T03:47:58+0000 mm-bot python[6123]: 2026-10-01 03:47:58 ERROR   WebSocket connection closed with code: 1006, reason:
2026-10-01T03:47:58+0000 mm-bot python[6123]: 2026-10-01 03:47:58 ERROR   Auto-reconnect disabled, terminating connection
2026-10-01T03:48:04+0000 mm-bot python[6123]: 2026-10-01 03:48:04 INFO    tournament is 'draft' (starts 2026-10-01T16:00:00.000Z) - 237/237 books ready - checking again in 60 s
2026-10-01T03:48:23+0000 mm-bot python[6123]: 2026-10-01 03:48:23 ERROR   WebSocket connection closed with code: 1006, reason:
2026-10-01T03:48:23+0000 mm-bot python[6123]: 2026-10-01 03:48:23 ERROR   Auto-reconnect disabled, terminating connection
2026-10-01T03:48:48+0000 mm-bot python[6123]: 2026-10-01 03:48:48 ERROR   WebSocket connection closed with code: 1006, reason:
2026-10-01T03:48:48+0000 mm-bot python[6123]: 2026-10-01 03:48:48 ERROR   Auto-reconnect disabled, terminating connection
2026-10-01T03:49:10+0000 mm-bot python[6123]: 2026-10-01 03:49:10 INFO    tournament is 'draft' (starts 2026-10-01T16:00:00.000Z) - 237/237 books ready - checking again in 60 s
2026-10-01T03:49:13+0000 mm-bot python[6123]: 2026-10-01 03:49:13 ERROR   WebSocket connection closed with code: 1006, reason:
2026-10-01T03:49:13+0000 mm-bot python[6123]: 2026-10-01 03:49:13 ERROR   Auto-reconnect disabled, terminating connection
2026-10-01T03:49:38+0000 mm-bot python[6123]: 2026-10-01 03:49:38 ERROR   WebSocket connection closed with code: 1006, reason:
2026-10-01T03:49:38+0000 mm-bot python[6123]: 2026-10-01 03:49:38 ERROR   Auto-reconnect disabled, terminating connection
2026-10-01T03:50:03+0000 mm-bot python[6123]: 2026-10-01 03:50:03 ERROR   WebSocket connection closed with code: 1006, reason:
2026-10-01T03:50:03+0000 mm-bot python[6123]: 2026-10-01 03:50:03 ERROR   Auto-reconnect disabled, terminating connection
2026-10-01T03:50:17+0000 mm-bot python[6123]: 2026-10-01 03:50:17 INFO    tournament is 'draft' (starts 2026-10-01T16:00:00.000Z) - 237/237 books ready - checking again in 60 s
2026-10-01T03:50:28+0000 mm-bot python[6123]: 2026-10-01 03:50:28 ERROR   WebSocket connection closed with code: 1006, reason:
2026-10-01T03:50:28+0000 mm-bot python[6123]: 2026-10-01 03:50:28 ERROR   Auto-reconnect disabled, terminating connection
2026-10-01T03:50:53+0000 mm-bot python[6123]: 2026-10-01 03:50:53 ERROR   WebSocket connection closed with code: 1006, reason:
2026-10-01T03:50:53+0000 mm-bot python[6123]: 2026-10-01 03:50:53 ERROR   Auto-reconnect disabled, terminating connection
2026-10-01T03:51:18+0000 mm-bot python[6123]: 2026-10-01 03:51:18 ERROR   WebSocket connection closed with code: 1006, reason:
2026-10-01T03:51:18+0000 mm-bot python[6123]: 2026-10-01 03:51:18 ERROR   Auto-reconnect disabled, terminating connection
2026-10-01T03:51:24+0000 mm-bot python[6123]: 2026-10-01 03:51:24 INFO    tournament is 'draft' (starts 2026-10-01T16:00:00.000Z) - 237/237 books ready - checking again in 60 s
2026-10-01T03:51:43+0000 mm-bot python[6123]: 2026-10-01 03:51:43 ERROR   WebSocket connection closed with code: 1006, reason:
2026-10-01T03:51:43+0000 mm-bot python[6123]: 2026-10-01 03:51:43 ERROR   Auto-reconnect disabled, terminating connection
2026-10-01T03:52:08+0000 mm-bot python[6123]: 2026-10-01 03:52:08 ERROR   WebSocket connection closed with code: 1006, reason:
2026-10-01T03:52:08+0000 mm-bot python[6123]: 2026-10-01 03:52:08 ERROR   Auto-reconnect disabled, terminating connection
2026-10-01T03:52:30+0000 mm-bot python[6123]: 2026-10-01 03:52:30 INFO    tournament is 'draft' (starts 2026-10-01T16:00:00.000Z) - 237/237 books ready - checking again in 60 s
2026-10-01T03:52:33+0000 mm-bot python[6123]: 2026-10-01 03:52:33 ERROR   WebSocket connection closed with code: 1006, reason:
2026-10-01T03:52:33+0000 mm-bot python[6123]: 2026-10-01 03:52:33 ERROR   Auto-reconnect disabled, terminating connection
2026-10-01T03:52:58+0000 mm-bot python[6123]: 2026-10-01 03:52:58 ERROR   WebSocket connection closed with code: 1006, reason:
2026-10-01T03:52:58+0000 mm-bot python[6123]: 2026-10-01 03:52:58 ERROR   Auto-reconnect disabled, terminating connection
2026-10-01T03:53:23+0000 mm-bot python[6123]: 2026-10-01 03:53:23 ERROR   WebSocket connection closed with code: 1006, reason:
2026-10-01T03:53:23+0000 mm-bot python[6123]: 2026-10-01 03:53:23 ERROR   Auto-reconnect disabled, terminating connection
2026-10-01T03:53:37+0000 mm-bot python[6123]: 2026-10-01 03:53:37 INFO    tournament is 'draft' (starts 2026-10-01T16:00:00.000Z) - 237/237 books ready - checking again in 60 s
2026-10-01T03:53:48+0000 mm-bot python[6123]: 2026-10-01 03:53:48 ERROR   WebSocket connection closed with code: 1006, reason:
2026-10-01T03:53:48+0000 mm-bot python[6123]: 2026-10-01 03:53:48 ERROR   Auto-reconnect disabled, terminating connection
2026-10-01T03:54:14+0000 mm-bot python[6123]: 2026-10-01 03:54:14 ERROR   WebSocket connection closed with code: 1006, reason:
2026-10-01T03:54:14+0000 mm-bot python[6123]: 2026-10-01 03:54:14 ERROR   Auto-reconnect disabled, terminating connection
2026-10-01T03:54:39+0000 mm-bot python[6123]: 2026-10-01 03:54:39 ERROR   WebSocket connection closed with code: 1006, reason:
2026-10-01T03:54:39+0000 mm-bot python[6123]: 2026-10-01 03:54:39 ERROR   Auto-reconnect disabled, terminating connection
2026-10-01T03:54:43+0000 mm-bot python[6123]: 2026-10-01 03:54:43 INFO    tournament is 'draft' (starts 2026-10-01T16:00:00.000Z) - 237/237 books ready - checking again in 60 s
2026-10-01T03:55:04+0000 mm-bot python[6123]: 2026-10-01 03:55:04 ERROR   WebSocket connection closed with code: 1006, reason:
2026-10-01T03:55:04+0000 mm-bot python[6123]: 2026-10-01 03:55:04 ERROR   Auto-reconnect disabled, terminating connection
2026-10-01T03:55:29+0000 mm-bot python[6123]: 2026-10-01 03:55:29 ERROR   WebSocket connection closed with code: 1006, reason:
2026-10-01T03:55:29+0000 mm-bot python[6123]: 2026-10-01 03:55:29 ERROR   Auto-reconnect disabled, terminating connection
2026-10-01T03:55:50+0000 mm-bot python[6123]: 2026-10-01 03:55:50 INFO    tournament is 'draft' (starts 2026-10-01T16:00:00.000Z) - 237/237 books ready - checking again in 60 s
2026-10-01T03:55:54+0000 mm-bot python[6123]: 2026-10-01 03:55:54 ERROR   WebSocket connection closed with code: 1006, reason:
2026-10-01T03:55:54+0000 mm-bot python[6123]: 2026-10-01 03:55:54 ERROR   Auto-reconnect disabled, terminating connection
2026-10-01T03:56:19+0000 mm-bot python[6123]: 2026-10-01 03:56:19 ERROR   WebSocket connection closed with code: 1006, reason:
2026-10-01T03:56:19+0000 mm-bot python[6123]: 2026-10-01 03:56:19 ERROR   Auto-reconnect disabled, terminating connection
2026-10-01T03:56:44+0000 mm-bot python[6123]: 2026-10-01 03:56:44 ERROR   WebSocket connection closed with code: 1006, reason:
2026-10-01T03:56:44+0000 mm-bot python[6123]: 2026-10-01 03:56:44 ERROR   Auto-reconnect disabled, terminating connection
2026-10-01T03:56:57+0000 mm-bot python[6123]: 2026-10-01 03:56:57 INFO    tournament is 'draft' (starts 2026-10-01T16:00:00.000Z) - 237/237 books ready - checking again in 60 s
2026-10-01T03:57:09+0000 mm-bot python[6123]: 2026-10-01 03:57:09 ERROR   WebSocket connection closed with code: 1006, reason:
2026-10-01T03:57:09+0000 mm-bot python[6123]: 2026-10-01 03:57:09 ERROR   Auto-reconnect disabled, terminating connection
2026-10-01T03:57:34+0000 mm-bot python[6123]: 2026-10-01 03:57:34 ERROR   WebSocket connection closed with code: 1006, reason:
2026-10-01T03:57:34+0000 mm-bot python[6123]: 2026-10-01 03:57:34 ERROR   Auto-reconnect disabled, terminating connection
2026-10-01T03:57:59+0000 mm-bot python[6123]: 2026-10-01 03:57:59 ERROR   WebSocket connection closed with code: 1006, reason:
2026-10-01T03:57:59+0000 mm-bot python[6123]: 2026-10-01 03:57:59 ERROR   Auto-reconnect disabled, terminating connection
2026-10-01T03:58:03+0000 mm-bot python[6123]: 2026-10-01 03:58:03 INFO    tournament is 'draft' (starts 2026-10-01T16:00:00.000Z) - 237/237 books ready - checking again in 60 s
2026-10-01T03:58:24+0000 mm-bot python[6123]: 2026-10-01 03:58:24 ERROR   WebSocket connection closed with code: 1006, reason:
2026-10-01T03:58:24+0000 mm-bot python[6123]: 2026-10-01 03:58:24 ERROR   Auto-reconnect disabled, terminating connection
2026-10-01T03:58:49+0000 mm-bot python[6123]: 2026-10-01 03:58:49 ERROR   WebSocket connection closed with code: 1006, reason:
2026-10-01T03:58:49+0000 mm-bot python[6123]: 2026-10-01 03:58:49 ERROR   Auto-reconnect disabled, terminating connection
2026-10-01T03:59:10+0000 mm-bot python[6123]: 2026-10-01 03:59:10 INFO    tournament is 'draft' (starts 2026-10-01T16:00:00.000Z) - 237/237 books ready - checking again in 60 s
2026-10-01T03:59:14+0000 mm-bot python[6123]: 2026-10-01 03:59:14 ERROR   WebSocket connection closed with code: 1006, reason:
2026-10-01T03:59:14+0000 mm-bot python[6123]: 2026-10-01 03:59:14 ERROR   Auto-reconnect disabled, terminating connection
2026-10-01T03:59:39+0000 mm-bot python[6123]: 2026-10-01 03:59:39 ERROR   WebSocket connection closed with code: 1006, reason:
2026-10-01T03:59:39+0000 mm-bot python[6123]: 2026-10-01 03:59:39 ERROR   Auto-reconnect disabled, terminating connection
2026-10-01T04:00:04+0000 mm-bot python[6123]: 2026-10-01 04:00:04 ERROR   WebSocket connection closed with code: 1006, reason:
2026-10-01T04:00:04+0000 mm-bot python[6123]: 2026-10-01 04:00:04 ERROR   Auto-reconnect disabled, terminating connection
2026-10-01T04:00:17+0000 mm-bot python[6123]: 2026-10-01 04:00:17 INFO    tournament is 'draft' (starts 2026-10-01T16:00:00.000Z) - 237/237 books ready - checking again in 60 s
2026-10-01T04:00:18+0000 mm-bot python[6123]: 2026-10-01 04:00:18 INFO    mm_bot: +0 (+0.0%)
2026-10-01T04:00:18+0000 mm-bot python[6123]: Status: OK | waiting for the open (01 Oct 16:00 UTC), 237/237 order books ready
2026-10-01T04:00:18+0000 mm-bot python[6123]: Account 100,000 (+0 total)
2026-10-01T04:00:18+0000 mm-bot python[6123]: Rank: not ranked yet | Smart Score: not scored yet
2026-10-01T04:00:18+0000 mm-bot python[6123]: Last 2h: 0 fills, 0 shares, edge +0.00c, markout +0.00c, 0 arbitrages, 0 takes
2026-10-01T04:00:29+0000 mm-bot python[6123]: 2026-10-01 04:00:29 ERROR   WebSocket connection closed with code: 1006, reason:
2026-10-01T04:00:29+0000 mm-bot python[6123]: 2026-10-01 04:00:29 ERROR   Auto-reconnect disabled, terminating connection
2026-10-01T04:00:54+0000 mm-bot python[6123]: 2026-10-01 04:00:54 ERROR   WebSocket connection closed with code: 1006, reason:
2026-10-01T04:00:54+0000 mm-bot python[6123]: 2026-10-01 04:00:54 ERROR   Auto-reconnect disabled, terminating connection
2026-10-01T04:01:19+0000 mm-bot python[6123]: 2026-10-01 04:01:19 ERROR   WebSocket connection closed with code: 1006, reason:
2026-10-01T04:01:19+0000 mm-bot python[6123]: 2026-10-01 04:01:19 ERROR   Auto-reconnect disabled, terminating connection
2026-10-01T04:01:25+0000 mm-bot python[6123]: 2026-10-01 04:01:25 INFO    tournament is 'draft' (starts 2026-10-01T16:00:00.000Z) - 237/237 books ready - checking again in 60 s
2026-10-01T04:01:44+0000 mm-bot python[6123]: 2026-10-01 04:01:44 ERROR   WebSocket connection closed with code: 1006, reason:
2026-10-01T04:01:44+0000 mm-bot python[6123]: 2026-10-01 04:01:44 ERROR   Auto-reconnect disabled, terminating connection
2026-10-01T04:02:09+0000 mm-bot python[6123]: 2026-10-01 04:02:09 ERROR   WebSocket connection closed with code: 1006, reason:
2026-10-01T04:02:09+0000 mm-bot python[6123]: 2026-10-01 04:02:09 ERROR   Auto-reconnect disabled, terminating connection
2026-10-01T04:02:32+0000 mm-bot python[6123]: 2026-10-01 04:02:32 INFO    tournament is 'draft' (starts 2026-10-01T16:00:00.000Z) - 237/237 books ready - checking again in 60 s
2026-10-01T04:02:34+0000 mm-bot python[6123]: 2026-10-01 04:02:34 ERROR   WebSocket connection closed with code: 1006, reason:
2026-10-01T04:02:34+0000 mm-bot python[6123]: 2026-10-01 04:02:34 ERROR   Auto-reconnect disabled, terminating connection
2026-10-01T04:02:59+0000 mm-bot python[6123]: 2026-10-01 04:02:59 ERROR   WebSocket connection closed with code: 1006, reason:
2026-10-01T04:02:59+0000 mm-bot python[6123]: 2026-10-01 04:02:59 ERROR   Auto-reconnect disabled, terminating connection
2026-10-01T04:03:24+0000 mm-bot python[6123]: 2026-10-01 04:03:24 ERROR   WebSocket connection closed with code: 1006, reason:
2026-10-01T04:03:24+0000 mm-bot python[6123]: 2026-10-01 04:03:24 ERROR   Auto-reconnect disabled, terminating connection
2026-10-01T04:03:38+0000 mm-bot python[6123]: 2026-10-01 04:03:38 INFO    tournament is 'draft' (starts 2026-10-01T16:00:00.000Z) - 237/237 books ready - checking again in 60 s
2026-10-01T04:03:49+0000 mm-bot python[6123]: 2026-10-01 04:03:49 ERROR   WebSocket connection closed with code: 1006, reason:
2026-10-01T04:03:49+0000 mm-bot python[6123]: 2026-10-01 04:03:49 ERROR   Auto-reconnect disabled, terminating connection
2026-10-01T04:04:14+0000 mm-bot python[6123]: 2026-10-01 04:04:14 ERROR   WebSocket connection closed with code: 1006, reason:
2026-10-01T04:04:14+0000 mm-bot python[6123]: 2026-10-01 04:04:14 ERROR   Auto-reconnect disabled, terminating connection
2026-10-01T04:04:39+0000 mm-bot python[6123]: 2026-10-01 04:04:39 ERROR   WebSocket connection closed with code: 1006, reason:
2026-10-01T04:04:39+0000 mm-bot python[6123]: 2026-10-01 04:04:39 ERROR   Auto-reconnect disabled, terminating connection
2026-10-01T04:04:45+0000 mm-bot python[6123]: 2026-10-01 04:04:45 INFO    tournament is 'draft' (starts 2026-10-01T16:00:00.000Z) - 237/237 books ready - checking again in 60 s
2026-10-01T04:05:04+0000 mm-bot python[6123]: 2026-10-01 04:05:04 ERROR   WebSocket connection closed with code: 1006, reason:
2026-10-01T04:05:04+0000 mm-bot python[6123]: 2026-10-01 04:05:04 ERROR   Auto-reconnect disabled, terminating connection
2026-10-01T04:05:29+0000 mm-bot python[6123]: 2026-10-01 04:05:29 ERROR   WebSocket connection closed with code: 1006, reason:
2026-10-01T04:05:29+0000 mm-bot python[6123]: 2026-10-01 04:05:29 ERROR   Auto-reconnect disabled, terminating connection
2026-10-01T04:05:52+0000 mm-bot python[6123]: 2026-10-01 04:05:52 INFO    tournament is 'draft' (starts 2026-10-01T16:00:00.000Z) - 237/237 books ready - checking again in 60 s
2026-10-01T04:05:54+0000 mm-bot python[6123]: 2026-10-01 04:05:54 ERROR   WebSocket connection closed with code: 1006, reason:
2026-10-01T04:05:54+0000 mm-bot python[6123]: 2026-10-01 04:05:54 ERROR   Auto-reconnect disabled, terminating connection
2026-10-01T04:06:19+0000 mm-bot python[6123]: 2026-10-01 04:06:19 ERROR   WebSocket connection closed with code: 1006, reason:
2026-10-01T04:06:19+0000 mm-bot python[6123]: 2026-10-01 04:06:19 ERROR   Auto-reconnect disabled, terminating connection
2026-10-01T04:06:44+0000 mm-bot python[6123]: 2026-10-01 04:06:44 ERROR   WebSocket connection closed with code: 1006, reason:
2026-10-01T04:06:44+0000 mm-bot python[6123]: 2026-10-01 04:06:44 ERROR   Auto-reconnect disabled, terminating connection
2026-10-01T04:06:58+0000 mm-bot python[6123]: 2026-10-01 04:06:58 INFO    tournament is 'draft' (starts 2026-10-01T16:00:00.000Z) - 237/237 books ready - checking again in 60 s
2026-10-01T04:07:09+0000 mm-bot python[6123]: 2026-10-01 04:07:09 ERROR   WebSocket connection closed with code: 1006, reason:
2026-10-01T04:07:09+0000 mm-bot python[6123]: 2026-10-01 04:07:09 ERROR   Auto-reconnect disabled, terminating connection
2026-10-01T04:07:34+0000 mm-bot python[6123]: 2026-10-01 04:07:34 ERROR   WebSocket connection closed with code: 1006, reason:
2026-10-01T04:07:34+0000 mm-bot python[6123]: 2026-10-01 04:07:34 ERROR   Auto-reconnect disabled, terminating connection
2026-10-01T04:07:59+0000 mm-bot python[6123]: 2026-10-01 04:07:59 ERROR   WebSocket connection closed with code: 1006, reason:
2026-10-01T04:07:59+0000 mm-bot python[6123]: 2026-10-01 04:07:59 ERROR   Auto-reconnect disabled, terminating connection
2026-10-01T04:08:05+0000 mm-bot python[6123]: 2026-10-01 04:08:05 INFO    tournament is 'draft' (starts 2026-10-01T16:00:00.000Z) - 237/237 books ready - checking again in 60 s
2026-10-01T04:08:24+0000 mm-bot python[6123]: 2026-10-01 04:08:24 ERROR   WebSocket connection closed with code: 1006, reason:
2026-10-01T04:08:24+0000 mm-bot python[6123]: 2026-10-01 04:08:24 ERROR   Auto-reconnect disabled, terminating connection
2026-10-01T04:08:49+0000 mm-bot python[6123]: 2026-10-01 04:08:49 ERROR   WebSocket connection closed with code: 1006, reason:
2026-10-01T04:08:49+0000 mm-bot python[6123]: 2026-10-01 04:08:49 ERROR   Auto-reconnect disabled, terminating connection
2026-10-01T04:09:11+0000 mm-bot python[6123]: 2026-10-01 04:09:11 INFO    tournament is 'draft' (starts 2026-10-01T16:00:00.000Z) - 237/237 books ready - checking again in 60 s
2026-10-01T04:09:14+0000 mm-bot python[6123]: 2026-10-01 04:09:14 ERROR   WebSocket connection closed with code: 1006, reason:
2026-10-01T04:09:14+0000 mm-bot python[6123]: 2026-10-01 04:09:14 ERROR   Auto-reconnect disabled, terminating connection
2026-10-01T04:09:39+0000 mm-bot python[6123]: 2026-10-01 04:09:39 ERROR   WebSocket connection closed with code: 1006, reason:
2026-10-01T04:09:39+0000 mm-bot python[6123]: 2026-10-01 04:09:39 ERROR   Auto-reconnect disabled, terminating connection
2026-10-01T04:10:04+0000 mm-bot python[6123]: 2026-10-01 04:10:04 ERROR   WebSocket connection closed with code: 1006, reason:
2026-10-01T04:10:04+0000 mm-bot python[6123]: 2026-10-01 04:10:04 ERROR   Auto-reconnect disabled, terminating connection
2026-10-01T04:10:18+0000 mm-bot python[6123]: 2026-10-01 04:10:18 INFO    tournament is 'draft' (starts 2026-10-01T16:00:00.000Z) - 237/237 books ready - checking again in 60 s
2026-10-01T04:10:29+0000 mm-bot python[6123]: 2026-10-01 04:10:29 ERROR   WebSocket connection closed with code: 1006, reason:
2026-10-01T04:10:29+0000 mm-bot python[6123]: 2026-10-01 04:10:29 ERROR   Auto-reconnect disabled, terminating connection
2026-10-01T04:10:54+0000 mm-bot python[6123]: 2026-10-01 04:10:54 ERROR   WebSocket connection closed with code: 1006, reason:
2026-10-01T04:10:54+0000 mm-bot python[6123]: 2026-10-01 04:10:54 ERROR   Auto-reconnect disabled, terminating connection
2026-10-01T04:11:19+0000 mm-bot python[6123]: 2026-10-01 04:11:19 ERROR   WebSocket connection closed with code: 1006, reason:
2026-10-01T04:11:19+0000 mm-bot python[6123]: 2026-10-01 04:11:19 ERROR   Auto-reconnect disabled, terminating connection
2026-10-01T04:11:25+0000 mm-bot python[6123]: 2026-10-01 04:11:25 INFO    tournament is 'draft' (starts 2026-10-01T16:00:00.000Z) - 237/237 books ready - checking again in 60 s
2026-10-01T04:11:44+0000 mm-bot python[6123]: 2026-10-01 04:11:44 ERROR   WebSocket connection closed with code: 1006, reason:
2026-10-01T04:11:44+0000 mm-bot python[6123]: 2026-10-01 04:11:44 ERROR   Auto-reconnect disabled, terminating connection
2026-10-01T04:12:09+0000 mm-bot python[6123]: 2026-10-01 04:12:09 ERROR   WebSocket connection closed with code: 1006, reason:
2026-10-01T04:12:09+0000 mm-bot python[6123]: 2026-10-01 04:12:09 ERROR   Auto-reconnect disabled, terminating connection
2026-10-01T04:12:31+0000 mm-bot python[6123]: 2026-10-01 04:12:31 INFO    tournament is 'draft' (starts 2026-10-01T16:00:00.000Z) - 237/237 books ready - checking again in 60 s
2026-10-01T04:12:34+0000 mm-bot python[6123]: 2026-10-01 04:12:34 ERROR   WebSocket connection closed with code: 1006, reason:
2026-10-01T04:12:34+0000 mm-bot python[6123]: 2026-10-01 04:12:34 ERROR   Auto-reconnect disabled, terminating connection
2026-10-01T04:12:59+0000 mm-bot python[6123]: 2026-10-01 04:12:59 ERROR   WebSocket connection closed with code: 1006, reason:
2026-10-01T04:12:59+0000 mm-bot python[6123]: 2026-10-01 04:12:59 ERROR   Auto-reconnect disabled, terminating connection
2026-10-01T04:13:24+0000 mm-bot python[6123]: 2026-10-01 04:13:24 ERROR   WebSocket connection closed with code: 1006, reason:
2026-10-01T04:13:24+0000 mm-bot python[6123]: 2026-10-01 04:13:24 ERROR   Auto-reconnect disabled, terminating connection
2026-10-01T04:13:38+0000 mm-bot python[6123]: 2026-10-01 04:13:38 INFO    tournament is 'draft' (starts 2026-10-01T16:00:00.000Z) - 237/237 books ready - checking again in 60 s
2026-10-01T04:13:49+0000 mm-bot python[6123]: 2026-10-01 04:13:49 ERROR   WebSocket connection closed with code: 1006, reason:
2026-10-01T04:13:49+0000 mm-bot python[6123]: 2026-10-01 04:13:49 ERROR   Auto-reconnect disabled, terminating connection
2026-10-01T04:14:14+0000 mm-bot python[6123]: 2026-10-01 04:14:14 ERROR   WebSocket connection closed with code: 1006, reason:
2026-10-01T04:14:14+0000 mm-bot python[6123]: 2026-10-01 04:14:14 ERROR   Auto-reconnect disabled, terminating connection
2026-10-01T04:14:39+0000 mm-bot python[6123]: 2026-10-01 04:14:39 ERROR   WebSocket connection closed with code: 1006, reason:
2026-10-01T04:14:39+0000 mm-bot python[6123]: 2026-10-01 04:14:39 ERROR   Auto-reconnect disabled, terminating connection
2026-10-01T04:14:44+0000 mm-bot python[6123]: 2026-10-01 04:14:44 INFO    tournament is 'draft' (starts 2026-10-01T16:00:00.000Z) - 237/237 books ready - checking again in 60 s
2026-10-01T04:15:04+0000 mm-bot python[6123]: 2026-10-01 04:15:04 ERROR   WebSocket connection closed with code: 1006, reason:
2026-10-01T04:15:04+0000 mm-bot python[6123]: 2026-10-01 04:15:04 ERROR   Auto-reconnect disabled, terminating connection
2026-10-01T04:15:29+0000 mm-bot python[6123]: 2026-10-01 04:15:29 ERROR   WebSocket connection closed with code: 1006, reason:
2026-10-01T04:15:29+0000 mm-bot python[6123]: 2026-10-01 04:15:29 ERROR   Auto-reconnect disabled, terminating connection
2026-10-01T04:15:51+0000 mm-bot python[6123]: 2026-10-01 04:15:51 INFO    tournament is 'draft' (starts 2026-10-01T16:00:00.000Z) - 237/237 books ready - checking again in 60 s
2026-10-01T04:15:54+0000 mm-bot python[6123]: 2026-10-01 04:15:54 ERROR   WebSocket connection closed with code: 1006, reason:
2026-10-01T04:15:54+0000 mm-bot python[6123]: 2026-10-01 04:15:54 ERROR   Auto-reconnect disabled, terminating connection
2026-10-01T04:16:19+0000 mm-bot python[6123]: 2026-10-01 04:16:19 ERROR   WebSocket connection closed with code: 1006, reason:
2026-10-01T04:16:19+0000 mm-bot python[6123]: 2026-10-01 04:16:19 ERROR   Auto-reconnect disabled, terminating connection
2026-10-01T04:16:44+0000 mm-bot python[6123]: 2026-10-01 04:16:44 ERROR   WebSocket connection closed with code: 1006, reason:
2026-10-01T04:16:44+0000 mm-bot python[6123]: 2026-10-01 04:16:44 ERROR   Auto-reconnect disabled, terminating connection
2026-10-01T04:16:58+0000 mm-bot python[6123]: 2026-10-01 04:16:58 INFO    tournament is 'draft' (starts 2026-10-01T16:00:00.000Z) - 237/237 books ready - checking again in 60 s
2026-10-01T04:17:09+0000 mm-bot python[6123]: 2026-10-01 04:17:09 ERROR   WebSocket connection closed with code: 1006, reason:
2026-10-01T04:17:09+0000 mm-bot python[6123]: 2026-10-01 04:17:09 ERROR   Auto-reconnect disabled, terminating connection
2026-10-01T04:17:34+0000 mm-bot python[6123]: 2026-10-01 04:17:34 ERROR   WebSocket connection closed with code: 1006, reason:
2026-10-01T04:17:34+0000 mm-bot python[6123]: 2026-10-01 04:17:34 ERROR   Auto-reconnect disabled, terminating connection
2026-10-01T04:17:59+0000 mm-bot python[6123]: 2026-10-01 04:17:59 ERROR   WebSocket connection closed with code: 1006, reason:
2026-10-01T04:17:59+0000 mm-bot python[6123]: 2026-10-01 04:17:59 ERROR   Auto-reconnect disabled, terminating connection
2026-10-01T04:18:04+0000 mm-bot python[6123]: 2026-10-01 04:18:04 INFO    tournament is 'draft' (starts 2026-10-01T16:00:00.000Z) - 237/237 books ready - checking again in 60 s
2026-10-01T04:18:24+0000 mm-bot python[6123]: 2026-10-01 04:18:24 ERROR   WebSocket connection closed with code: 1006, reason:
2026-10-01T04:18:24+0000 mm-bot python[6123]: 2026-10-01 04:18:24 ERROR   Auto-reconnect disabled, terminating connection
2026-10-01T04:18:49+0000 mm-bot python[6123]: 2026-10-01 04:18:49 ERROR   WebSocket connection closed with code: 1006, reason:
2026-10-01T04:18:49+0000 mm-bot python[6123]: 2026-10-01 04:18:49 ERROR   Auto-reconnect disabled, terminating connection
2026-10-01T04:19:11+0000 mm-bot python[6123]: 2026-10-01 04:19:11 INFO    tournament is 'draft' (starts 2026-10-01T16:00:00.000Z) - 237/237 books ready - checking again in 60 s
2026-10-01T04:19:14+0000 mm-bot python[6123]: 2026-10-01 04:19:14 ERROR   WebSocket connection closed with code: 1006, reason:
2026-10-01T04:19:14+0000 mm-bot python[6123]: 2026-10-01 04:19:14 ERROR   Auto-reconnect disabled, terminating connection
2026-10-01T04:19:39+0000 mm-bot python[6123]: 2026-10-01 04:19:39 ERROR   WebSocket connection closed with code: 1006, reason:
2026-10-01T04:19:39+0000 mm-bot python[6123]: 2026-10-01 04:19:39 ERROR   Auto-reconnect disabled, terminating connection
2026-10-01T04:20:04+0000 mm-bot python[6123]: 2026-10-01 04:20:04 ERROR   WebSocket connection closed with code: 1006, reason:
2026-10-01T04:20:04+0000 mm-bot python[6123]: 2026-10-01 04:20:04 ERROR   Auto-reconnect disabled, terminating connection
2026-10-01T04:20:18+0000 mm-bot python[6123]: 2026-10-01 04:20:18 INFO    tournament is 'draft' (starts 2026-10-01T16:00:00.000Z) - 237/237 books ready - checking again in 60 s
2026-10-01T04:20:29+0000 mm-bot python[6123]: 2026-10-01 04:20:29 ERROR   WebSocket connection closed with code: 1006, reason:
2026-10-01T04:20:29+0000 mm-bot python[6123]: 2026-10-01 04:20:29 ERROR   Auto-reconnect disabled, terminating connection
2026-10-01T04:20:54+0000 mm-bot python[6123]: 2026-10-01 04:20:54 ERROR   WebSocket connection closed with code: 1006, reason:
2026-10-01T04:20:54+0000 mm-bot python[6123]: 2026-10-01 04:20:54 ERROR   Auto-reconnect disabled, terminating connection
2026-10-01T04:21:19+0000 mm-bot python[6123]: 2026-10-01 04:21:19 ERROR   WebSocket connection closed with code: 1006, reason:
2026-10-01T04:21:19+0000 mm-bot python[6123]: 2026-10-01 04:21:19 ERROR   Auto-reconnect disabled, terminating connection
2026-10-01T04:21:24+0000 mm-bot python[6123]: 2026-10-01 04:21:24 INFO    tournament is 'draft' (starts 2026-10-01T16:00:00.000Z) - 237/237 books ready - checking again in 60 s
2026-10-01T04:21:44+0000 mm-bot python[6123]: 2026-10-01 04:21:44 ERROR   WebSocket connection closed with code: 1006, reason:
2026-10-01T04:21:44+0000 mm-bot python[6123]: 2026-10-01 04:21:44 ERROR   Auto-reconnect disabled, terminating connection
2026-10-01T04:22:09+0000 mm-bot python[6123]: 2026-10-01 04:22:09 ERROR   WebSocket connection closed with code: 1006, reason:
2026-10-01T04:22:09+0000 mm-bot python[6123]: 2026-10-01 04:22:09 ERROR   Auto-reconnect disabled, terminating connection
2026-10-01T04:22:31+0000 mm-bot python[6123]: 2026-10-01 04:22:31 INFO    tournament is 'draft' (starts 2026-10-01T16:00:00.000Z) - 237/237 books ready - checking again in 60 s
2026-10-01T04:22:34+0000 mm-bot python[6123]: 2026-10-01 04:22:34 ERROR   WebSocket connection closed with code: 1006, reason:
2026-10-01T04:22:34+0000 mm-bot python[6123]: 2026-10-01 04:22:34 ERROR   Auto-reconnect disabled, terminating connection
2026-10-01T04:22:59+0000 mm-bot python[6123]: 2026-10-01 04:22:59 ERROR   WebSocket connection closed with code: 1006, reason:
2026-10-01T04:22:59+0000 mm-bot python[6123]: 2026-10-01 04:22:59 ERROR   Auto-reconnect disabled, terminating connection
2026-10-01T04:23:24+0000 mm-bot python[6123]: 2026-10-01 04:23:24 ERROR   WebSocket connection closed with code: 1006, reason:
2026-10-01T04:23:24+0000 mm-bot python[6123]: 2026-10-01 04:23:24 ERROR   Auto-reconnect disabled, terminating connection
2026-10-01T04:23:37+0000 mm-bot python[6123]: 2026-10-01 04:23:37 INFO    tournament is 'draft' (starts 2026-10-01T16:00:00.000Z) - 237/237 books ready - checking again in 60 s
2026-10-01T04:23:49+0000 mm-bot python[6123]: 2026-10-01 04:23:49 ERROR   WebSocket connection closed with code: 1006, reason:
2026-10-01T04:23:49+0000 mm-bot python[6123]: 2026-10-01 04:23:49 ERROR   Auto-reconnect disabled, terminating connection
2026-10-01T04:24:14+0000 mm-bot python[6123]: 2026-10-01 04:24:14 ERROR   WebSocket connection closed with code: 1006, reason:
2026-10-01T04:24:14+0000 mm-bot python[6123]: 2026-10-01 04:24:14 ERROR   Auto-reconnect disabled, terminating connection
2026-10-01T04:24:39+0000 mm-bot python[6123]: 2026-10-01 04:24:39 ERROR   WebSocket connection closed with code: 1006, reason:
2026-10-01T04:24:39+0000 mm-bot python[6123]: 2026-10-01 04:24:39 ERROR   Auto-reconnect disabled, terminating connection
2026-10-01T04:24:44+0000 mm-bot python[6123]: 2026-10-01 04:24:44 INFO    tournament is 'draft' (starts 2026-10-01T16:00:00.000Z) - 237/237 books ready - checking again in 60 s
2026-10-01T04:25:04+0000 mm-bot python[6123]: 2026-10-01 04:25:04 ERROR   WebSocket connection closed with code: 1006, reason:
2026-10-01T04:25:04+0000 mm-bot python[6123]: 2026-10-01 04:25:04 ERROR   Auto-reconnect disabled, terminating connection
2026-10-01T04:25:29+0000 mm-bot python[6123]: 2026-10-01 04:25:29 ERROR   WebSocket connection closed with code: 1006, reason:
2026-10-01T04:25:29+0000 mm-bot python[6123]: 2026-10-01 04:25:29 ERROR   Auto-reconnect disabled, terminating connection
2026-10-01T04:25:51+0000 mm-bot python[6123]: 2026-10-01 04:25:51 INFO    tournament is 'draft' (starts 2026-10-01T16:00:00.000Z) - 237/237 books ready - checking again in 60 s
2026-10-01T04:25:54+0000 mm-bot python[6123]: 2026-10-01 04:25:54 ERROR   WebSocket connection closed with code: 1006, reason:
2026-10-01T04:25:54+0000 mm-bot python[6123]: 2026-10-01 04:25:54 ERROR   Auto-reconnect disabled, terminating connection
2026-10-01T04:26:19+0000 mm-bot python[6123]: 2026-10-01 04:26:19 ERROR   WebSocket connection closed with code: 1006, reason:
2026-10-01T04:26:19+0000 mm-bot python[6123]: 2026-10-01 04:26:19 ERROR   Auto-reconnect disabled, terminating connection
2026-10-01T04:26:44+0000 mm-bot python[6123]: 2026-10-01 04:26:44 ERROR   WebSocket connection closed with code: 1006, reason:
2026-10-01T04:26:44+0000 mm-bot python[6123]: 2026-10-01 04:26:44 ERROR   Auto-reconnect disabled, terminating connection
2026-10-01T04:26:57+0000 mm-bot python[6123]: 2026-10-01 04:26:57 INFO    tournament is 'draft' (starts 2026-10-01T16:00:00.000Z) - 237/237 books ready - checking again in 60 s
2026-10-01T04:27:09+0000 mm-bot python[6123]: 2026-10-01 04:27:09 ERROR   WebSocket connection closed with code: 1006, reason:
2026-10-01T04:27:09+0000 mm-bot python[6123]: 2026-10-01 04:27:09 ERROR   Auto-reconnect disabled, terminating connection
2026-10-01T04:27:34+0000 mm-bot python[6123]: 2026-10-01 04:27:34 ERROR   WebSocket connection closed with code: 1006, reason:
2026-10-01T04:27:34+0000 mm-bot python[6123]: 2026-10-01 04:27:34 ERROR   Auto-reconnect disabled, terminating connection
2026-10-01T04:27:59+0000 mm-bot python[6123]: 2026-10-01 04:27:59 ERROR   WebSocket connection closed with code: 1006, reason:
2026-10-01T04:27:59+0000 mm-bot python[6123]: 2026-10-01 04:27:59 ERROR   Auto-reconnect disabled, terminating connection
2026-10-01T04:28:04+0000 mm-bot python[6123]: 2026-10-01 04:28:04 INFO    tournament is 'draft' (starts 2026-10-01T16:00:00.000Z) - 237/237 books ready - checking again in 60 s
2026-10-01T04:28:24+0000 mm-bot python[6123]: 2026-10-01 04:28:24 ERROR   WebSocket connection closed with code: 1006, reason:
2026-10-01T04:28:24+0000 mm-bot python[6123]: 2026-10-01 04:28:24 ERROR   Auto-reconnect disabled, terminating connection
2026-10-01T04:28:49+0000 mm-bot python[6123]: 2026-10-01 04:28:49 ERROR   WebSocket connection closed with code: 1006, reason:
2026-10-01T04:28:49+0000 mm-bot python[6123]: 2026-10-01 04:28:49 ERROR   Auto-reconnect disabled, terminating connection
2026-10-01T04:29:11+0000 mm-bot python[6123]: 2026-10-01 04:29:11 INFO    tournament is 'draft' (starts 2026-10-01T16:00:00.000Z) - 237/237 books ready - checking again in 60 s
2026-10-01T04:29:14+0000 mm-bot python[6123]: 2026-10-01 04:29:14 ERROR   WebSocket connection closed with code: 1006, reason:
2026-10-01T04:29:14+0000 mm-bot python[6123]: 2026-10-01 04:29:14 ERROR   Auto-reconnect disabled, terminating connection
2026-10-01T04:29:39+0000 mm-bot python[6123]: 2026-10-01 04:29:39 ERROR   WebSocket connection closed with code: 1006, reason:
2026-10-01T04:29:39+0000 mm-bot python[6123]: 2026-10-01 04:29:39 ERROR   Auto-reconnect disabled, terminating connection
2026-10-01T04:30:04+0000 mm-bot python[6123]: 2026-10-01 04:30:04 ERROR   WebSocket connection closed with code: 1006, reason:
2026-10-01T04:30:04+0000 mm-bot python[6123]: 2026-10-01 04:30:04 ERROR   Auto-reconnect disabled, terminating connection
2026-10-01T04:30:17+0000 mm-bot python[6123]: 2026-10-01 04:30:17 INFO    tournament is 'draft' (starts 2026-10-01T16:00:00.000Z) - 237/237 books ready - checking again in 60 s
2026-10-01T04:30:29+0000 mm-bot python[6123]: 2026-10-01 04:30:29 ERROR   WebSocket connection closed with code: 1006, reason:
2026-10-01T04:30:29+0000 mm-bot python[6123]: 2026-10-01 04:30:29 ERROR   Auto-reconnect disabled, terminating connection
2026-10-01T04:30:54+0000 mm-bot python[6123]: 2026-10-01 04:30:54 ERROR   WebSocket connection closed with code: 1006, reason:
2026-10-01T04:30:54+0000 mm-bot python[6123]: 2026-10-01 04:30:54 ERROR   Auto-reconnect disabled, terminating connection
2026-10-01T04:31:19+0000 mm-bot python[6123]: 2026-10-01 04:31:19 ERROR   WebSocket connection closed with code: 1006, reason:
2026-10-01T04:31:19+0000 mm-bot python[6123]: 2026-10-01 04:31:19 ERROR   Auto-reconnect disabled, terminating connection
2026-10-01T04:31:24+0000 mm-bot python[6123]: 2026-10-01 04:31:24 INFO    tournament is 'draft' (starts 2026-10-01T16:00:00.000Z) - 237/237 books ready - checking again in 60 s
2026-10-01T04:31:44+0000 mm-bot python[6123]: 2026-10-01 04:31:44 ERROR   WebSocket connection closed with code: 1006, reason:
2026-10-01T04:31:44+0000 mm-bot python[6123]: 2026-10-01 04:31:44 ERROR   Auto-reconnect disabled, terminating connection
2026-10-01T04:32:09+0000 mm-bot python[6123]: 2026-10-01 04:32:09 ERROR   WebSocket connection closed with code: 1006, reason:
2026-10-01T04:32:09+0000 mm-bot python[6123]: 2026-10-01 04:32:09 ERROR   Auto-reconnect disabled, terminating connection
2026-10-01T04:32:30+0000 mm-bot python[6123]: 2026-10-01 04:32:30 INFO    tournament is 'draft' (starts 2026-10-01T16:00:00.000Z) - 237/237 books ready - checking again in 60 s
2026-10-01T04:32:34+0000 mm-bot python[6123]: 2026-10-01 04:32:34 ERROR   WebSocket connection closed with code: 1006, reason:
2026-10-01T04:32:34+0000 mm-bot python[6123]: 2026-10-01 04:32:34 ERROR   Auto-reconnect disabled, terminating connection
2026-10-01T04:32:59+0000 mm-bot python[6123]: 2026-10-01 04:32:59 ERROR   WebSocket connection closed with code: 1006, reason:
2026-10-01T04:32:59+0000 mm-bot python[6123]: 2026-10-01 04:32:59 ERROR   Auto-reconnect disabled, terminating connection
2026-10-01T04:33:24+0000 mm-bot python[6123]: 2026-10-01 04:33:24 ERROR   WebSocket connection closed with code: 1006, reason:
2026-10-01T04:33:24+0000 mm-bot python[6123]: 2026-10-01 04:33:24 ERROR   Auto-reconnect disabled, terminating connection
2026-10-01T04:33:37+0000 mm-bot python[6123]: 2026-10-01 04:33:37 INFO    tournament is 'draft' (starts 2026-10-01T16:00:00.000Z) - 237/237 books ready - checking again in 60 s
2026-10-01T04:33:49+0000 mm-bot python[6123]: 2026-10-01 04:33:49 ERROR   WebSocket connection closed with code: 1006, reason:
2026-10-01T04:33:49+0000 mm-bot python[6123]: 2026-10-01 04:33:49 ERROR   Auto-reconnect disabled, terminating connection
2026-10-01T04:34:14+0000 mm-bot python[6123]: 2026-10-01 04:34:14 ERROR   WebSocket connection closed with code: 1006, reason:
2026-10-01T04:34:14+0000 mm-bot python[6123]: 2026-10-01 04:34:14 ERROR   Auto-reconnect disabled, terminating connection
2026-10-01T04:34:39+0000 mm-bot python[6123]: 2026-10-01 04:34:39 ERROR   WebSocket connection closed with code: 1006, reason:
2026-10-01T04:34:39+0000 mm-bot python[6123]: 2026-10-01 04:34:39 ERROR   Auto-reconnect disabled, terminating connection
2026-10-01T04:34:44+0000 mm-bot python[6123]: 2026-10-01 04:34:44 INFO    tournament is 'draft' (starts 2026-10-01T16:00:00.000Z) - 237/237 books ready - checking again in 60 s
2026-10-01T04:35:04+0000 mm-bot python[6123]: 2026-10-01 04:35:04 ERROR   WebSocket connection closed with code: 1006, reason:
2026-10-01T04:35:04+0000 mm-bot python[6123]: 2026-10-01 04:35:04 ERROR   Auto-reconnect disabled, terminating connection
2026-10-01T04:35:29+0000 mm-bot python[6123]: 2026-10-01 04:35:29 ERROR   WebSocket connection closed with code: 1006, reason:
2026-10-01T04:35:29+0000 mm-bot python[6123]: 2026-10-01 04:35:29 ERROR   Auto-reconnect disabled, terminating connection
2026-10-01T04:35:50+0000 mm-bot python[6123]: 2026-10-01 04:35:50 INFO    tournament is 'draft' (starts 2026-10-01T16:00:00.000Z) - 237/237 books ready - checking again in 60 s
2026-10-01T04:35:54+0000 mm-bot python[6123]: 2026-10-01 04:35:54 ERROR   WebSocket connection closed with code: 1006, reason:
2026-10-01T04:35:54+0000 mm-bot python[6123]: 2026-10-01 04:35:54 ERROR   Auto-reconnect disabled, terminating connection
2026-10-01T04:36:19+0000 mm-bot python[6123]: 2026-10-01 04:36:19 ERROR   WebSocket connection closed with code: 1006, reason:
2026-10-01T04:36:19+0000 mm-bot python[6123]: 2026-10-01 04:36:19 ERROR   Auto-reconnect disabled, terminating connection
2026-10-01T04:36:44+0000 mm-bot python[6123]: 2026-10-01 04:36:44 ERROR   WebSocket connection closed with code: 1006, reason:
2026-10-01T04:36:44+0000 mm-bot python[6123]: 2026-10-01 04:36:44 ERROR   Auto-reconnect disabled, terminating connection
2026-10-01T04:36:57+0000 mm-bot python[6123]: 2026-10-01 04:36:57 INFO    tournament is 'draft' (starts 2026-10-01T16:00:00.000Z) - 237/237 books ready - checking again in 60 s
2026-10-01T04:37:09+0000 mm-bot python[6123]: 2026-10-01 04:37:09 ERROR   WebSocket connection closed with code: 1006, reason:
2026-10-01T04:37:09+0000 mm-bot python[6123]: 2026-10-01 04:37:09 ERROR   Auto-reconnect disabled, terminating connection
2026-10-01T04:37:34+0000 mm-bot python[6123]: 2026-10-01 04:37:34 ERROR   WebSocket connection closed with code: 1006, reason:
2026-10-01T04:37:34+0000 mm-bot python[6123]: 2026-10-01 04:37:34 ERROR   Auto-reconnect disabled, terminating connection
2026-10-01T04:37:59+0000 mm-bot python[6123]: 2026-10-01 04:37:59 ERROR   WebSocket connection closed with code: 1006, reason:
2026-10-01T04:37:59+0000 mm-bot python[6123]: 2026-10-01 04:37:59 ERROR   Auto-reconnect disabled, terminating connection
2026-10-01T04:38:03+0000 mm-bot python[6123]: 2026-10-01 04:38:03 INFO    tournament is 'draft' (starts 2026-10-01T16:00:00.000Z) - 237/237 books ready - checking again in 60 s
2026-10-01T04:38:24+0000 mm-bot python[6123]: 2026-10-01 04:38:24 ERROR   WebSocket connection closed with code: 1006, reason:
2026-10-01T04:38:24+0000 mm-bot python[6123]: 2026-10-01 04:38:24 ERROR   Auto-reconnect disabled, terminating connection
2026-10-01T04:38:49+0000 mm-bot python[6123]: 2026-10-01 04:38:49 ERROR   WebSocket connection closed with code: 1006, reason:
2026-10-01T04:38:49+0000 mm-bot python[6123]: 2026-10-01 04:38:49 ERROR   Auto-reconnect disabled, terminating connection
2026-10-01T04:39:10+0000 mm-bot python[6123]: 2026-10-01 04:39:10 INFO    tournament is 'draft' (starts 2026-10-01T16:00:00.000Z) - 237/237 books ready - checking again in 60 s
2026-10-01T04:39:14+0000 mm-bot python[6123]: 2026-10-01 04:39:14 ERROR   WebSocket connection closed with code: 1006, reason:
2026-10-01T04:39:14+0000 mm-bot python[6123]: 2026-10-01 04:39:14 ERROR   Auto-reconnect disabled, terminating connection
2026-10-01T04:39:39+0000 mm-bot python[6123]: 2026-10-01 04:39:39 ERROR   WebSocket connection closed with code: 1006, reason:
2026-10-01T04:39:39+0000 mm-bot python[6123]: 2026-10-01 04:39:39 ERROR   Auto-reconnect disabled, terminating connection
2026-10-01T04:40:04+0000 mm-bot python[6123]: 2026-10-01 04:40:04 ERROR   WebSocket connection closed with code: 1006, reason:
2026-10-01T04:40:04+0000 mm-bot python[6123]: 2026-10-01 04:40:04 ERROR   Auto-reconnect disabled, terminating connection
2026-10-01T04:40:17+0000 mm-bot python[6123]: 2026-10-01 04:40:17 INFO    tournament is 'draft' (starts 2026-10-01T16:00:00.000Z) - 237/237 books ready - checking again in 60 s
2026-10-01T04:40:29+0000 mm-bot python[6123]: 2026-10-01 04:40:29 ERROR   WebSocket connection closed with code: 1006, reason:
2026-10-01T04:40:29+0000 mm-bot python[6123]: 2026-10-01 04:40:29 ERROR   Auto-reconnect disabled, terminating connection
2026-10-01T04:40:54+0000 mm-bot python[6123]: 2026-10-01 04:40:54 ERROR   WebSocket connection closed with code: 1006, reason:
2026-10-01T04:40:54+0000 mm-bot python[6123]: 2026-10-01 04:40:54 ERROR   Auto-reconnect disabled, terminating connection
2026-10-01T04:41:19+0000 mm-bot python[6123]: 2026-10-01 04:41:19 ERROR   WebSocket connection closed with code: 1006, reason:
2026-10-01T04:41:19+0000 mm-bot python[6123]: 2026-10-01 04:41:19 ERROR   Auto-reconnect disabled, terminating connection
2026-10-01T04:41:23+0000 mm-bot python[6123]: 2026-10-01 04:41:23 INFO    tournament is 'draft' (starts 2026-10-01T16:00:00.000Z) - 237/237 books ready - checking again in 60 s
2026-10-01T04:41:44+0000 mm-bot python[6123]: 2026-10-01 04:41:44 ERROR   WebSocket connection closed with code: 1006, reason:
2026-10-01T04:41:44+0000 mm-bot python[6123]: 2026-10-01 04:41:44 ERROR   Auto-reconnect disabled, terminating connection
2026-10-01T04:42:09+0000 mm-bot python[6123]: 2026-10-01 04:42:09 ERROR   WebSocket connection closed with code: 1006, reason:
2026-10-01T04:42:09+0000 mm-bot python[6123]: 2026-10-01 04:42:09 ERROR   Auto-reconnect disabled, terminating connection
2026-10-01T04:42:30+0000 mm-bot python[6123]: 2026-10-01 04:42:30 INFO    tournament is 'draft' (starts 2026-10-01T16:00:00.000Z) - 237/237 books ready - checking again in 60 s
2026-10-01T04:42:34+0000 mm-bot python[6123]: 2026-10-01 04:42:34 ERROR   WebSocket connection closed with code: 1006, reason:
2026-10-01T04:42:34+0000 mm-bot python[6123]: 2026-10-01 04:42:34 ERROR   Auto-reconnect disabled, terminating connection
2026-10-01T04:42:59+0000 mm-bot python[6123]: 2026-10-01 04:42:59 ERROR   WebSocket connection closed with code: 1006, reason:
2026-10-01T04:42:59+0000 mm-bot python[6123]: 2026-10-01 04:42:59 ERROR   Auto-reconnect disabled, terminating connection
2026-10-01T04:43:24+0000 mm-bot python[6123]: 2026-10-01 04:43:24 ERROR   WebSocket connection closed with code: 1006, reason:
2026-10-01T04:43:24+0000 mm-bot python[6123]: 2026-10-01 04:43:24 ERROR   Auto-reconnect disabled, terminating connection
2026-10-01T04:43:36+0000 mm-bot python[6123]: 2026-10-01 04:43:36 INFO    tournament is 'draft' (starts 2026-10-01T16:00:00.000Z) - 237/237 books ready - checking again in 60 s
2026-10-01T04:43:49+0000 mm-bot python[6123]: 2026-10-01 04:43:49 ERROR   WebSocket connection closed with code: 1006, reason:
2026-10-01T04:43:49+0000 mm-bot python[6123]: 2026-10-01 04:43:49 ERROR   Auto-reconnect disabled, terminating connection
2026-10-01T04:44:14+0000 mm-bot python[6123]: 2026-10-01 04:44:14 ERROR   WebSocket connection closed with code: 1006, reason:
2026-10-01T04:44:14+0000 mm-bot python[6123]: 2026-10-01 04:44:14 ERROR   Auto-reconnect disabled, terminating connection
2026-10-01T04:44:39+0000 mm-bot python[6123]: 2026-10-01 04:44:39 ERROR   WebSocket connection closed with code: 1006, reason:
2026-10-01T04:44:39+0000 mm-bot python[6123]: 2026-10-01 04:44:39 ERROR   Auto-reconnect disabled, terminating connection
2026-10-01T04:44:43+0000 mm-bot python[6123]: 2026-10-01 04:44:43 INFO    tournament is 'draft' (starts 2026-10-01T16:00:00.000Z) - 237/237 books ready - checking again in 60 s
2026-10-01T04:45:04+0000 mm-bot python[6123]: 2026-10-01 04:45:04 ERROR   WebSocket connection closed with code: 1006, reason:
2026-10-01T04:45:04+0000 mm-bot python[6123]: 2026-10-01 04:45:04 ERROR   Auto-reconnect disabled, terminating connection
2026-10-01T04:45:29+0000 mm-bot python[6123]: 2026-10-01 04:45:29 ERROR   WebSocket connection closed with code: 1006, reason:
2026-10-01T04:45:29+0000 mm-bot python[6123]: 2026-10-01 04:45:29 ERROR   Auto-reconnect disabled, terminating connection
2026-10-01T04:45:50+0000 mm-bot python[6123]: 2026-10-01 04:45:50 INFO    tournament is 'draft' (starts 2026-10-01T16:00:00.000Z) - 237/237 books ready - checking again in 60 s
2026-10-01T04:45:54+0000 mm-bot python[6123]: 2026-10-01 04:45:54 ERROR   WebSocket connection closed with code: 1006, reason:
2026-10-01T04:45:54+0000 mm-bot python[6123]: 2026-10-01 04:45:54 ERROR   Auto-reconnect disabled, terminating connection
2026-10-01T04:46:19+0000 mm-bot python[6123]: 2026-10-01 04:46:19 ERROR   WebSocket connection closed with code: 1006, reason:
2026-10-01T04:46:19+0000 mm-bot python[6123]: 2026-10-01 04:46:19 ERROR   Auto-reconnect disabled, terminating connection
2026-10-01T04:46:44+0000 mm-bot python[6123]: 2026-10-01 04:46:44 ERROR   WebSocket connection closed with code: 1006, reason:
2026-10-01T04:46:44+0000 mm-bot python[6123]: 2026-10-01 04:46:44 ERROR   Auto-reconnect disabled, terminating connection
2026-10-01T04:46:56+0000 mm-bot python[6123]: 2026-10-01 04:46:56 INFO    tournament is 'draft' (starts 2026-10-01T16:00:00.000Z) - 237/237 books ready - checking again in 60 s
2026-10-01T04:47:09+0000 mm-bot python[6123]: 2026-10-01 04:47:09 ERROR   WebSocket connection closed with code: 1006, reason:
2026-10-01T04:47:09+0000 mm-bot python[6123]: 2026-10-01 04:47:09 ERROR   Auto-reconnect disabled, terminating connection
2026-10-01T04:47:34+0000 mm-bot python[6123]: 2026-10-01 04:47:34 ERROR   WebSocket connection closed with code: 1006, reason:
2026-10-01T04:47:34+0000 mm-bot python[6123]: 2026-10-01 04:47:34 ERROR   Auto-reconnect disabled, terminating connection
2026-10-01T04:47:59+0000 mm-bot python[6123]: 2026-10-01 04:47:59 ERROR   WebSocket connection closed with code: 1006, reason:
2026-10-01T04:47:59+0000 mm-bot python[6123]: 2026-10-01 04:47:59 ERROR   Auto-reconnect disabled, terminating connection
2026-10-01T04:48:03+0000 mm-bot python[6123]: 2026-10-01 04:48:03 INFO    tournament is 'draft' (starts 2026-10-01T16:00:00.000Z) - 237/237 books ready - checking again in 60 s
2026-10-01T04:48:24+0000 mm-bot python[6123]: 2026-10-01 04:48:24 ERROR   WebSocket connection closed with code: 1006, reason:
2026-10-01T04:48:24+0000 mm-bot python[6123]: 2026-10-01 04:48:24 ERROR   Auto-reconnect disabled, terminating connection
2026-10-01T04:48:49+0000 mm-bot python[6123]: 2026-10-01 04:48:49 ERROR   WebSocket connection closed with code: 1006, reason:
2026-10-01T04:48:49+0000 mm-bot python[6123]: 2026-10-01 04:48:49 ERROR   Auto-reconnect disabled, terminating connection
2026-10-01T04:49:10+0000 mm-bot python[6123]: 2026-10-01 04:49:10 INFO    tournament is 'draft' (starts 2026-10-01T16:00:00.000Z) - 237/237 books ready - checking again in 60 s
2026-10-01T04:49:14+0000 mm-bot python[6123]: 2026-10-01 04:49:14 ERROR   WebSocket connection closed with code: 1006, reason:
2026-10-01T04:49:14+0000 mm-bot python[6123]: 2026-10-01 04:49:14 ERROR   Auto-reconnect disabled, terminating connection
2026-10-01T04:49:39+0000 mm-bot python[6123]: 2026-10-01 04:49:39 ERROR   WebSocket connection closed with code: 1006, reason:
2026-10-01T04:49:39+0000 mm-bot python[6123]: 2026-10-01 04:49:39 ERROR   Auto-reconnect disabled, terminating connection
2026-10-01T04:50:04+0000 mm-bot python[6123]: 2026-10-01 04:50:04 ERROR   WebSocket connection closed with code: 1006, reason:
2026-10-01T04:50:04+0000 mm-bot python[6123]: 2026-10-01 04:50:04 ERROR   Auto-reconnect disabled, terminating connection
2026-10-01T04:50:16+0000 mm-bot python[6123]: 2026-10-01 04:50:16 INFO    tournament is 'draft' (starts 2026-10-01T16:00:00.000Z) - 237/237 books ready - checking again in 60 s
2026-10-01T04:50:29+0000 mm-bot python[6123]: 2026-10-01 04:50:29 ERROR   WebSocket connection closed with code: 1006, reason:
2026-10-01T04:50:29+0000 mm-bot python[6123]: 2026-10-01 04:50:29 ERROR   Auto-reconnect disabled, terminating connection
2026-10-01T04:50:54+0000 mm-bot python[6123]: 2026-10-01 04:50:54 ERROR   WebSocket connection closed with code: 1006, reason:
2026-10-01T04:50:54+0000 mm-bot python[6123]: 2026-10-01 04:50:54 ERROR   Auto-reconnect disabled, terminating connection
2026-10-01T04:51:19+0000 mm-bot python[6123]: 2026-10-01 04:51:19 ERROR   WebSocket connection closed with code: 1006, reason:
2026-10-01T04:51:19+0000 mm-bot python[6123]: 2026-10-01 04:51:19 ERROR   Auto-reconnect disabled, terminating connection
2026-10-01T04:51:23+0000 mm-bot python[6123]: 2026-10-01 04:51:23 INFO    tournament is 'draft' (starts 2026-10-01T16:00:00.000Z) - 237/237 books ready - checking again in 60 s
2026-10-01T04:51:44+0000 mm-bot python[6123]: 2026-10-01 04:51:44 ERROR   WebSocket connection closed with code: 1006, reason:
2026-10-01T04:51:44+0000 mm-bot python[6123]: 2026-10-01 04:51:44 ERROR   Auto-reconnect disabled, terminating connection
2026-10-01T04:52:09+0000 mm-bot python[6123]: 2026-10-01 04:52:09 ERROR   WebSocket connection closed with code: 1006, reason:
2026-10-01T04:52:09+0000 mm-bot python[6123]: 2026-10-01 04:52:09 ERROR   Auto-reconnect disabled, terminating connection
2026-10-01T04:52:29+0000 mm-bot python[6123]: 2026-10-01 04:52:29 INFO    tournament is 'draft' (starts 2026-10-01T16:00:00.000Z) - 237/237 books ready - checking again in 60 s
2026-10-01T04:52:34+0000 mm-bot python[6123]: 2026-10-01 04:52:34 ERROR   WebSocket connection closed with code: 1006, reason:
2026-10-01T04:52:34+0000 mm-bot python[6123]: 2026-10-01 04:52:34 ERROR   Auto-reconnect disabled, terminating connection
2026-10-01T04:52:59+0000 mm-bot python[6123]: 2026-10-01 04:52:59 ERROR   WebSocket connection closed with code: 1006, reason:
2026-10-01T04:52:59+0000 mm-bot python[6123]: 2026-10-01 04:52:59 ERROR   Auto-reconnect disabled, terminating connection
2026-10-01T04:53:24+0000 mm-bot python[6123]: 2026-10-01 04:53:24 ERROR   WebSocket connection closed with code: 1006, reason:
2026-10-01T04:53:24+0000 mm-bot python[6123]: 2026-10-01 04:53:24 ERROR   Auto-reconnect disabled, terminating connection
2026-10-01T04:53:36+0000 mm-bot python[6123]: 2026-10-01 04:53:36 INFO    tournament is 'draft' (starts 2026-10-01T16:00:00.000Z) - 237/237 books ready - checking again in 60 s
2026-10-01T04:53:49+0000 mm-bot python[6123]: 2026-10-01 04:53:49 ERROR   WebSocket connection closed with code: 1006, reason:
2026-10-01T04:53:49+0000 mm-bot python[6123]: 2026-10-01 04:53:49 ERROR   Auto-reconnect disabled, terminating connection
2026-10-01T04:54:14+0000 mm-bot python[6123]: 2026-10-01 04:54:14 ERROR   WebSocket connection closed with code: 1006, reason:
2026-10-01T04:54:14+0000 mm-bot python[6123]: 2026-10-01 04:54:14 ERROR   Auto-reconnect disabled, terminating connection
2026-10-01T04:54:39+0000 mm-bot python[6123]: 2026-10-01 04:54:39 ERROR   WebSocket connection closed with code: 1006, reason:
2026-10-01T04:54:39+0000 mm-bot python[6123]: 2026-10-01 04:54:39 ERROR   Auto-reconnect disabled, terminating connection
2026-10-01T04:54:43+0000 mm-bot python[6123]: 2026-10-01 04:54:43 INFO    tournament is 'draft' (starts 2026-10-01T16:00:00.000Z) - 237/237 books ready - checking again in 60 s
2026-10-01T04:55:04+0000 mm-bot python[6123]: 2026-10-01 04:55:04 ERROR   WebSocket connection closed with code: 1006, reason:
2026-10-01T04:55:04+0000 mm-bot python[6123]: 2026-10-01 04:55:04 ERROR   Auto-reconnect disabled, terminating connection
2026-10-01T04:55:29+0000 mm-bot python[6123]: 2026-10-01 04:55:29 ERROR   WebSocket connection closed with code: 1006, reason:
2026-10-01T04:55:29+0000 mm-bot python[6123]: 2026-10-01 04:55:29 ERROR   Auto-reconnect disabled, terminating connection
2026-10-01T04:55:49+0000 mm-bot python[6123]: 2026-10-01 04:55:49 INFO    tournament is 'draft' (starts 2026-10-01T16:00:00.000Z) - 237/237 books ready - checking again in 60 s
2026-10-01T04:55:54+0000 mm-bot python[6123]: 2026-10-01 04:55:54 ERROR   WebSocket connection closed with code: 1006, reason:
2026-10-01T04:55:54+0000 mm-bot python[6123]: 2026-10-01 04:55:54 ERROR   Auto-reconnect disabled, terminating connection
2026-10-01T04:56:19+0000 mm-bot python[6123]: 2026-10-01 04:56:19 ERROR   WebSocket connection closed with code: 1006, reason:
2026-10-01T04:56:19+0000 mm-bot python[6123]: 2026-10-01 04:56:19 ERROR   Auto-reconnect disabled, terminating connection
2026-10-01T04:56:44+0000 mm-bot python[6123]: 2026-10-01 04:56:44 ERROR   WebSocket connection closed with code: 1006, reason:
2026-10-01T04:56:44+0000 mm-bot python[6123]: 2026-10-01 04:56:44 ERROR   Auto-reconnect disabled, terminating connection
2026-10-01T04:56:56+0000 mm-bot python[6123]: 2026-10-01 04:56:56 INFO    tournament is 'draft' (starts 2026-10-01T16:00:00.000Z) - 237/237 books ready - checking again in 60 s
2026-10-01T04:57:09+0000 mm-bot python[6123]: 2026-10-01 04:57:09 ERROR   WebSocket connection closed with code: 1006, reason:
2026-10-01T04:57:09+0000 mm-bot python[6123]: 2026-10-01 04:57:09 ERROR   Auto-reconnect disabled, terminating connection
2026-10-01T04:57:34+0000 mm-bot python[6123]: 2026-10-01 04:57:34 ERROR   WebSocket connection closed with code: 1006, reason:
2026-10-01T04:57:34+0000 mm-bot python[6123]: 2026-10-01 04:57:34 ERROR   Auto-reconnect disabled, terminating connection
2026-10-01T04:57:59+0000 mm-bot python[6123]: 2026-10-01 04:57:59 ERROR   WebSocket connection closed with code: 1006, reason:
2026-10-01T04:57:59+0000 mm-bot python[6123]: 2026-10-01 04:57:59 ERROR   Auto-reconnect disabled, terminating connection
2026-10-01T04:58:02+0000 mm-bot python[6123]: 2026-10-01 04:58:02 INFO    tournament is 'draft' (starts 2026-10-01T16:00:00.000Z) - 237/237 books ready - checking again in 60 s
2026-10-01T04:58:24+0000 mm-bot python[6123]: 2026-10-01 04:58:24 ERROR   WebSocket connection closed with code: 1006, reason:
2026-10-01T04:58:24+0000 mm-bot python[6123]: 2026-10-01 04:58:24 ERROR   Auto-reconnect disabled, terminating connection
2026-10-01T04:58:49+0000 mm-bot python[6123]: 2026-10-01 04:58:49 ERROR   WebSocket connection closed with code: 1006, reason:
2026-10-01T04:58:49+0000 mm-bot python[6123]: 2026-10-01 04:58:49 ERROR   Auto-reconnect disabled, terminating connection
2026-10-01T04:59:09+0000 mm-bot python[6123]: 2026-10-01 04:59:09 INFO    tournament is 'draft' (starts 2026-10-01T16:00:00.000Z) - 237/237 books ready - checking again in 60 s
2026-10-01T04:59:14+0000 mm-bot python[6123]: 2026-10-01 04:59:14 ERROR   WebSocket connection closed with code: 1006, reason:
2026-10-01T04:59:14+0000 mm-bot python[6123]: 2026-10-01 04:59:14 ERROR   Auto-reconnect disabled, terminating connection
2026-10-01T04:59:39+0000 mm-bot python[6123]: 2026-10-01 04:59:39 ERROR   WebSocket connection closed with code: 1006, reason:
2026-10-01T04:59:39+0000 mm-bot python[6123]: 2026-10-01 04:59:39 ERROR   Auto-reconnect disabled, terminating connection
2026-10-01T05:00:04+0000 mm-bot python[6123]: 2026-10-01 05:00:04 ERROR   WebSocket connection closed with code: 1006, reason:
2026-10-01T05:00:04+0000 mm-bot python[6123]: 2026-10-01 05:00:04 ERROR   Auto-reconnect disabled, terminating connection
2026-10-01T05:00:16+0000 mm-bot python[6123]: 2026-10-01 05:00:16 INFO    tournament is 'draft' (starts 2026-10-01T16:00:00.000Z) - 237/237 books ready - checking again in 60 s
2026-10-01T05:00:29+0000 mm-bot python[6123]: 2026-10-01 05:00:29 ERROR   WebSocket connection closed with code: 1006, reason:
2026-10-01T05:00:29+0000 mm-bot python[6123]: 2026-10-01 05:00:29 ERROR   Auto-reconnect disabled, terminating connection
2026-10-01T05:00:54+0000 mm-bot python[6123]: 2026-10-01 05:00:54 ERROR   WebSocket connection closed with code: 1006, reason:
2026-10-01T05:00:54+0000 mm-bot python[6123]: 2026-10-01 05:00:54 ERROR   Auto-reconnect disabled, terminating connection
2026-10-01T05:01:19+0000 mm-bot python[6123]: 2026-10-01 05:01:19 ERROR   WebSocket connection closed with code: 1006, reason:
2026-10-01T05:01:19+0000 mm-bot python[6123]: 2026-10-01 05:01:19 ERROR   Auto-reconnect disabled, terminating connection
2026-10-01T05:01:23+0000 mm-bot python[6123]: 2026-10-01 05:01:23 INFO    tournament is 'draft' (starts 2026-10-01T16:00:00.000Z) - 237/237 books ready - checking again in 60 s
2026-10-01T05:01:44+0000 mm-bot python[6123]: 2026-10-01 05:01:44 ERROR   WebSocket connection closed with code: 1006, reason:
2026-10-01T05:01:44+0000 mm-bot python[6123]: 2026-10-01 05:01:44 ERROR   Auto-reconnect disabled, terminating connection
2026-10-01T05:02:09+0000 mm-bot python[6123]: 2026-10-01 05:02:09 ERROR   WebSocket connection closed with code: 1006, reason:
2026-10-01T05:02:09+0000 mm-bot python[6123]: 2026-10-01 05:02:09 ERROR   Auto-reconnect disabled, terminating connection
2026-10-01T05:02:30+0000 mm-bot python[6123]: 2026-10-01 05:02:30 INFO    tournament is 'draft' (starts 2026-10-01T16:00:00.000Z) - 237/237 books ready - checking again in 60 s
2026-10-01T05:02:34+0000 mm-bot python[6123]: 2026-10-01 05:02:34 ERROR   WebSocket connection closed with code: 1006, reason:
2026-10-01T05:02:34+0000 mm-bot python[6123]: 2026-10-01 05:02:34 ERROR   Auto-reconnect disabled, terminating connection
2026-10-01T05:02:59+0000 mm-bot python[6123]: 2026-10-01 05:02:59 ERROR   WebSocket connection closed with code: 1006, reason:
2026-10-01T05:02:59+0000 mm-bot python[6123]: 2026-10-01 05:02:59 ERROR   Auto-reconnect disabled, terminating connection
2026-10-01T05:03:24+0000 mm-bot python[6123]: 2026-10-01 05:03:24 ERROR   WebSocket connection closed with code: 1006, reason:
2026-10-01T05:03:24+0000 mm-bot python[6123]: 2026-10-01 05:03:24 ERROR   Auto-reconnect disabled, terminating connection
2026-10-01T05:03:37+0000 mm-bot python[6123]: 2026-10-01 05:03:37 INFO    tournament is 'draft' (starts 2026-10-01T16:00:00.000Z) - 237/237 books ready - checking again in 60 s
2026-10-01T05:03:49+0000 mm-bot python[6123]: 2026-10-01 05:03:49 ERROR   WebSocket connection closed with code: 1006, reason:
2026-10-01T05:03:49+0000 mm-bot python[6123]: 2026-10-01 05:03:49 ERROR   Auto-reconnect disabled, terminating connection
2026-10-01T05:04:14+0000 mm-bot python[6123]: 2026-10-01 05:04:14 ERROR   WebSocket connection closed with code: 1006, reason:
2026-10-01T05:04:14+0000 mm-bot python[6123]: 2026-10-01 05:04:14 ERROR   Auto-reconnect disabled, terminating connection
2026-10-01T05:04:39+0000 mm-bot python[6123]: 2026-10-01 05:04:39 ERROR   WebSocket connection closed with code: 1006, reason:
2026-10-01T05:04:39+0000 mm-bot python[6123]: 2026-10-01 05:04:39 ERROR   Auto-reconnect disabled, terminating connection
2026-10-01T05:04:43+0000 mm-bot python[6123]: 2026-10-01 05:04:43 INFO    tournament is 'draft' (starts 2026-10-01T16:00:00.000Z) - 237/237 books ready - checking again in 60 s
2026-10-01T05:05:04+0000 mm-bot python[6123]: 2026-10-01 05:05:04 ERROR   WebSocket connection closed with code: 1006, reason:
2026-10-01T05:05:04+0000 mm-bot python[6123]: 2026-10-01 05:05:04 ERROR   Auto-reconnect disabled, terminating connection
2026-10-01T05:05:29+0000 mm-bot python[6123]: 2026-10-01 05:05:29 ERROR   WebSocket connection closed with code: 1006, reason:
2026-10-01T05:05:29+0000 mm-bot python[6123]: 2026-10-01 05:05:29 ERROR   Auto-reconnect disabled, terminating connection
2026-10-01T05:05:50+0000 mm-bot python[6123]: 2026-10-01 05:05:50 INFO    tournament is 'draft' (starts 2026-10-01T16:00:00.000Z) - 237/237 books ready - checking again in 60 s
2026-10-01T05:05:54+0000 mm-bot python[6123]: 2026-10-01 05:05:54 ERROR   WebSocket connection closed with code: 1006, reason:
2026-10-01T05:05:54+0000 mm-bot python[6123]: 2026-10-01 05:05:54 ERROR   Auto-reconnect disabled, terminating connection
2026-10-01T05:06:19+0000 mm-bot python[6123]: 2026-10-01 05:06:19 ERROR   WebSocket connection closed with code: 1006, reason:
2026-10-01T05:06:19+0000 mm-bot python[6123]: 2026-10-01 05:06:19 ERROR   Auto-reconnect disabled, terminating connection
2026-10-01T05:06:44+0000 mm-bot python[6123]: 2026-10-01 05:06:44 ERROR   WebSocket connection closed with code: 1006, reason:
2026-10-01T05:06:44+0000 mm-bot python[6123]: 2026-10-01 05:06:44 ERROR   Auto-reconnect disabled, terminating connection
2026-10-01T05:06:56+0000 mm-bot python[6123]: 2026-10-01 05:06:56 INFO    tournament is 'draft' (starts 2026-10-01T16:00:00.000Z) - 237/237 books ready - checking again in 60 s
2026-10-01T05:07:09+0000 mm-bot python[6123]: 2026-10-01 05:07:09 ERROR   WebSocket connection closed with code: 1006, reason:
2026-10-01T05:07:09+0000 mm-bot python[6123]: 2026-10-01 05:07:09 ERROR   Auto-reconnect disabled, terminating connection
2026-10-01T05:07:34+0000 mm-bot python[6123]: 2026-10-01 05:07:34 ERROR   WebSocket connection closed with code: 1006, reason:
2026-10-01T05:07:34+0000 mm-bot python[6123]: 2026-10-01 05:07:34 ERROR   Auto-reconnect disabled, terminating connection
2026-10-01T05:07:59+0000 mm-bot python[6123]: 2026-10-01 05:07:59 ERROR   WebSocket connection closed with code: 1006, reason:
2026-10-01T05:07:59+0000 mm-bot python[6123]: 2026-10-01 05:07:59 ERROR   Auto-reconnect disabled, terminating connection
2026-10-01T05:08:03+0000 mm-bot python[6123]: 2026-10-01 05:08:03 INFO    tournament is 'draft' (starts 2026-10-01T16:00:00.000Z) - 237/237 books ready - checking again in 60 s
2026-10-01T05:08:24+0000 mm-bot python[6123]: 2026-10-01 05:08:24 ERROR   WebSocket connection closed with code: 1006, reason:
2026-10-01T05:08:24+0000 mm-bot python[6123]: 2026-10-01 05:08:24 ERROR   Auto-reconnect disabled, terminating connection
2026-10-01T05:08:49+0000 mm-bot python[6123]: 2026-10-01 05:08:49 ERROR   WebSocket connection closed with code: 1006, reason:
2026-10-01T05:08:49+0000 mm-bot python[6123]: 2026-10-01 05:08:49 ERROR   Auto-reconnect disabled, terminating connection
2026-10-01T05:09:10+0000 mm-bot python[6123]: 2026-10-01 05:09:10 INFO    tournament is 'draft' (starts 2026-10-01T16:00:00.000Z) - 237/237 books ready - checking again in 60 s
2026-10-01T05:09:14+0000 mm-bot python[6123]: 2026-10-01 05:09:14 ERROR   WebSocket connection closed with code: 1006, reason:
2026-10-01T05:09:14+0000 mm-bot python[6123]: 2026-10-01 05:09:14 ERROR   Auto-reconnect disabled, terminating connection
2026-10-01T05:09:39+0000 mm-bot python[6123]: 2026-10-01 05:09:39 ERROR   WebSocket connection closed with code: 1006, reason:
2026-10-01T05:09:39+0000 mm-bot python[6123]: 2026-10-01 05:09:39 ERROR   Auto-reconnect disabled, terminating connection
2026-10-01T05:10:04+0000 mm-bot python[6123]: 2026-10-01 05:10:04 ERROR   WebSocket connection closed with code: 1006, reason:
2026-10-01T05:10:04+0000 mm-bot python[6123]: 2026-10-01 05:10:04 ERROR   Auto-reconnect disabled, terminating connection
2026-10-01T05:10:16+0000 mm-bot python[6123]: 2026-10-01 05:10:16 INFO    tournament is 'draft' (starts 2026-10-01T16:00:00.000Z) - 237/237 books ready - checking again in 60 s
2026-10-01T05:10:29+0000 mm-bot python[6123]: 2026-10-01 05:10:29 ERROR   WebSocket connection closed with code: 1006, reason:
2026-10-01T05:10:29+0000 mm-bot python[6123]: 2026-10-01 05:10:29 ERROR   Auto-reconnect disabled, terminating connection
2026-10-01T05:10:54+0000 mm-bot python[6123]: 2026-10-01 05:10:54 ERROR   WebSocket connection closed with code: 1006, reason:
2026-10-01T05:10:54+0000 mm-bot python[6123]: 2026-10-01 05:10:54 ERROR   Auto-reconnect disabled, terminating connection
2026-10-01T05:11:19+0000 mm-bot python[6123]: 2026-10-01 05:11:19 ERROR   WebSocket connection closed with code: 1006, reason:
2026-10-01T05:11:19+0000 mm-bot python[6123]: 2026-10-01 05:11:19 ERROR   Auto-reconnect disabled, terminating connection
2026-10-01T05:11:23+0000 mm-bot python[6123]: 2026-10-01 05:11:23 INFO    tournament is 'draft' (starts 2026-10-01T16:00:00.000Z) - 237/237 books ready - checking again in 60 s
2026-10-01T05:11:44+0000 mm-bot python[6123]: 2026-10-01 05:11:44 ERROR   WebSocket connection closed with code: 1006, reason:
2026-10-01T05:11:44+0000 mm-bot python[6123]: 2026-10-01 05:11:44 ERROR   Auto-reconnect disabled, terminating connection
2026-10-01T05:12:09+0000 mm-bot python[6123]: 2026-10-01 05:12:09 ERROR   WebSocket connection closed with code: 1006, reason:
2026-10-01T05:12:09+0000 mm-bot python[6123]: 2026-10-01 05:12:09 ERROR   Auto-reconnect disabled, terminating connection
2026-10-01T05:12:30+0000 mm-bot python[6123]: 2026-10-01 05:12:30 INFO    tournament is 'draft' (starts 2026-10-01T16:00:00.000Z) - 237/237 books ready - checking again in 60 s
2026-10-01T05:12:34+0000 mm-bot python[6123]: 2026-10-01 05:12:34 ERROR   WebSocket connection closed with code: 1006, reason:
2026-10-01T05:12:34+0000 mm-bot python[6123]: 2026-10-01 05:12:34 ERROR   Auto-reconnect disabled, terminating connection
2026-10-01T05:12:59+0000 mm-bot python[6123]: 2026-10-01 05:12:59 ERROR   WebSocket connection closed with code: 1006, reason:
2026-10-01T05:12:59+0000 mm-bot python[6123]: 2026-10-01 05:12:59 ERROR   Auto-reconnect disabled, terminating connection
2026-10-01T05:13:24+0000 mm-bot python[6123]: 2026-10-01 05:13:24 ERROR   WebSocket connection closed with code: 1006, reason:
2026-10-01T05:13:24+0000 mm-bot python[6123]: 2026-10-01 05:13:24 ERROR   Auto-reconnect disabled, terminating connection
2026-10-01T05:13:36+0000 mm-bot python[6123]: 2026-10-01 05:13:36 INFO    tournament is 'draft' (starts 2026-10-01T16:00:00.000Z) - 237/237 books ready - checking again in 60 s
2026-10-01T05:13:49+0000 mm-bot python[6123]: 2026-10-01 05:13:49 ERROR   WebSocket connection closed with code: 1006, reason:
2026-10-01T05:13:49+0000 mm-bot python[6123]: 2026-10-01 05:13:49 ERROR   Auto-reconnect disabled, terminating connection
2026-10-01T05:14:14+0000 mm-bot python[6123]: 2026-10-01 05:14:14 ERROR   WebSocket connection closed with code: 1006, reason:
2026-10-01T05:14:14+0000 mm-bot python[6123]: 2026-10-01 05:14:14 ERROR   Auto-reconnect disabled, terminating connection
2026-10-01T05:14:39+0000 mm-bot python[6123]: 2026-10-01 05:14:39 ERROR   WebSocket connection closed with code: 1006, reason:
2026-10-01T05:14:39+0000 mm-bot python[6123]: 2026-10-01 05:14:39 ERROR   Auto-reconnect disabled, terminating connection
2026-10-01T05:14:43+0000 mm-bot python[6123]: 2026-10-01 05:14:43 INFO    tournament is 'draft' (starts 2026-10-01T16:00:00.000Z) - 237/237 books ready - checking again in 60 s
2026-10-01T05:15:04+0000 mm-bot python[6123]: 2026-10-01 05:15:04 ERROR   WebSocket connection closed with code: 1006, reason:
2026-10-01T05:15:04+0000 mm-bot python[6123]: 2026-10-01 05:15:04 ERROR   Auto-reconnect disabled, terminating connection
2026-10-01T05:15:29+0000 mm-bot python[6123]: 2026-10-01 05:15:29 ERROR   WebSocket connection closed with code: 1006, reason:
2026-10-01T05:15:29+0000 mm-bot python[6123]: 2026-10-01 05:15:29 ERROR   Auto-reconnect disabled, terminating connection
2026-10-01T05:15:49+0000 mm-bot python[6123]: 2026-10-01 05:15:49 INFO    tournament is 'draft' (starts 2026-10-01T16:00:00.000Z) - 237/237 books ready - checking again in 60 s
2026-10-01T05:15:54+0000 mm-bot python[6123]: 2026-10-01 05:15:54 ERROR   WebSocket connection closed with code: 1006, reason:
2026-10-01T05:15:54+0000 mm-bot python[6123]: 2026-10-01 05:15:54 ERROR   Auto-reconnect disabled, terminating connection
2026-10-01T05:16:19+0000 mm-bot python[6123]: 2026-10-01 05:16:19 ERROR   WebSocket connection closed with code: 1006, reason:
2026-10-01T05:16:19+0000 mm-bot python[6123]: 2026-10-01 05:16:19 ERROR   Auto-reconnect disabled, terminating connection
2026-10-01T05:16:44+0000 mm-bot python[6123]: 2026-10-01 05:16:44 ERROR   WebSocket connection closed with code: 1006, reason:
2026-10-01T05:16:44+0000 mm-bot python[6123]: 2026-10-01 05:16:44 ERROR   Auto-reconnect disabled, terminating connection
2026-10-01T05:16:56+0000 mm-bot python[6123]: 2026-10-01 05:16:56 INFO    tournament is 'draft' (starts 2026-10-01T16:00:00.000Z) - 237/237 books ready - checking again in 60 s
2026-10-01T05:17:09+0000 mm-bot python[6123]: 2026-10-01 05:17:09 ERROR   WebSocket connection closed with code: 1006, reason:
2026-10-01T05:17:09+0000 mm-bot python[6123]: 2026-10-01 05:17:09 ERROR   Auto-reconnect disabled, terminating connection
2026-10-01T05:17:34+0000 mm-bot python[6123]: 2026-10-01 05:17:34 ERROR   WebSocket connection closed with code: 1006, reason:
2026-10-01T05:17:34+0000 mm-bot python[6123]: 2026-10-01 05:17:34 ERROR   Auto-reconnect disabled, terminating connection
2026-10-01T05:17:59+0000 mm-bot python[6123]: 2026-10-01 05:17:59 ERROR   WebSocket connection closed with code: 1006, reason:
2026-10-01T05:17:59+0000 mm-bot python[6123]: 2026-10-01 05:17:59 ERROR   Auto-reconnect disabled, terminating connection
2026-10-01T05:18:03+0000 mm-bot python[6123]: 2026-10-01 05:18:03 INFO    tournament is 'draft' (starts 2026-10-01T16:00:00.000Z) - 237/237 books ready - checking again in 60 s
2026-10-01T05:18:24+0000 mm-bot python[6123]: 2026-10-01 05:18:24 ERROR   WebSocket connection closed with code: 1006, reason:
2026-10-01T05:18:24+0000 mm-bot python[6123]: 2026-10-01 05:18:24 ERROR   Auto-reconnect disabled, terminating connection
2026-10-01T05:18:49+0000 mm-bot python[6123]: 2026-10-01 05:18:49 ERROR   WebSocket connection closed with code: 1006, reason:
2026-10-01T05:18:49+0000 mm-bot python[6123]: 2026-10-01 05:18:49 ERROR   Auto-reconnect disabled, terminating connection
2026-10-01T05:19:10+0000 mm-bot python[6123]: 2026-10-01 05:19:10 INFO    tournament is 'draft' (starts 2026-10-01T16:00:00.000Z) - 237/237 books ready - checking again in 60 s
2026-10-01T05:19:14+0000 mm-bot python[6123]: 2026-10-01 05:19:14 ERROR   WebSocket connection closed with code: 1006, reason:
2026-10-01T05:19:14+0000 mm-bot python[6123]: 2026-10-01 05:19:14 ERROR   Auto-reconnect disabled, terminating connection
2026-10-01T05:19:39+0000 mm-bot python[6123]: 2026-10-01 05:19:39 ERROR   WebSocket connection closed with code: 1006, reason:
2026-10-01T05:19:39+0000 mm-bot python[6123]: 2026-10-01 05:19:39 ERROR   Auto-reconnect disabled, terminating connection
2026-10-01T05:20:04+0000 mm-bot python[6123]: 2026-10-01 05:20:04 ERROR   WebSocket connection closed with code: 1006, reason:
2026-10-01T05:20:04+0000 mm-bot python[6123]: 2026-10-01 05:20:04 ERROR   Auto-reconnect disabled, terminating connection
2026-10-01T05:20:16+0000 mm-bot python[6123]: 2026-10-01 05:20:16 INFO    tournament is 'draft' (starts 2026-10-01T16:00:00.000Z) - 237/237 books ready - checking again in 60 s
2026-10-01T05:20:29+0000 mm-bot python[6123]: 2026-10-01 05:20:29 ERROR   WebSocket connection closed with code: 1006, reason:
2026-10-01T05:20:29+0000 mm-bot python[6123]: 2026-10-01 05:20:29 ERROR   Auto-reconnect disabled, terminating connection
2026-10-01T05:20:54+0000 mm-bot python[6123]: 2026-10-01 05:20:54 ERROR   WebSocket connection closed with code: 1006, reason:
2026-10-01T05:20:54+0000 mm-bot python[6123]: 2026-10-01 05:20:54 ERROR   Auto-reconnect disabled, terminating connection
2026-10-01T05:21:19+0000 mm-bot python[6123]: 2026-10-01 05:21:19 ERROR   WebSocket connection closed with code: 1006, reason:
2026-10-01T05:21:19+0000 mm-bot python[6123]: 2026-10-01 05:21:19 ERROR   Auto-reconnect disabled, terminating connection
2026-10-01T05:21:23+0000 mm-bot python[6123]: 2026-10-01 05:21:23 INFO    tournament is 'draft' (starts 2026-10-01T16:00:00.000Z) - 237/237 books ready - checking again in 60 s
2026-10-01T05:21:44+0000 mm-bot python[6123]: 2026-10-01 05:21:44 ERROR   WebSocket connection closed with code: 1006, reason:
2026-10-01T05:21:44+0000 mm-bot python[6123]: 2026-10-01 05:21:44 ERROR   Auto-reconnect disabled, terminating connection
2026-10-01T05:22:09+0000 mm-bot python[6123]: 2026-10-01 05:22:09 ERROR   WebSocket connection closed with code: 1006, reason:
2026-10-01T05:22:09+0000 mm-bot python[6123]: 2026-10-01 05:22:09 ERROR   Auto-reconnect disabled, terminating connection
2026-10-01T05:22:30+0000 mm-bot python[6123]: 2026-10-01 05:22:30 INFO    tournament is 'draft' (starts 2026-10-01T16:00:00.000Z) - 237/237 books ready - checking again in 60 s
2026-10-01T05:22:34+0000 mm-bot python[6123]: 2026-10-01 05:22:34 ERROR   WebSocket connection closed with code: 1006, reason:
2026-10-01T05:22:34+0000 mm-bot python[6123]: 2026-10-01 05:22:34 ERROR   Auto-reconnect disabled, terminating connection
2026-10-01T05:22:59+0000 mm-bot python[6123]: 2026-10-01 05:22:59 ERROR   WebSocket connection closed with code: 1006, reason:
2026-10-01T05:22:59+0000 mm-bot python[6123]: 2026-10-01 05:22:59 ERROR   Auto-reconnect disabled, terminating connection
2026-10-01T05:23:24+0000 mm-bot python[6123]: 2026-10-01 05:23:24 ERROR   WebSocket connection closed with code: 1006, reason:
2026-10-01T05:23:24+0000 mm-bot python[6123]: 2026-10-01 05:23:24 ERROR   Auto-reconnect disabled, terminating connection
2026-10-01T05:23:37+0000 mm-bot python[6123]: 2026-10-01 05:23:37 INFO    tournament is 'draft' (starts 2026-10-01T16:00:00.000Z) - 237/237 books ready - checking again in 60 s
2026-10-01T05:23:49+0000 mm-bot python[6123]: 2026-10-01 05:23:49 ERROR   WebSocket connection closed with code: 1006, reason:
2026-10-01T05:23:49+0000 mm-bot python[6123]: 2026-10-01 05:23:49 ERROR   Auto-reconnect disabled, terminating connection
2026-10-01T05:24:14+0000 mm-bot python[6123]: 2026-10-01 05:24:14 ERROR   WebSocket connection closed with code: 1006, reason:
2026-10-01T05:24:14+0000 mm-bot python[6123]: 2026-10-01 05:24:14 ERROR   Auto-reconnect disabled, terminating connection
2026-10-01T05:24:39+0000 mm-bot python[6123]: 2026-10-01 05:24:39 ERROR   WebSocket connection closed with code: 1006, reason:
2026-10-01T05:24:39+0000 mm-bot python[6123]: 2026-10-01 05:24:39 ERROR   Auto-reconnect disabled, terminating connection
2026-10-01T05:24:44+0000 mm-bot python[6123]: 2026-10-01 05:24:44 INFO    tournament is 'draft' (starts 2026-10-01T16:00:00.000Z) - 237/237 books ready - checking again in 60 s
2026-10-01T05:25:04+0000 mm-bot python[6123]: 2026-10-01 05:25:04 ERROR   WebSocket connection closed with code: 1006, reason:
2026-10-01T05:25:04+0000 mm-bot python[6123]: 2026-10-01 05:25:04 ERROR   Auto-reconnect disabled, terminating connection
2026-10-01T05:25:29+0000 mm-bot python[6123]: 2026-10-01 05:25:29 ERROR   WebSocket connection closed with code: 1006, reason:
2026-10-01T05:25:29+0000 mm-bot python[6123]: 2026-10-01 05:25:29 ERROR   Auto-reconnect disabled, terminating connection
2026-10-01T05:25:50+0000 mm-bot python[6123]: 2026-10-01 05:25:50 INFO    tournament is 'draft' (starts 2026-10-01T16:00:00.000Z) - 237/237 books ready - checking again in 60 s
2026-10-01T05:25:54+0000 mm-bot python[6123]: 2026-10-01 05:25:54 ERROR   WebSocket connection closed with code: 1006, reason:
2026-10-01T05:25:54+0000 mm-bot python[6123]: 2026-10-01 05:25:54 ERROR   Auto-reconnect disabled, terminating connection
2026-10-01T05:26:19+0000 mm-bot python[6123]: 2026-10-01 05:26:19 ERROR   WebSocket connection closed with code: 1006, reason:
2026-10-01T05:26:19+0000 mm-bot python[6123]: 2026-10-01 05:26:19 ERROR   Auto-reconnect disabled, terminating connection
2026-10-01T05:26:44+0000 mm-bot python[6123]: 2026-10-01 05:26:44 ERROR   WebSocket connection closed with code: 1006, reason:
2026-10-01T05:26:44+0000 mm-bot python[6123]: 2026-10-01 05:26:44 ERROR   Auto-reconnect disabled, terminating connection
2026-10-01T05:26:57+0000 mm-bot python[6123]: 2026-10-01 05:26:57 INFO    tournament is 'draft' (starts 2026-10-01T16:00:00.000Z) - 237/237 books ready - checking again in 60 s
2026-10-01T05:27:09+0000 mm-bot python[6123]: 2026-10-01 05:27:09 ERROR   WebSocket connection closed with code: 1006, reason:
2026-10-01T05:27:09+0000 mm-bot python[6123]: 2026-10-01 05:27:09 ERROR   Auto-reconnect disabled, terminating connection
2026-10-01T05:27:34+0000 mm-bot python[6123]: 2026-10-01 05:27:34 ERROR   WebSocket connection closed with code: 1006, reason:
2026-10-01T05:27:34+0000 mm-bot python[6123]: 2026-10-01 05:27:34 ERROR   Auto-reconnect disabled, terminating connection
2026-10-01T05:27:59+0000 mm-bot python[6123]: 2026-10-01 05:27:59 ERROR   WebSocket connection closed with code: 1006, reason:
2026-10-01T05:27:59+0000 mm-bot python[6123]: 2026-10-01 05:27:59 ERROR   Auto-reconnect disabled, terminating connection
2026-10-01T05:28:03+0000 mm-bot python[6123]: 2026-10-01 05:28:03 INFO    tournament is 'draft' (starts 2026-10-01T16:00:00.000Z) - 237/237 books ready - checking again in 60 s
2026-10-01T05:28:24+0000 mm-bot python[6123]: 2026-10-01 05:28:24 ERROR   WebSocket connection closed with code: 1006, reason:
2026-10-01T05:28:24+0000 mm-bot python[6123]: 2026-10-01 05:28:24 ERROR   Auto-reconnect disabled, terminating connection
2026-10-01T05:28:49+0000 mm-bot python[6123]: 2026-10-01 05:28:49 ERROR   WebSocket connection closed with code: 1006, reason:
2026-10-01T05:28:49+0000 mm-bot python[6123]: 2026-10-01 05:28:49 ERROR   Auto-reconnect disabled, terminating connection
2026-10-01T05:29:10+0000 mm-bot python[6123]: 2026-10-01 05:29:10 INFO    tournament is 'draft' (starts 2026-10-01T16:00:00.000Z) - 237/237 books ready - checking again in 60 s
2026-10-01T05:29:14+0000 mm-bot python[6123]: 2026-10-01 05:29:14 ERROR   WebSocket connection closed with code: 1006, reason:
2026-10-01T05:29:14+0000 mm-bot python[6123]: 2026-10-01 05:29:14 ERROR   Auto-reconnect disabled, terminating connection
2026-10-01T05:29:39+0000 mm-bot python[6123]: 2026-10-01 05:29:39 ERROR   WebSocket connection closed with code: 1006, reason:
2026-10-01T05:29:39+0000 mm-bot python[6123]: 2026-10-01 05:29:39 ERROR   Auto-reconnect disabled, terminating connection
2026-10-01T05:30:04+0000 mm-bot python[6123]: 2026-10-01 05:30:04 ERROR   WebSocket connection closed with code: 1006, reason:
2026-10-01T05:30:04+0000 mm-bot python[6123]: 2026-10-01 05:30:04 ERROR   Auto-reconnect disabled, terminating connection
2026-10-01T05:30:16+0000 mm-bot python[6123]: 2026-10-01 05:30:16 INFO    tournament is 'draft' (starts 2026-10-01T16:00:00.000Z) - 237/237 books ready - checking again in 60 s
2026-10-01T05:30:29+0000 mm-bot python[6123]: 2026-10-01 05:30:29 ERROR   WebSocket connection closed with code: 1006, reason:
2026-10-01T05:30:29+0000 mm-bot python[6123]: 2026-10-01 05:30:29 ERROR   Auto-reconnect disabled, terminating connection
2026-10-01T05:30:54+0000 mm-bot python[6123]: 2026-10-01 05:30:54 ERROR   WebSocket connection closed with code: 1006, reason:
2026-10-01T05:30:54+0000 mm-bot python[6123]: 2026-10-01 05:30:54 ERROR   Auto-reconnect disabled, terminating connection
2026-10-01T05:31:19+0000 mm-bot python[6123]: 2026-10-01 05:31:19 ERROR   WebSocket connection closed with code: 1006, reason:
2026-10-01T05:31:19+0000 mm-bot python[6123]: 2026-10-01 05:31:19 ERROR   Auto-reconnect disabled, terminating connection
2026-10-01T05:31:23+0000 mm-bot python[6123]: 2026-10-01 05:31:23 INFO    tournament is 'draft' (starts 2026-10-01T16:00:00.000Z) - 237/237 books ready - checking again in 60 s
2026-10-01T05:31:44+0000 mm-bot python[6123]: 2026-10-01 05:31:44 ERROR   WebSocket connection closed with code: 1006, reason:
2026-10-01T05:31:44+0000 mm-bot python[6123]: 2026-10-01 05:31:44 ERROR   Auto-reconnect disabled, terminating connection
2026-10-01T05:32:09+0000 mm-bot python[6123]: 2026-10-01 05:32:09 ERROR   WebSocket connection closed with code: 1006, reason:
2026-10-01T05:32:09+0000 mm-bot python[6123]: 2026-10-01 05:32:09 ERROR   Auto-reconnect disabled, terminating connection
2026-10-01T05:32:30+0000 mm-bot python[6123]: 2026-10-01 05:32:30 INFO    tournament is 'draft' (starts 2026-10-01T16:00:00.000Z) - 237/237 books ready - checking again in 60 s
2026-10-01T05:32:34+0000 mm-bot python[6123]: 2026-10-01 05:32:34 ERROR   WebSocket connection closed with code: 1006, reason:
2026-10-01T05:32:34+0000 mm-bot python[6123]: 2026-10-01 05:32:34 ERROR   Auto-reconnect disabled, terminating connection
2026-10-01T05:32:59+0000 mm-bot python[6123]: 2026-10-01 05:32:59 ERROR   WebSocket connection closed with code: 1006, reason:
2026-10-01T05:32:59+0000 mm-bot python[6123]: 2026-10-01 05:32:59 ERROR   Auto-reconnect disabled, terminating connection
2026-10-01T05:33:24+0000 mm-bot python[6123]: 2026-10-01 05:33:24 ERROR   WebSocket connection closed with code: 1006, reason:
2026-10-01T05:33:24+0000 mm-bot python[6123]: 2026-10-01 05:33:24 ERROR   Auto-reconnect disabled, terminating connection
2026-10-01T05:33:36+0000 mm-bot python[6123]: 2026-10-01 05:33:36 INFO    tournament is 'draft' (starts 2026-10-01T16:00:00.000Z) - 237/237 books ready - checking again in 60 s
2026-10-01T05:33:49+0000 mm-bot python[6123]: 2026-10-01 05:33:49 ERROR   WebSocket connection closed with code: 1006, reason:
2026-10-01T05:33:49+0000 mm-bot python[6123]: 2026-10-01 05:33:49 ERROR   Auto-reconnect disabled, terminating connection
2026-10-01T05:34:14+0000 mm-bot python[6123]: 2026-10-01 05:34:14 ERROR   WebSocket connection closed with code: 1006, reason:
2026-10-01T05:34:14+0000 mm-bot python[6123]: 2026-10-01 05:34:14 ERROR   Auto-reconnect disabled, terminating connection
2026-10-01T05:34:39+0000 mm-bot python[6123]: 2026-10-01 05:34:39 ERROR   WebSocket connection closed with code: 1006, reason:
2026-10-01T05:34:39+0000 mm-bot python[6123]: 2026-10-01 05:34:39 ERROR   Auto-reconnect disabled, terminating connection
2026-10-01T05:34:43+0000 mm-bot python[6123]: 2026-10-01 05:34:43 INFO    tournament is 'draft' (starts 2026-10-01T16:00:00.000Z) - 237/237 books ready - checking again in 60 s
2026-10-01T05:35:04+0000 mm-bot python[6123]: 2026-10-01 05:35:04 ERROR   WebSocket connection closed with code: 1006, reason:
2026-10-01T05:35:04+0000 mm-bot python[6123]: 2026-10-01 05:35:04 ERROR   Auto-reconnect disabled, terminating connection
2026-10-01T05:35:29+0000 mm-bot python[6123]: 2026-10-01 05:35:29 ERROR   WebSocket connection closed with code: 1006, reason:
2026-10-01T05:35:29+0000 mm-bot python[6123]: 2026-10-01 05:35:29 ERROR   Auto-reconnect disabled, terminating connection
2026-10-01T05:35:50+0000 mm-bot python[6123]: 2026-10-01 05:35:50 INFO    tournament is 'draft' (starts 2026-10-01T16:00:00.000Z) - 237/237 books ready - checking again in 60 s
2026-10-01T05:35:54+0000 mm-bot python[6123]: 2026-10-01 05:35:54 ERROR   WebSocket connection closed with code: 1006, reason:
2026-10-01T05:35:54+0000 mm-bot python[6123]: 2026-10-01 05:35:54 ERROR   Auto-reconnect disabled, terminating connection
2026-10-01T05:36:19+0000 mm-bot python[6123]: 2026-10-01 05:36:19 ERROR   WebSocket connection closed with code: 1006, reason:
2026-10-01T05:36:19+0000 mm-bot python[6123]: 2026-10-01 05:36:19 ERROR   Auto-reconnect disabled, terminating connection
2026-10-01T05:36:44+0000 mm-bot python[6123]: 2026-10-01 05:36:44 ERROR   WebSocket connection closed with code: 1006, reason:
2026-10-01T05:36:44+0000 mm-bot python[6123]: 2026-10-01 05:36:44 ERROR   Auto-reconnect disabled, terminating connection
2026-10-01T05:36:56+0000 mm-bot python[6123]: 2026-10-01 05:36:56 INFO    tournament is 'draft' (starts 2026-10-01T16:00:00.000Z) - 237/237 books ready - checking again in 60 s
2026-10-01T05:37:09+0000 mm-bot python[6123]: 2026-10-01 05:37:09 ERROR   WebSocket connection closed with code: 1006, reason:
2026-10-01T05:37:09+0000 mm-bot python[6123]: 2026-10-01 05:37:09 ERROR   Auto-reconnect disabled, terminating connection
2026-10-01T05:37:34+0000 mm-bot python[6123]: 2026-10-01 05:37:34 ERROR   WebSocket connection closed with code: 1006, reason:
2026-10-01T05:37:34+0000 mm-bot python[6123]: 2026-10-01 05:37:34 ERROR   Auto-reconnect disabled, terminating connection
2026-10-01T05:37:59+0000 mm-bot python[6123]: 2026-10-01 05:37:59 ERROR   WebSocket connection closed with code: 1006, reason:
2026-10-01T05:37:59+0000 mm-bot python[6123]: 2026-10-01 05:37:59 ERROR   Auto-reconnect disabled, terminating connection
2026-10-01T05:38:03+0000 mm-bot python[6123]: 2026-10-01 05:38:03 INFO    tournament is 'draft' (starts 2026-10-01T16:00:00.000Z) - 237/237 books ready - checking again in 60 s
2026-10-01T05:38:24+0000 mm-bot python[6123]: 2026-10-01 05:38:24 ERROR   WebSocket connection closed with code: 1006, reason:
2026-10-01T05:38:24+0000 mm-bot python[6123]: 2026-10-01 05:38:24 ERROR   Auto-reconnect disabled, terminating connection
2026-10-01T05:38:49+0000 mm-bot python[6123]: 2026-10-01 05:38:49 ERROR   WebSocket connection closed with code: 1006, reason:
2026-10-01T05:38:49+0000 mm-bot python[6123]: 2026-10-01 05:38:49 ERROR   Auto-reconnect disabled, terminating connection
2026-10-01T05:39:09+0000 mm-bot python[6123]: 2026-10-01 05:39:09 INFO    tournament is 'draft' (starts 2026-10-01T16:00:00.000Z) - 237/237 books ready - checking again in 60 s
2026-10-01T05:39:14+0000 mm-bot python[6123]: 2026-10-01 05:39:14 ERROR   WebSocket connection closed with code: 1006, reason:
2026-10-01T05:39:14+0000 mm-bot python[6123]: 2026-10-01 05:39:14 ERROR   Auto-reconnect disabled, terminating connection
2026-10-01T05:39:39+0000 mm-bot python[6123]: 2026-10-01 05:39:39 ERROR   WebSocket connection closed with code: 1006, reason:
2026-10-01T05:39:39+0000 mm-bot python[6123]: 2026-10-01 05:39:39 ERROR   Auto-reconnect disabled, terminating connection
2026-10-01T05:40:04+0000 mm-bot python[6123]: 2026-10-01 05:40:04 ERROR   WebSocket connection closed with code: 1006, reason:
2026-10-01T05:40:04+0000 mm-bot python[6123]: 2026-10-01 05:40:04 ERROR   Auto-reconnect disabled, terminating connection
2026-10-01T05:40:16+0000 mm-bot python[6123]: 2026-10-01 05:40:16 INFO    tournament is 'draft' (starts 2026-10-01T16:00:00.000Z) - 237/237 books ready - checking again in 60 s
2026-10-01T05:40:29+0000 mm-bot python[6123]: 2026-10-01 05:40:29 ERROR   WebSocket connection closed with code: 1006, reason:
2026-10-01T05:40:29+0000 mm-bot python[6123]: 2026-10-01 05:40:29 ERROR   Auto-reconnect disabled, terminating connection
2026-10-01T05:40:54+0000 mm-bot python[6123]: 2026-10-01 05:40:54 ERROR   WebSocket connection closed with code: 1006, reason:
2026-10-01T05:40:54+0000 mm-bot python[6123]: 2026-10-01 05:40:54 ERROR   Auto-reconnect disabled, terminating connection
2026-10-01T05:41:19+0000 mm-bot python[6123]: 2026-10-01 05:41:19 ERROR   WebSocket connection closed with code: 1006, reason:
2026-10-01T05:41:19+0000 mm-bot python[6123]: 2026-10-01 05:41:19 ERROR   Auto-reconnect disabled, terminating connection
2026-10-01T05:41:23+0000 mm-bot python[6123]: 2026-10-01 05:41:23 INFO    tournament is 'draft' (starts 2026-10-01T16:00:00.000Z) - 237/237 books ready - checking again in 60 s
2026-10-01T05:41:44+0000 mm-bot python[6123]: 2026-10-01 05:41:44 ERROR   WebSocket connection closed with code: 1006, reason:
2026-10-01T05:41:44+0000 mm-bot python[6123]: 2026-10-01 05:41:44 ERROR   Auto-reconnect disabled, terminating connection
2026-10-01T05:42:09+0000 mm-bot python[6123]: 2026-10-01 05:42:09 ERROR   WebSocket connection closed with code: 1006, reason:
2026-10-01T05:42:09+0000 mm-bot python[6123]: 2026-10-01 05:42:09 ERROR   Auto-reconnect disabled, terminating connection
2026-10-01T05:42:29+0000 mm-bot python[6123]: 2026-10-01 05:42:29 INFO    tournament is 'draft' (starts 2026-10-01T16:00:00.000Z) - 237/237 books ready - checking again in 60 s
2026-10-01T05:42:34+0000 mm-bot python[6123]: 2026-10-01 05:42:34 ERROR   WebSocket connection closed with code: 1006, reason:
2026-10-01T05:42:34+0000 mm-bot python[6123]: 2026-10-01 05:42:34 ERROR   Auto-reconnect disabled, terminating connection
2026-10-01T05:42:59+0000 mm-bot python[6123]: 2026-10-01 05:42:59 ERROR   WebSocket connection closed with code: 1006, reason:
2026-10-01T05:42:59+0000 mm-bot python[6123]: 2026-10-01 05:42:59 ERROR   Auto-reconnect disabled, terminating connection
2026-10-01T05:43:24+0000 mm-bot python[6123]: 2026-10-01 05:43:24 ERROR   WebSocket connection closed with code: 1006, reason:
2026-10-01T05:43:24+0000 mm-bot python[6123]: 2026-10-01 05:43:24 ERROR   Auto-reconnect disabled, terminating connection
2026-10-01T05:43:36+0000 mm-bot python[6123]: 2026-10-01 05:43:36 INFO    tournament is 'draft' (starts 2026-10-01T16:00:00.000Z) - 237/237 books ready - checking again in 60 s
2026-10-01T05:43:49+0000 mm-bot python[6123]: 2026-10-01 05:43:49 ERROR   WebSocket connection closed with code: 1006, reason:
2026-10-01T05:43:49+0000 mm-bot python[6123]: 2026-10-01 05:43:49 ERROR   Auto-reconnect disabled, terminating connection
2026-10-01T05:44:14+0000 mm-bot python[6123]: 2026-10-01 05:44:14 ERROR   WebSocket connection closed with code: 1006, reason:
2026-10-01T05:44:14+0000 mm-bot python[6123]: 2026-10-01 05:44:14 ERROR   Auto-reconnect disabled, terminating connection
2026-10-01T05:44:39+0000 mm-bot python[6123]: 2026-10-01 05:44:39 ERROR   WebSocket connection closed with code: 1006, reason:
2026-10-01T05:44:39+0000 mm-bot python[6123]: 2026-10-01 05:44:39 ERROR   Auto-reconnect disabled, terminating connection
2026-10-01T05:44:42+0000 mm-bot python[6123]: 2026-10-01 05:44:42 INFO    tournament is 'draft' (starts 2026-10-01T16:00:00.000Z) - 237/237 books ready - checking again in 60 s
2026-10-01T05:45:04+0000 mm-bot python[6123]: 2026-10-01 05:45:04 ERROR   WebSocket connection closed with code: 1006, reason:
2026-10-01T05:45:04+0000 mm-bot python[6123]: 2026-10-01 05:45:04 ERROR   Auto-reconnect disabled, terminating connection
2026-10-01T05:45:29+0000 mm-bot python[6123]: 2026-10-01 05:45:29 ERROR   WebSocket connection closed with code: 1006, reason:
2026-10-01T05:45:29+0000 mm-bot python[6123]: 2026-10-01 05:45:29 ERROR   Auto-reconnect disabled, terminating connection
2026-10-01T05:45:49+0000 mm-bot python[6123]: 2026-10-01 05:45:49 INFO    tournament is 'draft' (starts 2026-10-01T16:00:00.000Z) - 237/237 books ready - checking again in 60 s
2026-10-01T05:45:54+0000 mm-bot python[6123]: 2026-10-01 05:45:54 ERROR   WebSocket connection closed with code: 1006, reason:
2026-10-01T05:45:54+0000 mm-bot python[6123]: 2026-10-01 05:45:54 ERROR   Auto-reconnect disabled, terminating connection
2026-10-01T05:46:19+0000 mm-bot python[6123]: 2026-10-01 05:46:19 ERROR   WebSocket connection closed with code: 1006, reason:
2026-10-01T05:46:19+0000 mm-bot python[6123]: 2026-10-01 05:46:19 ERROR   Auto-reconnect disabled, terminating connection
2026-10-01T05:46:44+0000 mm-bot python[6123]: 2026-10-01 05:46:44 ERROR   WebSocket connection closed with code: 1006, reason:
2026-10-01T05:46:44+0000 mm-bot python[6123]: 2026-10-01 05:46:44 ERROR   Auto-reconnect disabled, terminating connection
2026-10-01T05:46:56+0000 mm-bot python[6123]: 2026-10-01 05:46:56 INFO    tournament is 'draft' (starts 2026-10-01T16:00:00.000Z) - 237/237 books ready - checking again in 60 s
2026-10-01T05:47:09+0000 mm-bot python[6123]: 2026-10-01 05:47:09 ERROR   WebSocket connection closed with code: 1006, reason:
2026-10-01T05:47:09+0000 mm-bot python[6123]: 2026-10-01 05:47:09 ERROR   Auto-reconnect disabled, terminating connection
2026-10-01T05:47:34+0000 mm-bot python[6123]: 2026-10-01 05:47:34 ERROR   WebSocket connection closed with code: 1006, reason:
2026-10-01T05:47:34+0000 mm-bot python[6123]: 2026-10-01 05:47:34 ERROR   Auto-reconnect disabled, terminating connection
2026-10-01T05:47:59+0000 mm-bot python[6123]: 2026-10-01 05:47:59 ERROR   WebSocket connection closed with code: 1006, reason:
2026-10-01T05:47:59+0000 mm-bot python[6123]: 2026-10-01 05:47:59 ERROR   Auto-reconnect disabled, terminating connection
2026-10-01T05:48:02+0000 mm-bot python[6123]: 2026-10-01 05:48:02 INFO    tournament is 'draft' (starts 2026-10-01T16:00:00.000Z) - 237/237 books ready - checking again in 60 s
2026-10-01T05:48:24+0000 mm-bot python[6123]: 2026-10-01 05:48:24 ERROR   WebSocket connection closed with code: 1006, reason:
2026-10-01T05:48:24+0000 mm-bot python[6123]: 2026-10-01 05:48:24 ERROR   Auto-reconnect disabled, terminating connection
2026-10-01T05:48:49+0000 mm-bot python[6123]: 2026-10-01 05:48:49 ERROR   WebSocket connection closed with code: 1006, reason:
2026-10-01T05:48:49+0000 mm-bot python[6123]: 2026-10-01 05:48:49 ERROR   Auto-reconnect disabled, terminating connection
2026-10-01T05:49:09+0000 mm-bot python[6123]: 2026-10-01 05:49:09 INFO    tournament is 'draft' (starts 2026-10-01T16:00:00.000Z) - 237/237 books ready - checking again in 60 s
2026-10-01T05:49:14+0000 mm-bot python[6123]: 2026-10-01 05:49:14 ERROR   WebSocket connection closed with code: 1006, reason:
2026-10-01T05:49:14+0000 mm-bot python[6123]: 2026-10-01 05:49:14 ERROR   Auto-reconnect disabled, terminating connection
2026-10-01T05:49:39+0000 mm-bot python[6123]: 2026-10-01 05:49:39 ERROR   WebSocket connection closed with code: 1006, reason:
2026-10-01T05:49:39+0000 mm-bot python[6123]: 2026-10-01 05:49:39 ERROR   Auto-reconnect disabled, terminating connection
2026-10-01T05:50:04+0000 mm-bot python[6123]: 2026-10-01 05:50:04 ERROR   WebSocket connection closed with code: 1006, reason:
2026-10-01T05:50:04+0000 mm-bot python[6123]: 2026-10-01 05:50:04 ERROR   Auto-reconnect disabled, terminating connection
2026-10-01T05:50:15+0000 mm-bot python[6123]: 2026-10-01 05:50:15 INFO    tournament is 'draft' (starts 2026-10-01T16:00:00.000Z) - 237/237 books ready - checking again in 60 s
2026-10-01T05:50:29+0000 mm-bot python[6123]: 2026-10-01 05:50:29 ERROR   WebSocket connection closed with code: 1006, reason:
2026-10-01T05:50:29+0000 mm-bot python[6123]: 2026-10-01 05:50:29 ERROR   Auto-reconnect disabled, terminating connection
2026-10-01T05:50:55+0000 mm-bot python[6123]: 2026-10-01 05:50:55 ERROR   WebSocket connection closed with code: 1006, reason:
2026-10-01T05:50:55+0000 mm-bot python[6123]: 2026-10-01 05:50:55 ERROR   Auto-reconnect disabled, terminating connection
2026-10-01T05:51:20+0000 mm-bot python[6123]: 2026-10-01 05:51:20 ERROR   WebSocket connection closed with code: 1006, reason:
2026-10-01T05:51:20+0000 mm-bot python[6123]: 2026-10-01 05:51:20 ERROR   Auto-reconnect disabled, terminating connection
2026-10-01T05:51:22+0000 mm-bot python[6123]: 2026-10-01 05:51:22 INFO    tournament is 'draft' (starts 2026-10-01T16:00:00.000Z) - 237/237 books ready - checking again in 60 s
2026-10-01T05:51:45+0000 mm-bot python[6123]: 2026-10-01 05:51:45 ERROR   WebSocket connection closed with code: 1006, reason:
2026-10-01T05:51:45+0000 mm-bot python[6123]: 2026-10-01 05:51:45 ERROR   Auto-reconnect disabled, terminating connection
2026-10-01T05:52:10+0000 mm-bot python[6123]: 2026-10-01 05:52:10 ERROR   WebSocket connection closed with code: 1006, reason:
2026-10-01T05:52:10+0000 mm-bot python[6123]: 2026-10-01 05:52:10 ERROR   Auto-reconnect disabled, terminating connection
2026-10-01T05:52:29+0000 mm-bot python[6123]: 2026-10-01 05:52:29 INFO    tournament is 'draft' (starts 2026-10-01T16:00:00.000Z) - 237/237 books ready - checking again in 60 s
2026-10-01T05:52:35+0000 mm-bot python[6123]: 2026-10-01 05:52:35 ERROR   WebSocket connection closed with code: 1006, reason:
2026-10-01T05:52:35+0000 mm-bot python[6123]: 2026-10-01 05:52:35 ERROR   Auto-reconnect disabled, terminating connection
2026-10-01T05:53:00+0000 mm-bot python[6123]: 2026-10-01 05:53:00 ERROR   WebSocket connection closed with code: 1006, reason:
2026-10-01T05:53:00+0000 mm-bot python[6123]: 2026-10-01 05:53:00 ERROR   Auto-reconnect disabled, terminating connection
2026-10-01T05:53:25+0000 mm-bot python[6123]: 2026-10-01 05:53:25 ERROR   WebSocket connection closed with code: 1006, reason:
2026-10-01T05:53:25+0000 mm-bot python[6123]: 2026-10-01 05:53:25 ERROR   Auto-reconnect disabled, terminating connection
2026-10-01T05:53:35+0000 mm-bot python[6123]: 2026-10-01 05:53:35 INFO    tournament is 'draft' (starts 2026-10-01T16:00:00.000Z) - 237/237 books ready - checking again in 60 s
2026-10-01T05:53:50+0000 mm-bot python[6123]: 2026-10-01 05:53:50 ERROR   WebSocket connection closed with code: 1006, reason:
2026-10-01T05:53:50+0000 mm-bot python[6123]: 2026-10-01 05:53:50 ERROR   Auto-reconnect disabled, terminating connection
2026-10-01T05:54:15+0000 mm-bot python[6123]: 2026-10-01 05:54:15 ERROR   WebSocket connection closed with code: 1006, reason:
2026-10-01T05:54:15+0000 mm-bot python[6123]: 2026-10-01 05:54:15 ERROR   Auto-reconnect disabled, terminating connection
2026-10-01T05:54:40+0000 mm-bot python[6123]: 2026-10-01 05:54:40 ERROR   WebSocket connection closed with code: 1006, reason:
2026-10-01T05:54:40+0000 mm-bot python[6123]: 2026-10-01 05:54:40 ERROR   Auto-reconnect disabled, terminating connection
2026-10-01T05:54:42+0000 mm-bot python[6123]: 2026-10-01 05:54:42 INFO    tournament is 'draft' (starts 2026-10-01T16:00:00.000Z) - 237/237 books ready - checking again in 60 s
2026-10-01T05:55:05+0000 mm-bot python[6123]: 2026-10-01 05:55:05 ERROR   WebSocket connection closed with code: 1006, reason:
2026-10-01T05:55:05+0000 mm-bot python[6123]: 2026-10-01 05:55:05 ERROR   Auto-reconnect disabled, terminating connection
2026-10-01T05:55:30+0000 mm-bot python[6123]: 2026-10-01 05:55:30 ERROR   WebSocket connection closed with code: 1006, reason:
2026-10-01T05:55:30+0000 mm-bot python[6123]: 2026-10-01 05:55:30 ERROR   Auto-reconnect disabled, terminating connection
2026-10-01T05:55:48+0000 mm-bot python[6123]: 2026-10-01 05:55:48 INFO    tournament is 'draft' (starts 2026-10-01T16:00:00.000Z) - 237/237 books ready - checking again in 60 s
2026-10-01T05:55:55+0000 mm-bot python[6123]: 2026-10-01 05:55:55 ERROR   WebSocket connection closed with code: 1006, reason:
2026-10-01T05:55:55+0000 mm-bot python[6123]: 2026-10-01 05:55:55 ERROR   Auto-reconnect disabled, terminating connection
2026-10-01T05:56:20+0000 mm-bot python[6123]: 2026-10-01 05:56:20 ERROR   WebSocket connection closed with code: 1006, reason:
2026-10-01T05:56:20+0000 mm-bot python[6123]: 2026-10-01 05:56:20 ERROR   Auto-reconnect disabled, terminating connection
2026-10-01T05:56:45+0000 mm-bot python[6123]: 2026-10-01 05:56:45 ERROR   WebSocket connection closed with code: 1006, reason:
2026-10-01T05:56:45+0000 mm-bot python[6123]: 2026-10-01 05:56:45 ERROR   Auto-reconnect disabled, terminating connection
2026-10-01T05:56:55+0000 mm-bot python[6123]: 2026-10-01 05:56:55 INFO    tournament is 'draft' (starts 2026-10-01T16:00:00.000Z) - 237/237 books ready - checking again in 60 s
2026-10-01T05:57:10+0000 mm-bot python[6123]: 2026-10-01 05:57:10 ERROR   WebSocket connection closed with code: 1006, reason:
2026-10-01T05:57:10+0000 mm-bot python[6123]: 2026-10-01 05:57:10 ERROR   Auto-reconnect disabled, terminating connection
2026-10-01T05:57:35+0000 mm-bot python[6123]: 2026-10-01 05:57:35 ERROR   WebSocket connection closed with code: 1006, reason:
2026-10-01T05:57:35+0000 mm-bot python[6123]: 2026-10-01 05:57:35 ERROR   Auto-reconnect disabled, terminating connection
2026-10-01T05:58:00+0000 mm-bot python[6123]: 2026-10-01 05:58:00 ERROR   WebSocket connection closed with code: 1006, reason:
2026-10-01T05:58:00+0000 mm-bot python[6123]: 2026-10-01 05:58:00 ERROR   Auto-reconnect disabled, terminating connection
2026-10-01T05:58:02+0000 mm-bot python[6123]: 2026-10-01 05:58:02 INFO    tournament is 'draft' (starts 2026-10-01T16:00:00.000Z) - 237/237 books ready - checking again in 60 s
2026-10-01T05:58:25+0000 mm-bot python[6123]: 2026-10-01 05:58:25 ERROR   WebSocket connection closed with code: 1006, reason:
2026-10-01T05:58:25+0000 mm-bot python[6123]: 2026-10-01 05:58:25 ERROR   Auto-reconnect disabled, terminating connection
2026-10-01T05:58:50+0000 mm-bot python[6123]: 2026-10-01 05:58:50 ERROR   WebSocket connection closed with code: 1006, reason:
2026-10-01T05:58:50+0000 mm-bot python[6123]: 2026-10-01 05:58:50 ERROR   Auto-reconnect disabled, terminating connection
2026-10-01T05:59:08+0000 mm-bot python[6123]: 2026-10-01 05:59:08 INFO    tournament is 'draft' (starts 2026-10-01T16:00:00.000Z) - 237/237 books ready - checking again in 60 s
2026-10-01T05:59:15+0000 mm-bot python[6123]: 2026-10-01 05:59:15 ERROR   WebSocket connection closed with code: 1006, reason:
2026-10-01T05:59:15+0000 mm-bot python[6123]: 2026-10-01 05:59:15 ERROR   Auto-reconnect disabled, terminating connection
2026-10-01T05:59:40+0000 mm-bot python[6123]: 2026-10-01 05:59:40 ERROR   WebSocket connection closed with code: 1006, reason:
2026-10-01T05:59:40+0000 mm-bot python[6123]: 2026-10-01 05:59:40 ERROR   Auto-reconnect disabled, terminating connection
2026-10-01T06:00:05+0000 mm-bot python[6123]: 2026-10-01 06:00:05 ERROR   WebSocket connection closed with code: 1006, reason:
2026-10-01T06:00:05+0000 mm-bot python[6123]: 2026-10-01 06:00:05 ERROR   Auto-reconnect disabled, terminating connection
2026-10-01T06:00:15+0000 mm-bot python[6123]: 2026-10-01 06:00:15 INFO    tournament is 'draft' (starts 2026-10-01T16:00:00.000Z) - 237/237 books ready - checking again in 60 s
2026-10-01T06:00:16+0000 mm-bot python[6123]: 2026-10-01 06:00:16 INFO    mm_bot: +0 (+0.0%)
2026-10-01T06:00:16+0000 mm-bot python[6123]: Status: OK | waiting for the open (01 Oct 16:00 UTC), 237/237 order books ready
2026-10-01T06:00:16+0000 mm-bot python[6123]: Account 100,000 (+0 total)
2026-10-01T06:00:16+0000 mm-bot python[6123]: Rank: not ranked yet | Smart Score: not scored yet
2026-10-01T06:00:16+0000 mm-bot python[6123]: Last 2h: 0 fills, 0 shares, edge +0.00c, markout +0.00c, 0 arbitrages, 0 takes
2026-10-01T06:00:30+0000 mm-bot python[6123]: 2026-10-01 06:00:30 ERROR   WebSocket connection closed with code: 1006, reason:
2026-10-01T06:00:30+0000 mm-bot python[6123]: 2026-10-01 06:00:30 ERROR   Auto-reconnect disabled, terminating connection
2026-10-01T06:00:55+0000 mm-bot python[6123]: 2026-10-01 06:00:55 ERROR   WebSocket connection closed with code: 1006, reason:
2026-10-01T06:00:55+0000 mm-bot python[6123]: 2026-10-01 06:00:55 ERROR   Auto-reconnect disabled, terminating connection
2026-10-01T06:01:20+0000 mm-bot python[6123]: 2026-10-01 06:01:20 ERROR   WebSocket connection closed with code: 1006, reason:
2026-10-01T06:01:20+0000 mm-bot python[6123]: 2026-10-01 06:01:20 ERROR   Auto-reconnect disabled, terminating connection
2026-10-01T06:01:23+0000 mm-bot python[6123]: 2026-10-01 06:01:23 INFO    tournament is 'draft' (starts 2026-10-01T16:00:00.000Z) - 237/237 books ready - checking again in 60 s
2026-10-01T06:01:45+0000 mm-bot python[6123]: 2026-10-01 06:01:45 ERROR   WebSocket connection closed with code: 1006, reason:
2026-10-01T06:01:45+0000 mm-bot python[6123]: 2026-10-01 06:01:45 ERROR   Auto-reconnect disabled, terminating connection
2026-10-01T06:02:10+0000 mm-bot python[6123]: 2026-10-01 06:02:10 ERROR   WebSocket connection closed with code: 1006, reason:
2026-10-01T06:02:10+0000 mm-bot python[6123]: 2026-10-01 06:02:10 ERROR   Auto-reconnect disabled, terminating connection
2026-10-01T06:02:30+0000 mm-bot python[6123]: 2026-10-01 06:02:30 INFO    tournament is 'draft' (starts 2026-10-01T16:00:00.000Z) - 237/237 books ready - checking again in 60 s
2026-10-01T06:02:35+0000 mm-bot python[6123]: 2026-10-01 06:02:35 ERROR   WebSocket connection closed with code: 1006, reason:
2026-10-01T06:02:35+0000 mm-bot python[6123]: 2026-10-01 06:02:35 ERROR   Auto-reconnect disabled, terminating connection
2026-10-01T06:03:00+0000 mm-bot python[6123]: 2026-10-01 06:03:00 ERROR   WebSocket connection closed with code: 1006, reason:
2026-10-01T06:03:00+0000 mm-bot python[6123]: 2026-10-01 06:03:00 ERROR   Auto-reconnect disabled, terminating connection
2026-10-01T06:03:25+0000 mm-bot python[6123]: 2026-10-01 06:03:25 ERROR   WebSocket connection closed with code: 1006, reason:
2026-10-01T06:03:25+0000 mm-bot python[6123]: 2026-10-01 06:03:25 ERROR   Auto-reconnect disabled, terminating connection
2026-10-01T06:03:36+0000 mm-bot python[6123]: 2026-10-01 06:03:36 INFO    tournament is 'draft' (starts 2026-10-01T16:00:00.000Z) - 237/237 books ready - checking again in 60 s
2026-10-01T06:03:50+0000 mm-bot python[6123]: 2026-10-01 06:03:50 ERROR   WebSocket connection closed with code: 1006, reason:
2026-10-01T06:03:50+0000 mm-bot python[6123]: 2026-10-01 06:03:50 ERROR   Auto-reconnect disabled, terminating connection
2026-10-01T06:04:15+0000 mm-bot python[6123]: 2026-10-01 06:04:15 ERROR   WebSocket connection closed with code: 1006, reason:
2026-10-01T06:04:15+0000 mm-bot python[6123]: 2026-10-01 06:04:15 ERROR   Auto-reconnect disabled, terminating connection
2026-10-01T06:04:40+0000 mm-bot python[6123]: 2026-10-01 06:04:40 ERROR   WebSocket connection closed with code: 1006, reason:
2026-10-01T06:04:40+0000 mm-bot python[6123]: 2026-10-01 06:04:40 ERROR   Auto-reconnect disabled, terminating connection
2026-10-01T06:04:43+0000 mm-bot python[6123]: 2026-10-01 06:04:43 INFO    tournament is 'draft' (starts 2026-10-01T16:00:00.000Z) - 237/237 books ready - checking again in 60 s
2026-10-01T06:05:05+0000 mm-bot python[6123]: 2026-10-01 06:05:05 ERROR   WebSocket connection closed with code: 1006, reason:
2026-10-01T06:05:05+0000 mm-bot python[6123]: 2026-10-01 06:05:05 ERROR   Auto-reconnect disabled, terminating connection
2026-10-01T06:05:30+0000 mm-bot python[6123]: 2026-10-01 06:05:30 ERROR   WebSocket connection closed with code: 1006, reason:
2026-10-01T06:05:30+0000 mm-bot python[6123]: 2026-10-01 06:05:30 ERROR   Auto-reconnect disabled, terminating connection
2026-10-01T06:05:50+0000 mm-bot python[6123]: 2026-10-01 06:05:50 INFO    tournament is 'draft' (starts 2026-10-01T16:00:00.000Z) - 237/237 books ready - checking again in 60 s
2026-10-01T06:05:55+0000 mm-bot python[6123]: 2026-10-01 06:05:55 ERROR   WebSocket connection closed with code: 1006, reason:
2026-10-01T06:05:55+0000 mm-bot python[6123]: 2026-10-01 06:05:55 ERROR   Auto-reconnect disabled, terminating connection
2026-10-01T06:06:20+0000 mm-bot python[6123]: 2026-10-01 06:06:20 ERROR   WebSocket connection closed with code: 1006, reason:
2026-10-01T06:06:20+0000 mm-bot python[6123]: 2026-10-01 06:06:20 ERROR   Auto-reconnect disabled, terminating connection
2026-10-01T06:06:45+0000 mm-bot python[6123]: 2026-10-01 06:06:45 ERROR   WebSocket connection closed with code: 1006, reason:
2026-10-01T06:06:45+0000 mm-bot python[6123]: 2026-10-01 06:06:45 ERROR   Auto-reconnect disabled, terminating connection
2026-10-01T06:06:56+0000 mm-bot python[6123]: 2026-10-01 06:06:56 INFO    tournament is 'draft' (starts 2026-10-01T16:00:00.000Z) - 237/237 books ready - checking again in 60 s
2026-10-01T06:07:10+0000 mm-bot python[6123]: 2026-10-01 06:07:10 ERROR   WebSocket connection closed with code: 1006, reason:
2026-10-01T06:07:10+0000 mm-bot python[6123]: 2026-10-01 06:07:10 ERROR   Auto-reconnect disabled, terminating connection
2026-10-01T06:07:35+0000 mm-bot python[6123]: 2026-10-01 06:07:35 ERROR   WebSocket connection closed with code: 1006, reason:
2026-10-01T06:07:35+0000 mm-bot python[6123]: 2026-10-01 06:07:35 ERROR   Auto-reconnect disabled, terminating connection
2026-10-01T06:08:00+0000 mm-bot python[6123]: 2026-10-01 06:08:00 ERROR   WebSocket connection closed with code: 1006, reason:
2026-10-01T06:08:00+0000 mm-bot python[6123]: 2026-10-01 06:08:00 ERROR   Auto-reconnect disabled, terminating connection
2026-10-01T06:08:03+0000 mm-bot python[6123]: 2026-10-01 06:08:03 INFO    tournament is 'draft' (starts 2026-10-01T16:00:00.000Z) - 237/237 books ready - checking again in 60 s
2026-10-01T06:08:25+0000 mm-bot python[6123]: 2026-10-01 06:08:25 ERROR   WebSocket connection closed with code: 1006, reason:
2026-10-01T06:08:25+0000 mm-bot python[6123]: 2026-10-01 06:08:25 ERROR   Auto-reconnect disabled, terminating connection
2026-10-01T06:08:50+0000 mm-bot python[6123]: 2026-10-01 06:08:50 ERROR   WebSocket connection closed with code: 1006, reason:
2026-10-01T06:08:50+0000 mm-bot python[6123]: 2026-10-01 06:08:50 ERROR   Auto-reconnect disabled, terminating connection
2026-10-01T06:09:09+0000 mm-bot python[6123]: 2026-10-01 06:09:09 INFO    tournament is 'draft' (starts 2026-10-01T16:00:00.000Z) - 237/237 books ready - checking again in 60 s
2026-10-01T06:09:15+0000 mm-bot python[6123]: 2026-10-01 06:09:15 ERROR   WebSocket connection closed with code: 1006, reason:
2026-10-01T06:09:15+0000 mm-bot python[6123]: 2026-10-01 06:09:15 ERROR   Auto-reconnect disabled, terminating connection
2026-10-01T06:09:40+0000 mm-bot python[6123]: 2026-10-01 06:09:40 ERROR   WebSocket connection closed with code: 1006, reason:
2026-10-01T06:09:40+0000 mm-bot python[6123]: 2026-10-01 06:09:40 ERROR   Auto-reconnect disabled, terminating connection
2026-10-01T06:10:05+0000 mm-bot python[6123]: 2026-10-01 06:10:05 ERROR   WebSocket connection closed with code: 1006, reason:
2026-10-01T06:10:05+0000 mm-bot python[6123]: 2026-10-01 06:10:05 ERROR   Auto-reconnect disabled, terminating connection
2026-10-01T06:10:16+0000 mm-bot python[6123]: 2026-10-01 06:10:16 INFO    tournament is 'draft' (starts 2026-10-01T16:00:00.000Z) - 237/237 books ready - checking again in 60 s
2026-10-01T06:10:30+0000 mm-bot python[6123]: 2026-10-01 06:10:30 ERROR   WebSocket connection closed with code: 1006, reason:
2026-10-01T06:10:30+0000 mm-bot python[6123]: 2026-10-01 06:10:30 ERROR   Auto-reconnect disabled, terminating connection
2026-10-01T06:10:55+0000 mm-bot python[6123]: 2026-10-01 06:10:55 ERROR   WebSocket connection closed with code: 1006, reason:
2026-10-01T06:10:55+0000 mm-bot python[6123]: 2026-10-01 06:10:55 ERROR   Auto-reconnect disabled, terminating connection
2026-10-01T06:11:20+0000 mm-bot python[6123]: 2026-10-01 06:11:20 ERROR   WebSocket connection closed with code: 1006, reason:
2026-10-01T06:11:20+0000 mm-bot python[6123]: 2026-10-01 06:11:20 ERROR   Auto-reconnect disabled, terminating connection
2026-10-01T06:11:23+0000 mm-bot python[6123]: 2026-10-01 06:11:23 INFO    tournament is 'draft' (starts 2026-10-01T16:00:00.000Z) - 237/237 books ready - checking again in 60 s
2026-10-01T06:11:45+0000 mm-bot python[6123]: 2026-10-01 06:11:45 ERROR   WebSocket connection closed with code: 1006, reason:
2026-10-01T06:11:45+0000 mm-bot python[6123]: 2026-10-01 06:11:45 ERROR   Auto-reconnect disabled, terminating connection
2026-10-01T06:12:10+0000 mm-bot python[6123]: 2026-10-01 06:12:10 ERROR   WebSocket connection closed with code: 1006, reason:
2026-10-01T06:12:10+0000 mm-bot python[6123]: 2026-10-01 06:12:10 ERROR   Auto-reconnect disabled, terminating connection
2026-10-01T06:12:29+0000 mm-bot python[6123]: 2026-10-01 06:12:29 INFO    tournament is 'draft' (starts 2026-10-01T16:00:00.000Z) - 237/237 books ready - checking again in 60 s
2026-10-01T06:12:35+0000 mm-bot python[6123]: 2026-10-01 06:12:35 ERROR   WebSocket connection closed with code: 1006, reason:
2026-10-01T06:12:35+0000 mm-bot python[6123]: 2026-10-01 06:12:35 ERROR   Auto-reconnect disabled, terminating connection
2026-10-01T06:13:00+0000 mm-bot python[6123]: 2026-10-01 06:13:00 ERROR   WebSocket connection closed with code: 1006, reason:
2026-10-01T06:13:00+0000 mm-bot python[6123]: 2026-10-01 06:13:00 ERROR   Auto-reconnect disabled, terminating connection
2026-10-01T06:13:25+0000 mm-bot python[6123]: 2026-10-01 06:13:25 ERROR   WebSocket connection closed with code: 1006, reason:
2026-10-01T06:13:25+0000 mm-bot python[6123]: 2026-10-01 06:13:25 ERROR   Auto-reconnect disabled, terminating connection
2026-10-01T06:13:36+0000 mm-bot python[6123]: 2026-10-01 06:13:36 INFO    tournament is 'draft' (starts 2026-10-01T16:00:00.000Z) - 237/237 books ready - checking again in 60 s
2026-10-01T06:13:50+0000 mm-bot python[6123]: 2026-10-01 06:13:50 ERROR   WebSocket connection closed with code: 1006, reason:
2026-10-01T06:13:50+0000 mm-bot python[6123]: 2026-10-01 06:13:50 ERROR   Auto-reconnect disabled, terminating connection
2026-10-01T06:14:15+0000 mm-bot python[6123]: 2026-10-01 06:14:15 ERROR   WebSocket connection closed with code: 1006, reason:
2026-10-01T06:14:15+0000 mm-bot python[6123]: 2026-10-01 06:14:15 ERROR   Auto-reconnect disabled, terminating connection
2026-10-01T06:14:40+0000 mm-bot python[6123]: 2026-10-01 06:14:40 ERROR   WebSocket connection closed with code: 1006, reason:
2026-10-01T06:14:40+0000 mm-bot python[6123]: 2026-10-01 06:14:40 ERROR   Auto-reconnect disabled, terminating connection
2026-10-01T06:14:42+0000 mm-bot python[6123]: 2026-10-01 06:14:42 INFO    tournament is 'draft' (starts 2026-10-01T16:00:00.000Z) - 237/237 books ready - checking again in 60 s
2026-10-01T06:15:05+0000 mm-bot python[6123]: 2026-10-01 06:15:05 ERROR   WebSocket connection closed with code: 1006, reason:
2026-10-01T06:15:05+0000 mm-bot python[6123]: 2026-10-01 06:15:05 ERROR   Auto-reconnect disabled, terminating connection
2026-10-01T06:15:30+0000 mm-bot python[6123]: 2026-10-01 06:15:30 ERROR   WebSocket connection closed with code: 1006, reason:
2026-10-01T06:15:30+0000 mm-bot python[6123]: 2026-10-01 06:15:30 ERROR   Auto-reconnect disabled, terminating connection
2026-10-01T06:15:49+0000 mm-bot python[6123]: 2026-10-01 06:15:49 INFO    tournament is 'draft' (starts 2026-10-01T16:00:00.000Z) - 237/237 books ready - checking again in 60 s
2026-10-01T06:15:55+0000 mm-bot python[6123]: 2026-10-01 06:15:55 ERROR   WebSocket connection closed with code: 1006, reason:
2026-10-01T06:15:55+0000 mm-bot python[6123]: 2026-10-01 06:15:55 ERROR   Auto-reconnect disabled, terminating connection
2026-10-01T06:16:20+0000 mm-bot python[6123]: 2026-10-01 06:16:20 ERROR   WebSocket connection closed with code: 1006, reason:
2026-10-01T06:16:20+0000 mm-bot python[6123]: 2026-10-01 06:16:20 ERROR   Auto-reconnect disabled, terminating connection
2026-10-01T06:16:45+0000 mm-bot python[6123]: 2026-10-01 06:16:45 ERROR   WebSocket connection closed with code: 1006, reason:
2026-10-01T06:16:45+0000 mm-bot python[6123]: 2026-10-01 06:16:45 ERROR   Auto-reconnect disabled, terminating connection
2026-10-01T06:16:56+0000 mm-bot python[6123]: 2026-10-01 06:16:56 INFO    tournament is 'draft' (starts 2026-10-01T16:00:00.000Z) - 237/237 books ready - checking again in 60 s
2026-10-01T06:17:10+0000 mm-bot python[6123]: 2026-10-01 06:17:10 ERROR   WebSocket connection closed with code: 1006, reason:
2026-10-01T06:17:10+0000 mm-bot python[6123]: 2026-10-01 06:17:10 ERROR   Auto-reconnect disabled, terminating connection
2026-10-01T06:17:35+0000 mm-bot python[6123]: 2026-10-01 06:17:35 ERROR   WebSocket connection closed with code: 1006, reason:
2026-10-01T06:17:35+0000 mm-bot python[6123]: 2026-10-01 06:17:35 ERROR   Auto-reconnect disabled, terminating connection
2026-10-01T06:18:00+0000 mm-bot python[6123]: 2026-10-01 06:18:00 ERROR   WebSocket connection closed with code: 1006, reason:
2026-10-01T06:18:00+0000 mm-bot python[6123]: 2026-10-01 06:18:00 ERROR   Auto-reconnect disabled, terminating connection
2026-10-01T06:18:02+0000 mm-bot python[6123]: 2026-10-01 06:18:02 INFO    tournament is 'draft' (starts 2026-10-01T16:00:00.000Z) - 237/237 books ready - checking again in 60 s
2026-10-01T06:18:25+0000 mm-bot python[6123]: 2026-10-01 06:18:25 ERROR   WebSocket connection closed with code: 1006, reason:
2026-10-01T06:18:25+0000 mm-bot python[6123]: 2026-10-01 06:18:25 ERROR   Auto-reconnect disabled, terminating connection
2026-10-01T06:18:50+0000 mm-bot python[6123]: 2026-10-01 06:18:50 ERROR   WebSocket connection closed with code: 1006, reason:
2026-10-01T06:18:50+0000 mm-bot python[6123]: 2026-10-01 06:18:50 ERROR   Auto-reconnect disabled, terminating connection
2026-10-01T06:19:09+0000 mm-bot python[6123]: 2026-10-01 06:19:09 INFO    tournament is 'draft' (starts 2026-10-01T16:00:00.000Z) - 237/237 books ready - checking again in 60 s
2026-10-01T06:19:15+0000 mm-bot python[6123]: 2026-10-01 06:19:15 ERROR   WebSocket connection closed with code: 1006, reason:
2026-10-01T06:19:15+0000 mm-bot python[6123]: 2026-10-01 06:19:15 ERROR   Auto-reconnect disabled, terminating connection
2026-10-01T06:19:40+0000 mm-bot python[6123]: 2026-10-01 06:19:40 ERROR   WebSocket connection closed with code: 1006, reason:
2026-10-01T06:19:40+0000 mm-bot python[6123]: 2026-10-01 06:19:40 ERROR   Auto-reconnect disabled, terminating connection
2026-10-01T06:20:05+0000 mm-bot python[6123]: 2026-10-01 06:20:05 ERROR   WebSocket connection closed with code: 1006, reason:
2026-10-01T06:20:05+0000 mm-bot python[6123]: 2026-10-01 06:20:05 ERROR   Auto-reconnect disabled, terminating connection
2026-10-01T06:20:15+0000 mm-bot python[6123]: 2026-10-01 06:20:15 INFO    tournament is 'draft' (starts 2026-10-01T16:00:00.000Z) - 237/237 books ready - checking again in 60 s
2026-10-01T06:20:30+0000 mm-bot python[6123]: 2026-10-01 06:20:30 ERROR   WebSocket connection closed with code: 1006, reason:
2026-10-01T06:20:30+0000 mm-bot python[6123]: 2026-10-01 06:20:30 ERROR   Auto-reconnect disabled, terminating connection
2026-10-01T06:20:55+0000 mm-bot python[6123]: 2026-10-01 06:20:55 ERROR   WebSocket connection closed with code: 1006, reason:
2026-10-01T06:20:55+0000 mm-bot python[6123]: 2026-10-01 06:20:55 ERROR   Auto-reconnect disabled, terminating connection
2026-10-01T06:21:20+0000 mm-bot python[6123]: 2026-10-01 06:21:20 ERROR   WebSocket connection closed with code: 1006, reason:
2026-10-01T06:21:20+0000 mm-bot python[6123]: 2026-10-01 06:21:20 ERROR   Auto-reconnect disabled, terminating connection
2026-10-01T06:21:22+0000 mm-bot python[6123]: 2026-10-01 06:21:22 INFO    tournament is 'draft' (starts 2026-10-01T16:00:00.000Z) - 237/237 books ready - checking again in 60 s
2026-10-01T06:21:45+0000 mm-bot python[6123]: 2026-10-01 06:21:45 ERROR   WebSocket connection closed with code: 1006, reason:
2026-10-01T06:21:45+0000 mm-bot python[6123]: 2026-10-01 06:21:45 ERROR   Auto-reconnect disabled, terminating connection
2026-10-01T06:22:10+0000 mm-bot python[6123]: 2026-10-01 06:22:10 ERROR   WebSocket connection closed with code: 1006, reason:
2026-10-01T06:22:10+0000 mm-bot python[6123]: 2026-10-01 06:22:10 ERROR   Auto-reconnect disabled, terminating connection
2026-10-01T06:22:29+0000 mm-bot python[6123]: 2026-10-01 06:22:29 INFO    tournament is 'draft' (starts 2026-10-01T16:00:00.000Z) - 237/237 books ready - checking again in 60 s
2026-10-01T06:22:35+0000 mm-bot python[6123]: 2026-10-01 06:22:35 ERROR   WebSocket connection closed with code: 1006, reason:
2026-10-01T06:22:35+0000 mm-bot python[6123]: 2026-10-01 06:22:35 ERROR   Auto-reconnect disabled, terminating connection
2026-10-01T06:23:00+0000 mm-bot python[6123]: 2026-10-01 06:23:00 ERROR   WebSocket connection closed with code: 1006, reason:
2026-10-01T06:23:00+0000 mm-bot python[6123]: 2026-10-01 06:23:00 ERROR   Auto-reconnect disabled, terminating connection
2026-10-01T06:23:25+0000 mm-bot python[6123]: 2026-10-01 06:23:25 ERROR   WebSocket connection closed with code: 1006, reason:
2026-10-01T06:23:25+0000 mm-bot python[6123]: 2026-10-01 06:23:25 ERROR   Auto-reconnect disabled, terminating connection
2026-10-01T06:23:35+0000 mm-bot python[6123]: 2026-10-01 06:23:35 INFO    tournament is 'draft' (starts 2026-10-01T16:00:00.000Z) - 237/237 books ready - checking again in 60 s
2026-10-01T06:23:50+0000 mm-bot python[6123]: 2026-10-01 06:23:50 ERROR   WebSocket connection closed with code: 1006, reason:
2026-10-01T06:23:50+0000 mm-bot python[6123]: 2026-10-01 06:23:50 ERROR   Auto-reconnect disabled, terminating connection
2026-10-01T06:24:15+0000 mm-bot python[6123]: 2026-10-01 06:24:15 ERROR   WebSocket connection closed with code: 1006, reason:
2026-10-01T06:24:15+0000 mm-bot python[6123]: 2026-10-01 06:24:15 ERROR   Auto-reconnect disabled, terminating connection
2026-10-01T06:24:40+0000 mm-bot python[6123]: 2026-10-01 06:24:40 ERROR   WebSocket connection closed with code: 1006, reason:
2026-10-01T06:24:40+0000 mm-bot python[6123]: 2026-10-01 06:24:40 ERROR   Auto-reconnect disabled, terminating connection
2026-10-01T06:24:42+0000 mm-bot python[6123]: 2026-10-01 06:24:42 INFO    tournament is 'draft' (starts 2026-10-01T16:00:00.000Z) - 237/237 books ready - checking again in 60 s
2026-10-01T06:25:05+0000 mm-bot python[6123]: 2026-10-01 06:25:05 ERROR   WebSocket connection closed with code: 1006, reason:
2026-10-01T06:25:05+0000 mm-bot python[6123]: 2026-10-01 06:25:05 ERROR   Auto-reconnect disabled, terminating connection
2026-10-01T06:25:30+0000 mm-bot python[6123]: 2026-10-01 06:25:30 ERROR   WebSocket connection closed with code: 1006, reason:
2026-10-01T06:25:30+0000 mm-bot python[6123]: 2026-10-01 06:25:30 ERROR   Auto-reconnect disabled, terminating connection
2026-10-01T06:25:30+0000 mm-bot python[6123]: 2026-10-01 06:25:30 ERROR   WebSocket connection closed with code: 1006, reason:
2026-10-01T06:25:30+0000 mm-bot python[6123]: 2026-10-01 06:25:30 ERROR   Auto-reconnect disabled, terminating connection
2026-10-01T06:25:30+0000 mm-bot python[6123]: 2026-10-01 06:25:30 ERROR   WebSocket connection closed with code: 1006, reason:
2026-10-01T06:25:30+0000 mm-bot python[6123]: 2026-10-01 06:25:30 ERROR   Auto-reconnect disabled, terminating connection
2026-10-01T06:25:30+0000 mm-bot python[6123]: 2026-10-01 06:25:30 INFO    realtime: login token refreshed - full resync next cycle
2026-10-01T06:25:49+0000 mm-bot python[6123]: 2026-10-01 06:25:49 INFO    tournament is 'draft' (starts 2026-10-01T16:00:00.000Z) - 237/237 books ready - checking again in 60 s
2026-10-01T06:25:55+0000 mm-bot python[6123]: 2026-10-01 06:25:55 ERROR   WebSocket connection closed with code: 1006, reason:
2026-10-01T06:25:55+0000 mm-bot python[6123]: 2026-10-01 06:25:55 ERROR   Auto-reconnect disabled, terminating connection
2026-10-01T06:26:20+0000 mm-bot python[6123]: 2026-10-01 06:26:20 ERROR   WebSocket connection closed with code: 1006, reason:
2026-10-01T06:26:20+0000 mm-bot python[6123]: 2026-10-01 06:26:20 ERROR   Auto-reconnect disabled, terminating connection
2026-10-01T06:26:45+0000 mm-bot python[6123]: 2026-10-01 06:26:45 ERROR   WebSocket connection closed with code: 1006, reason:
2026-10-01T06:26:45+0000 mm-bot python[6123]: 2026-10-01 06:26:45 ERROR   Auto-reconnect disabled, terminating connection
2026-10-01T06:26:55+0000 mm-bot python[6123]: 2026-10-01 06:26:55 INFO    tournament is 'draft' (starts 2026-10-01T16:00:00.000Z) - 237/237 books ready - checking again in 60 s
2026-10-01T06:27:10+0000 mm-bot python[6123]: 2026-10-01 06:27:10 ERROR   WebSocket connection closed with code: 1006, reason:
2026-10-01T06:27:10+0000 mm-bot python[6123]: 2026-10-01 06:27:10 ERROR   Auto-reconnect disabled, terminating connection
2026-10-01T06:27:35+0000 mm-bot python[6123]: 2026-10-01 06:27:35 ERROR   WebSocket connection closed with code: 1006, reason:
2026-10-01T06:27:35+0000 mm-bot python[6123]: 2026-10-01 06:27:35 ERROR   Auto-reconnect disabled, terminating connection
2026-10-01T06:28:00+0000 mm-bot python[6123]: 2026-10-01 06:28:00 ERROR   WebSocket connection closed with code: 1006, reason:
2026-10-01T06:28:00+0000 mm-bot python[6123]: 2026-10-01 06:28:00 ERROR   Auto-reconnect disabled, terminating connection
2026-10-01T06:28:02+0000 mm-bot python[6123]: 2026-10-01 06:28:02 INFO    tournament is 'draft' (starts 2026-10-01T16:00:00.000Z) - 237/237 books ready - checking again in 60 s
2026-10-01T06:28:25+0000 mm-bot python[6123]: 2026-10-01 06:28:25 ERROR   WebSocket connection closed with code: 1006, reason:
2026-10-01T06:28:25+0000 mm-bot python[6123]: 2026-10-01 06:28:25 ERROR   Auto-reconnect disabled, terminating connection
2026-10-01T06:28:50+0000 mm-bot python[6123]: 2026-10-01 06:28:50 ERROR   WebSocket connection closed with code: 1006, reason:
2026-10-01T06:28:50+0000 mm-bot python[6123]: 2026-10-01 06:28:50 ERROR   Auto-reconnect disabled, terminating connection
2026-10-01T06:29:08+0000 mm-bot python[6123]: 2026-10-01 06:29:08 INFO    tournament is 'draft' (starts 2026-10-01T16:00:00.000Z) - 237/237 books ready - checking again in 60 s
2026-10-01T06:29:15+0000 mm-bot python[6123]: 2026-10-01 06:29:15 ERROR   WebSocket connection closed with code: 1006, reason:
2026-10-01T06:29:15+0000 mm-bot python[6123]: 2026-10-01 06:29:15 ERROR   Auto-reconnect disabled, terminating connection
2026-10-01T06:29:40+0000 mm-bot python[6123]: 2026-10-01 06:29:40 ERROR   WebSocket connection closed with code: 1006, reason:
2026-10-01T06:29:40+0000 mm-bot python[6123]: 2026-10-01 06:29:40 ERROR   Auto-reconnect disabled, terminating connection
2026-10-01T06:30:05+0000 mm-bot python[6123]: 2026-10-01 06:30:05 ERROR   WebSocket connection closed with code: 1006, reason:
2026-10-01T06:30:05+0000 mm-bot python[6123]: 2026-10-01 06:30:05 ERROR   Auto-reconnect disabled, terminating connection
2026-10-01T06:30:15+0000 mm-bot python[6123]: 2026-10-01 06:30:15 INFO    tournament is 'draft' (starts 2026-10-01T16:00:00.000Z) - 237/237 books ready - checking again in 60 s
2026-10-01T06:30:30+0000 mm-bot python[6123]: 2026-10-01 06:30:30 ERROR   WebSocket connection closed with code: 1006, reason:
2026-10-01T06:30:30+0000 mm-bot python[6123]: 2026-10-01 06:30:30 ERROR   Auto-reconnect disabled, terminating connection
2026-10-01T06:30:55+0000 mm-bot python[6123]: 2026-10-01 06:30:55 ERROR   WebSocket connection closed with code: 1006, reason:
2026-10-01T06:30:55+0000 mm-bot python[6123]: 2026-10-01 06:30:55 ERROR   Auto-reconnect disabled, terminating connection
2026-10-01T06:31:20+0000 mm-bot python[6123]: 2026-10-01 06:31:20 ERROR   WebSocket connection closed with code: 1006, reason:
2026-10-01T06:31:20+0000 mm-bot python[6123]: 2026-10-01 06:31:20 ERROR   Auto-reconnect disabled, terminating connection
2026-10-01T06:31:22+0000 mm-bot python[6123]: 2026-10-01 06:31:22 INFO    tournament is 'draft' (starts 2026-10-01T16:00:00.000Z) - 237/237 books ready - checking again in 60 s
2026-10-01T06:31:45+0000 mm-bot python[6123]: 2026-10-01 06:31:45 ERROR   WebSocket connection closed with code: 1006, reason:
2026-10-01T06:31:45+0000 mm-bot python[6123]: 2026-10-01 06:31:45 ERROR   Auto-reconnect disabled, terminating connection
2026-10-01T06:32:10+0000 mm-bot python[6123]: 2026-10-01 06:32:10 ERROR   WebSocket connection closed with code: 1006, reason:
2026-10-01T06:32:10+0000 mm-bot python[6123]: 2026-10-01 06:32:10 ERROR   Auto-reconnect disabled, terminating connection
2026-10-01T06:32:28+0000 mm-bot python[6123]: 2026-10-01 06:32:28 INFO    tournament is 'draft' (starts 2026-10-01T16:00:00.000Z) - 237/237 books ready - checking again in 60 s
2026-10-01T06:32:35+0000 mm-bot python[6123]: 2026-10-01 06:32:35 ERROR   WebSocket connection closed with code: 1006, reason:
2026-10-01T06:32:35+0000 mm-bot python[6123]: 2026-10-01 06:32:35 ERROR   Auto-reconnect disabled, terminating connection
2026-10-01T06:33:00+0000 mm-bot python[6123]: 2026-10-01 06:33:00 ERROR   WebSocket connection closed with code: 1006, reason:
2026-10-01T06:33:00+0000 mm-bot python[6123]: 2026-10-01 06:33:00 ERROR   Auto-reconnect disabled, terminating connection
2026-10-01T06:33:25+0000 mm-bot python[6123]: 2026-10-01 06:33:25 ERROR   WebSocket connection closed with code: 1006, reason:
2026-10-01T06:33:25+0000 mm-bot python[6123]: 2026-10-01 06:33:25 ERROR   Auto-reconnect disabled, terminating connection
2026-10-01T06:33:35+0000 mm-bot python[6123]: 2026-10-01 06:33:35 INFO    tournament is 'draft' (starts 2026-10-01T16:00:00.000Z) - 237/237 books ready - checking again in 60 s
2026-10-01T06:33:50+0000 mm-bot python[6123]: 2026-10-01 06:33:50 ERROR   WebSocket connection closed with code: 1006, reason:
2026-10-01T06:33:50+0000 mm-bot python[6123]: 2026-10-01 06:33:50 ERROR   Auto-reconnect disabled, terminating connection
2026-10-01T06:34:15+0000 mm-bot python[6123]: 2026-10-01 06:34:15 ERROR   WebSocket connection closed with code: 1006, reason:
2026-10-01T06:34:15+0000 mm-bot python[6123]: 2026-10-01 06:34:15 ERROR   Auto-reconnect disabled, terminating connection
2026-10-01T06:34:40+0000 mm-bot python[6123]: 2026-10-01 06:34:40 ERROR   WebSocket connection closed with code: 1006, reason:
2026-10-01T06:34:40+0000 mm-bot python[6123]: 2026-10-01 06:34:40 ERROR   Auto-reconnect disabled, terminating connection
2026-10-01T06:34:41+0000 mm-bot python[6123]: 2026-10-01 06:34:41 INFO    tournament is 'draft' (starts 2026-10-01T16:00:00.000Z) - 237/237 books ready - checking again in 60 s
2026-10-01T06:35:05+0000 mm-bot python[6123]: 2026-10-01 06:35:05 ERROR   WebSocket connection closed with code: 1006, reason:
2026-10-01T06:35:05+0000 mm-bot python[6123]: 2026-10-01 06:35:05 ERROR   Auto-reconnect disabled, terminating connection
2026-10-01T06:35:30+0000 mm-bot python[6123]: 2026-10-01 06:35:30 ERROR   WebSocket connection closed with code: 1006, reason:
2026-10-01T06:35:30+0000 mm-bot python[6123]: 2026-10-01 06:35:30 ERROR   Auto-reconnect disabled, terminating connection
2026-10-01T06:35:48+0000 mm-bot python[6123]: 2026-10-01 06:35:48 INFO    tournament is 'draft' (starts 2026-10-01T16:00:00.000Z) - 237/237 books ready - checking again in 60 s
2026-10-01T06:35:55+0000 mm-bot python[6123]: 2026-10-01 06:35:55 ERROR   WebSocket connection closed with code: 1006, reason:
2026-10-01T06:35:55+0000 mm-bot python[6123]: 2026-10-01 06:35:55 ERROR   Auto-reconnect disabled, terminating connection
2026-10-01T06:36:20+0000 mm-bot python[6123]: 2026-10-01 06:36:20 ERROR   WebSocket connection closed with code: 1006, reason:
2026-10-01T06:36:20+0000 mm-bot python[6123]: 2026-10-01 06:36:20 ERROR   Auto-reconnect disabled, terminating connection
2026-10-01T06:36:45+0000 mm-bot python[6123]: 2026-10-01 06:36:45 ERROR   WebSocket connection closed with code: 1006, reason:
2026-10-01T06:36:45+0000 mm-bot python[6123]: 2026-10-01 06:36:45 ERROR   Auto-reconnect disabled, terminating connection
2026-10-01T06:36:54+0000 mm-bot python[6123]: 2026-10-01 06:36:54 INFO    tournament is 'draft' (starts 2026-10-01T16:00:00.000Z) - 237/237 books ready - checking again in 60 s
2026-10-01T06:37:10+0000 mm-bot python[6123]: 2026-10-01 06:37:10 ERROR   WebSocket connection closed with code: 1006, reason:
2026-10-01T06:37:10+0000 mm-bot python[6123]: 2026-10-01 06:37:10 ERROR   Auto-reconnect disabled, terminating connection
2026-10-01T06:37:35+0000 mm-bot python[6123]: 2026-10-01 06:37:35 ERROR   WebSocket connection closed with code: 1006, reason:
2026-10-01T06:37:35+0000 mm-bot python[6123]: 2026-10-01 06:37:35 ERROR   Auto-reconnect disabled, terminating connection
2026-10-01T06:38:00+0000 mm-bot python[6123]: 2026-10-01 06:38:00 ERROR   WebSocket connection closed with code: 1006, reason:
2026-10-01T06:38:00+0000 mm-bot python[6123]: 2026-10-01 06:38:00 ERROR   Auto-reconnect disabled, terminating connection
2026-10-01T06:38:01+0000 mm-bot python[6123]: 2026-10-01 06:38:01 INFO    tournament is 'draft' (starts 2026-10-01T16:00:00.000Z) - 237/237 books ready - checking again in 60 s
2026-10-01T06:38:25+0000 mm-bot python[6123]: 2026-10-01 06:38:25 ERROR   WebSocket connection closed with code: 1006, reason:
2026-10-01T06:38:25+0000 mm-bot python[6123]: 2026-10-01 06:38:25 ERROR   Auto-reconnect disabled, terminating connection
2026-10-01T06:38:50+0000 mm-bot python[6123]: 2026-10-01 06:38:50 ERROR   WebSocket connection closed with code: 1006, reason:
2026-10-01T06:38:50+0000 mm-bot python[6123]: 2026-10-01 06:38:50 ERROR   Auto-reconnect disabled, terminating connection
2026-10-01T06:39:08+0000 mm-bot python[6123]: 2026-10-01 06:39:08 INFO    tournament is 'draft' (starts 2026-10-01T16:00:00.000Z) - 237/237 books ready - checking again in 60 s
2026-10-01T06:39:15+0000 mm-bot python[6123]: 2026-10-01 06:39:15 ERROR   WebSocket connection closed with code: 1006, reason:
2026-10-01T06:39:15+0000 mm-bot python[6123]: 2026-10-01 06:39:15 ERROR   Auto-reconnect disabled, terminating connection
2026-10-01T06:39:40+0000 mm-bot python[6123]: 2026-10-01 06:39:40 ERROR   WebSocket connection closed with code: 1006, reason:
2026-10-01T06:39:40+0000 mm-bot python[6123]: 2026-10-01 06:39:40 ERROR   Auto-reconnect disabled, terminating connection
2026-10-01T06:40:05+0000 mm-bot python[6123]: 2026-10-01 06:40:05 ERROR   WebSocket connection closed with code: 1006, reason:
2026-10-01T06:40:05+0000 mm-bot python[6123]: 2026-10-01 06:40:05 ERROR   Auto-reconnect disabled, terminating connection
2026-10-01T06:40:14+0000 mm-bot python[6123]: 2026-10-01 06:40:14 INFO    tournament is 'draft' (starts 2026-10-01T16:00:00.000Z) - 237/237 books ready - checking again in 60 s
2026-10-01T06:40:30+0000 mm-bot python[6123]: 2026-10-01 06:40:30 ERROR   WebSocket connection closed with code: 1006, reason:
2026-10-01T06:40:30+0000 mm-bot python[6123]: 2026-10-01 06:40:30 ERROR   Auto-reconnect disabled, terminating connection
2026-10-01T06:40:55+0000 mm-bot python[6123]: 2026-10-01 06:40:55 ERROR   WebSocket connection closed with code: 1006, reason:
2026-10-01T06:40:55+0000 mm-bot python[6123]: 2026-10-01 06:40:55 ERROR   Auto-reconnect disabled, terminating connection
2026-10-01T06:41:20+0000 mm-bot python[6123]: 2026-10-01 06:41:20 ERROR   WebSocket connection closed with code: 1006, reason:
2026-10-01T06:41:20+0000 mm-bot python[6123]: 2026-10-01 06:41:20 ERROR   Auto-reconnect disabled, terminating connection
2026-10-01T06:41:21+0000 mm-bot python[6123]: 2026-10-01 06:41:21 INFO    tournament is 'draft' (starts 2026-10-01T16:00:00.000Z) - 237/237 books ready - checking again in 60 s
2026-10-01T06:41:45+0000 mm-bot python[6123]: 2026-10-01 06:41:45 ERROR   WebSocket connection closed with code: 1006, reason:
2026-10-01T06:41:45+0000 mm-bot python[6123]: 2026-10-01 06:41:45 ERROR   Auto-reconnect disabled, terminating connection
2026-10-01T06:42:10+0000 mm-bot python[6123]: 2026-10-01 06:42:10 ERROR   WebSocket connection closed with code: 1006, reason:
2026-10-01T06:42:10+0000 mm-bot python[6123]: 2026-10-01 06:42:10 ERROR   Auto-reconnect disabled, terminating connection
2026-10-01T06:42:28+0000 mm-bot python[6123]: 2026-10-01 06:42:28 INFO    tournament is 'draft' (starts 2026-10-01T16:00:00.000Z) - 237/237 books ready - checking again in 60 s
2026-10-01T06:42:35+0000 mm-bot python[6123]: 2026-10-01 06:42:35 ERROR   WebSocket connection closed with code: 1006, reason:
2026-10-01T06:42:35+0000 mm-bot python[6123]: 2026-10-01 06:42:35 ERROR   Auto-reconnect disabled, terminating connection
2026-10-01T06:43:00+0000 mm-bot python[6123]: 2026-10-01 06:43:00 ERROR   WebSocket connection closed with code: 1006, reason:
2026-10-01T06:43:00+0000 mm-bot python[6123]: 2026-10-01 06:43:00 ERROR   Auto-reconnect disabled, terminating connection
2026-10-01T06:43:25+0000 mm-bot python[6123]: 2026-10-01 06:43:25 ERROR   WebSocket connection closed with code: 1006, reason:
2026-10-01T06:43:25+0000 mm-bot python[6123]: 2026-10-01 06:43:25 ERROR   Auto-reconnect disabled, terminating connection
2026-10-01T06:43:34+0000 mm-bot python[6123]: 2026-10-01 06:43:34 INFO    tournament is 'draft' (starts 2026-10-01T16:00:00.000Z) - 237/237 books ready - checking again in 60 s
2026-10-01T06:43:50+0000 mm-bot python[6123]: 2026-10-01 06:43:50 ERROR   WebSocket connection closed with code: 1006, reason:
2026-10-01T06:43:50+0000 mm-bot python[6123]: 2026-10-01 06:43:50 ERROR   Auto-reconnect disabled, terminating connection
2026-10-01T06:44:15+0000 mm-bot python[6123]: 2026-10-01 06:44:15 ERROR   WebSocket connection closed with code: 1006, reason:
2026-10-01T06:44:15+0000 mm-bot python[6123]: 2026-10-01 06:44:15 ERROR   Auto-reconnect disabled, terminating connection
2026-10-01T06:44:40+0000 mm-bot python[6123]: 2026-10-01 06:44:40 ERROR   WebSocket connection closed with code: 1006, reason:
2026-10-01T06:44:40+0000 mm-bot python[6123]: 2026-10-01 06:44:40 ERROR   Auto-reconnect disabled, terminating connection
2026-10-01T06:44:41+0000 mm-bot python[6123]: 2026-10-01 06:44:41 INFO    tournament is 'draft' (starts 2026-10-01T16:00:00.000Z) - 237/237 books ready - checking again in 60 s
2026-10-01T06:45:05+0000 mm-bot python[6123]: 2026-10-01 06:45:05 ERROR   WebSocket connection closed with code: 1006, reason:
2026-10-01T06:45:05+0000 mm-bot python[6123]: 2026-10-01 06:45:05 ERROR   Auto-reconnect disabled, terminating connection
2026-10-01T06:45:30+0000 mm-bot python[6123]: 2026-10-01 06:45:30 ERROR   WebSocket connection closed with code: 1006, reason:
2026-10-01T06:45:30+0000 mm-bot python[6123]: 2026-10-01 06:45:30 ERROR   Auto-reconnect disabled, terminating connection
2026-10-01T06:45:47+0000 mm-bot python[6123]: 2026-10-01 06:45:47 INFO    tournament is 'draft' (starts 2026-10-01T16:00:00.000Z) - 237/237 books ready - checking again in 60 s
2026-10-01T06:45:55+0000 mm-bot python[6123]: 2026-10-01 06:45:55 ERROR   WebSocket connection closed with code: 1006, reason:
2026-10-01T06:45:55+0000 mm-bot python[6123]: 2026-10-01 06:45:55 ERROR   Auto-reconnect disabled, terminating connection
2026-10-01T06:46:20+0000 mm-bot python[6123]: 2026-10-01 06:46:20 ERROR   WebSocket connection closed with code: 1006, reason:
2026-10-01T06:46:20+0000 mm-bot python[6123]: 2026-10-01 06:46:20 ERROR   Auto-reconnect disabled, terminating connection
2026-10-01T06:46:45+0000 mm-bot python[6123]: 2026-10-01 06:46:45 ERROR   WebSocket connection closed with code: 1006, reason:
2026-10-01T06:46:45+0000 mm-bot python[6123]: 2026-10-01 06:46:45 ERROR   Auto-reconnect disabled, terminating connection
2026-10-01T06:46:54+0000 mm-bot python[6123]: 2026-10-01 06:46:54 INFO    tournament is 'draft' (starts 2026-10-01T16:00:00.000Z) - 237/237 books ready - checking again in 60 s
2026-10-01T06:47:10+0000 mm-bot python[6123]: 2026-10-01 06:47:10 ERROR   WebSocket connection closed with code: 1006, reason:
2026-10-01T06:47:10+0000 mm-bot python[6123]: 2026-10-01 06:47:10 ERROR   Auto-reconnect disabled, terminating connection
2026-10-01T06:47:35+0000 mm-bot python[6123]: 2026-10-01 06:47:35 ERROR   WebSocket connection closed with code: 1006, reason:
2026-10-01T06:47:35+0000 mm-bot python[6123]: 2026-10-01 06:47:35 ERROR   Auto-reconnect disabled, terminating connection
2026-10-01T06:48:00+0000 mm-bot python[6123]: 2026-10-01 06:48:00 ERROR   WebSocket connection closed with code: 1006, reason:
2026-10-01T06:48:00+0000 mm-bot python[6123]: 2026-10-01 06:48:00 ERROR   Auto-reconnect disabled, terminating connection
2026-10-01T06:48:01+0000 mm-bot python[6123]: 2026-10-01 06:48:01 INFO    tournament is 'draft' (starts 2026-10-01T16:00:00.000Z) - 237/237 books ready - checking again in 60 s
2026-10-01T06:48:25+0000 mm-bot python[6123]: 2026-10-01 06:48:25 ERROR   WebSocket connection closed with code: 1006, reason:
2026-10-01T06:48:25+0000 mm-bot python[6123]: 2026-10-01 06:48:25 ERROR   Auto-reconnect disabled, terminating connection
2026-10-01T06:48:50+0000 mm-bot python[6123]: 2026-10-01 06:48:50 ERROR   WebSocket connection closed with code: 1006, reason:
2026-10-01T06:48:50+0000 mm-bot python[6123]: 2026-10-01 06:48:50 ERROR   Auto-reconnect disabled, terminating connection
2026-10-01T06:49:08+0000 mm-bot python[6123]: 2026-10-01 06:49:08 INFO    tournament is 'draft' (starts 2026-10-01T16:00:00.000Z) - 237/237 books ready - checking again in 60 s
2026-10-01T06:49:15+0000 mm-bot python[6123]: 2026-10-01 06:49:15 ERROR   WebSocket connection closed with code: 1006, reason:
2026-10-01T06:49:15+0000 mm-bot python[6123]: 2026-10-01 06:49:15 ERROR   Auto-reconnect disabled, terminating connection
2026-10-01T06:49:40+0000 mm-bot python[6123]: 2026-10-01 06:49:40 ERROR   WebSocket connection closed with code: 1006, reason:
2026-10-01T06:49:40+0000 mm-bot python[6123]: 2026-10-01 06:49:40 ERROR   Auto-reconnect disabled, terminating connection
2026-10-01T06:50:05+0000 mm-bot python[6123]: 2026-10-01 06:50:05 ERROR   WebSocket connection closed with code: 1006, reason:
2026-10-01T06:50:05+0000 mm-bot python[6123]: 2026-10-01 06:50:05 ERROR   Auto-reconnect disabled, terminating connection
2026-10-01T06:50:14+0000 mm-bot python[6123]: 2026-10-01 06:50:14 INFO    tournament is 'draft' (starts 2026-10-01T16:00:00.000Z) - 237/237 books ready - checking again in 60 s
2026-10-01T06:50:30+0000 mm-bot python[6123]: 2026-10-01 06:50:30 ERROR   WebSocket connection closed with code: 1006, reason:
2026-10-01T06:50:30+0000 mm-bot python[6123]: 2026-10-01 06:50:30 ERROR   Auto-reconnect disabled, terminating connection
2026-10-01T06:50:55+0000 mm-bot python[6123]: 2026-10-01 06:50:55 ERROR   WebSocket connection closed with code: 1006, reason:
2026-10-01T06:50:55+0000 mm-bot python[6123]: 2026-10-01 06:50:55 ERROR   Auto-reconnect disabled, terminating connection
2026-10-01T06:51:20+0000 mm-bot python[6123]: 2026-10-01 06:51:20 ERROR   WebSocket connection closed with code: 1006, reason:
2026-10-01T06:51:20+0000 mm-bot python[6123]: 2026-10-01 06:51:20 ERROR   Auto-reconnect disabled, terminating connection
2026-10-01T06:51:21+0000 mm-bot python[6123]: 2026-10-01 06:51:21 INFO    tournament is 'draft' (starts 2026-10-01T16:00:00.000Z) - 237/237 books ready - checking again in 60 s
2026-10-01T06:51:45+0000 mm-bot python[6123]: 2026-10-01 06:51:45 ERROR   WebSocket connection closed with code: 1006, reason:
2026-10-01T06:51:45+0000 mm-bot python[6123]: 2026-10-01 06:51:45 ERROR   Auto-reconnect disabled, terminating connection
2026-10-01T06:52:10+0000 mm-bot python[6123]: 2026-10-01 06:52:10 ERROR   WebSocket connection closed with code: 1006, reason:
2026-10-01T06:52:10+0000 mm-bot python[6123]: 2026-10-01 06:52:10 ERROR   Auto-reconnect disabled, terminating connection
2026-10-01T06:52:27+0000 mm-bot python[6123]: 2026-10-01 06:52:27 INFO    tournament is 'draft' (starts 2026-10-01T16:00:00.000Z) - 237/237 books ready - checking again in 60 s
2026-10-01T06:52:35+0000 mm-bot python[6123]: 2026-10-01 06:52:35 ERROR   WebSocket connection closed with code: 1006, reason:
2026-10-01T06:52:35+0000 mm-bot python[6123]: 2026-10-01 06:52:35 ERROR   Auto-reconnect disabled, terminating connection
2026-10-01T06:53:00+0000 mm-bot python[6123]: 2026-10-01 06:53:00 ERROR   WebSocket connection closed with code: 1006, reason:
2026-10-01T06:53:00+0000 mm-bot python[6123]: 2026-10-01 06:53:00 ERROR   Auto-reconnect disabled, terminating connection
2026-10-01T06:53:25+0000 mm-bot python[6123]: 2026-10-01 06:53:25 ERROR   WebSocket connection closed with code: 1006, reason:
2026-10-01T06:53:25+0000 mm-bot python[6123]: 2026-10-01 06:53:25 ERROR   Auto-reconnect disabled, terminating connection
2026-10-01T06:53:34+0000 mm-bot python[6123]: 2026-10-01 06:53:34 INFO    tournament is 'draft' (starts 2026-10-01T16:00:00.000Z) - 237/237 books ready - checking again in 60 s
2026-10-01T06:53:50+0000 mm-bot python[6123]: 2026-10-01 06:53:50 ERROR   WebSocket connection closed with code: 1006, reason:
2026-10-01T06:53:50+0000 mm-bot python[6123]: 2026-10-01 06:53:50 ERROR   Auto-reconnect disabled, terminating connection
2026-10-01T06:54:15+0000 mm-bot python[6123]: 2026-10-01 06:54:15 ERROR   WebSocket connection closed with code: 1006, reason:
2026-10-01T06:54:15+0000 mm-bot python[6123]: 2026-10-01 06:54:15 ERROR   Auto-reconnect disabled, terminating connection
2026-10-01T06:54:40+0000 mm-bot python[6123]: 2026-10-01 06:54:40 ERROR   WebSocket connection closed with code: 1006, reason:
2026-10-01T06:54:40+0000 mm-bot python[6123]: 2026-10-01 06:54:40 ERROR   Auto-reconnect disabled, terminating connection
2026-10-01T06:54:40+0000 mm-bot python[6123]: 2026-10-01 06:54:40 INFO    tournament is 'draft' (starts 2026-10-01T16:00:00.000Z) - 237/237 books ready - checking again in 60 s
2026-10-01T06:55:05+0000 mm-bot python[6123]: 2026-10-01 06:55:05 ERROR   WebSocket connection closed with code: 1006, reason:
2026-10-01T06:55:05+0000 mm-bot python[6123]: 2026-10-01 06:55:05 ERROR   Auto-reconnect disabled, terminating connection
2026-10-01T06:55:30+0000 mm-bot python[6123]: 2026-10-01 06:55:30 ERROR   WebSocket connection closed with code: 1006, reason:
2026-10-01T06:55:30+0000 mm-bot python[6123]: 2026-10-01 06:55:30 ERROR   Auto-reconnect disabled, terminating connection
2026-10-01T06:55:47+0000 mm-bot python[6123]: 2026-10-01 06:55:47 INFO    tournament is 'draft' (starts 2026-10-01T16:00:00.000Z) - 237/237 books ready - checking again in 60 s
2026-10-01T06:55:55+0000 mm-bot python[6123]: 2026-10-01 06:55:55 ERROR   WebSocket connection closed with code: 1006, reason:
2026-10-01T06:55:55+0000 mm-bot python[6123]: 2026-10-01 06:55:55 ERROR   Auto-reconnect disabled, terminating connection
2026-10-01T06:56:20+0000 mm-bot python[6123]: 2026-10-01 06:56:20 ERROR   WebSocket connection closed with code: 1006, reason:
2026-10-01T06:56:20+0000 mm-bot python[6123]: 2026-10-01 06:56:20 ERROR   Auto-reconnect disabled, terminating connection
2026-10-01T06:56:45+0000 mm-bot python[6123]: 2026-10-01 06:56:45 ERROR   WebSocket connection closed with code: 1006, reason:
2026-10-01T06:56:45+0000 mm-bot python[6123]: 2026-10-01 06:56:45 ERROR   Auto-reconnect disabled, terminating connection
2026-10-01T06:56:54+0000 mm-bot python[6123]: 2026-10-01 06:56:54 INFO    tournament is 'draft' (starts 2026-10-01T16:00:00.000Z) - 237/237 books ready - checking again in 60 s
2026-10-01T06:57:10+0000 mm-bot python[6123]: 2026-10-01 06:57:10 ERROR   WebSocket connection closed with code: 1006, reason:
2026-10-01T06:57:10+0000 mm-bot python[6123]: 2026-10-01 06:57:10 ERROR   Auto-reconnect disabled, terminating connection
2026-10-01T06:57:35+0000 mm-bot python[6123]: 2026-10-01 06:57:35 ERROR   WebSocket connection closed with code: 1006, reason:
2026-10-01T06:57:35+0000 mm-bot python[6123]: 2026-10-01 06:57:35 ERROR   Auto-reconnect disabled, terminating connection
2026-10-01T06:58:00+0000 mm-bot python[6123]: 2026-10-01 06:58:00 ERROR   WebSocket connection closed with code: 1006, reason:
2026-10-01T06:58:00+0000 mm-bot python[6123]: 2026-10-01 06:58:00 ERROR   Auto-reconnect disabled, terminating connection
2026-10-01T06:58:00+0000 mm-bot python[6123]: 2026-10-01 06:58:00 INFO    tournament is 'draft' (starts 2026-10-01T16:00:00.000Z) - 237/237 books ready - checking again in 60 s
2026-10-01T06:58:25+0000 mm-bot python[6123]: 2026-10-01 06:58:25 ERROR   WebSocket connection closed with code: 1006, reason:
2026-10-01T06:58:25+0000 mm-bot python[6123]: 2026-10-01 06:58:25 ERROR   Auto-reconnect disabled, terminating connection
2026-10-01T06:58:50+0000 mm-bot python[6123]: 2026-10-01 06:58:50 ERROR   WebSocket connection closed with code: 1006, reason:
2026-10-01T06:58:50+0000 mm-bot python[6123]: 2026-10-01 06:58:50 ERROR   Auto-reconnect disabled, terminating connection
2026-10-01T06:59:07+0000 mm-bot python[6123]: 2026-10-01 06:59:07 INFO    tournament is 'draft' (starts 2026-10-01T16:00:00.000Z) - 237/237 books ready - checking again in 60 s
2026-10-01T06:59:15+0000 mm-bot python[6123]: 2026-10-01 06:59:15 ERROR   WebSocket connection closed with code: 1006, reason:
2026-10-01T06:59:15+0000 mm-bot python[6123]: 2026-10-01 06:59:15 ERROR   Auto-reconnect disabled, terminating connection
2026-10-01T06:59:40+0000 mm-bot python[6123]: 2026-10-01 06:59:40 ERROR   WebSocket connection closed with code: 1006, reason:
2026-10-01T06:59:40+0000 mm-bot python[6123]: 2026-10-01 06:59:40 ERROR   Auto-reconnect disabled, terminating connection
2026-10-01T07:00:05+0000 mm-bot python[6123]: 2026-10-01 07:00:05 ERROR   WebSocket connection closed with code: 1006, reason:
2026-10-01T07:00:05+0000 mm-bot python[6123]: 2026-10-01 07:00:05 ERROR   Auto-reconnect disabled, terminating connection
2026-10-01T07:00:14+0000 mm-bot python[6123]: 2026-10-01 07:00:14 INFO    tournament is 'draft' (starts 2026-10-01T16:00:00.000Z) - 237/237 books ready - checking again in 60 s
2026-10-01T07:00:30+0000 mm-bot python[6123]: 2026-10-01 07:00:30 ERROR   WebSocket connection closed with code: 1006, reason:
2026-10-01T07:00:30+0000 mm-bot python[6123]: 2026-10-01 07:00:30 ERROR   Auto-reconnect disabled, terminating connection
2026-10-01T07:00:55+0000 mm-bot python[6123]: 2026-10-01 07:00:55 ERROR   WebSocket connection closed with code: 1006, reason:
2026-10-01T07:00:55+0000 mm-bot python[6123]: 2026-10-01 07:00:55 ERROR   Auto-reconnect disabled, terminating connection
2026-10-01T07:01:20+0000 mm-bot python[6123]: 2026-10-01 07:01:20 ERROR   WebSocket connection closed with code: 1006, reason:
2026-10-01T07:01:20+0000 mm-bot python[6123]: 2026-10-01 07:01:20 ERROR   Auto-reconnect disabled, terminating connection
2026-10-01T07:01:20+0000 mm-bot python[6123]: 2026-10-01 07:01:20 INFO    tournament is 'draft' (starts 2026-10-01T16:00:00.000Z) - 237/237 books ready - checking again in 60 s
2026-10-01T07:01:45+0000 mm-bot python[6123]: 2026-10-01 07:01:45 ERROR   WebSocket connection closed with code: 1006, reason:
2026-10-01T07:01:45+0000 mm-bot python[6123]: 2026-10-01 07:01:45 ERROR   Auto-reconnect disabled, terminating connection
2026-10-01T07:02:10+0000 mm-bot python[6123]: 2026-10-01 07:02:10 ERROR   WebSocket connection closed with code: 1006, reason:
2026-10-01T07:02:10+0000 mm-bot python[6123]: 2026-10-01 07:02:10 ERROR   Auto-reconnect disabled, terminating connection
2026-10-01T07:02:27+0000 mm-bot python[6123]: 2026-10-01 07:02:27 INFO    tournament is 'draft' (starts 2026-10-01T16:00:00.000Z) - 237/237 books ready - checking again in 60 s
2026-10-01T07:02:35+0000 mm-bot python[6123]: 2026-10-01 07:02:35 ERROR   WebSocket connection closed with code: 1006, reason:
2026-10-01T07:02:35+0000 mm-bot python[6123]: 2026-10-01 07:02:35 ERROR   Auto-reconnect disabled, terminating connection
2026-10-01T07:03:00+0000 mm-bot python[6123]: 2026-10-01 07:03:00 ERROR   WebSocket connection closed with code: 1006, reason:
2026-10-01T07:03:00+0000 mm-bot python[6123]: 2026-10-01 07:03:00 ERROR   Auto-reconnect disabled, terminating connection
2026-10-01T07:03:25+0000 mm-bot python[6123]: 2026-10-01 07:03:25 ERROR   WebSocket connection closed with code: 1006, reason:
2026-10-01T07:03:25+0000 mm-bot python[6123]: 2026-10-01 07:03:25 ERROR   Auto-reconnect disabled, terminating connection
2026-10-01T07:03:34+0000 mm-bot python[6123]: 2026-10-01 07:03:34 INFO    tournament is 'draft' (starts 2026-10-01T16:00:00.000Z) - 237/237 books ready - checking again in 60 s
2026-10-01T07:03:50+0000 mm-bot python[6123]: 2026-10-01 07:03:50 ERROR   WebSocket connection closed with code: 1006, reason:
2026-10-01T07:03:50+0000 mm-bot python[6123]: 2026-10-01 07:03:50 ERROR   Auto-reconnect disabled, terminating connection
2026-10-01T07:04:15+0000 mm-bot python[6123]: 2026-10-01 07:04:15 ERROR   WebSocket connection closed with code: 1006, reason:
2026-10-01T07:04:15+0000 mm-bot python[6123]: 2026-10-01 07:04:15 ERROR   Auto-reconnect disabled, terminating connection
2026-10-01T07:04:40+0000 mm-bot python[6123]: 2026-10-01 07:04:40 ERROR   WebSocket connection closed with code: 1006, reason:
2026-10-01T07:04:40+0000 mm-bot python[6123]: 2026-10-01 07:04:40 ERROR   Auto-reconnect disabled, terminating connection
2026-10-01T07:04:40+0000 mm-bot python[6123]: 2026-10-01 07:04:40 INFO    tournament is 'draft' (starts 2026-10-01T16:00:00.000Z) - 237/237 books ready - checking again in 60 s
2026-10-01T07:05:05+0000 mm-bot python[6123]: 2026-10-01 07:05:05 ERROR   WebSocket connection closed with code: 1006, reason:
2026-10-01T07:05:05+0000 mm-bot python[6123]: 2026-10-01 07:05:05 ERROR   Auto-reconnect disabled, terminating connection
2026-10-01T07:05:30+0000 mm-bot python[6123]: 2026-10-01 07:05:30 ERROR   WebSocket connection closed with code: 1006, reason:
2026-10-01T07:05:30+0000 mm-bot python[6123]: 2026-10-01 07:05:30 ERROR   Auto-reconnect disabled, terminating connection
2026-10-01T07:05:47+0000 mm-bot python[6123]: 2026-10-01 07:05:47 INFO    tournament is 'draft' (starts 2026-10-01T16:00:00.000Z) - 237/237 books ready - checking again in 60 s
2026-10-01T07:05:55+0000 mm-bot python[6123]: 2026-10-01 07:05:55 ERROR   WebSocket connection closed with code: 1006, reason:
2026-10-01T07:05:55+0000 mm-bot python[6123]: 2026-10-01 07:05:55 ERROR   Auto-reconnect disabled, terminating connection
2026-10-01T07:06:20+0000 mm-bot python[6123]: 2026-10-01 07:06:20 ERROR   WebSocket connection closed with code: 1006, reason:
2026-10-01T07:06:20+0000 mm-bot python[6123]: 2026-10-01 07:06:20 ERROR   Auto-reconnect disabled, terminating connection
2026-10-01T07:06:45+0000 mm-bot python[6123]: 2026-10-01 07:06:45 ERROR   WebSocket connection closed with code: 1006, reason:
2026-10-01T07:06:45+0000 mm-bot python[6123]: 2026-10-01 07:06:45 ERROR   Auto-reconnect disabled, terminating connection
2026-10-01T07:06:53+0000 mm-bot python[6123]: 2026-10-01 07:06:53 INFO    tournament is 'draft' (starts 2026-10-01T16:00:00.000Z) - 237/237 books ready - checking again in 60 s
2026-10-01T07:07:10+0000 mm-bot python[6123]: 2026-10-01 07:07:10 ERROR   WebSocket connection closed with code: 1006, reason:
2026-10-01T07:07:10+0000 mm-bot python[6123]: 2026-10-01 07:07:10 ERROR   Auto-reconnect disabled, terminating connection
2026-10-01T07:07:35+0000 mm-bot python[6123]: 2026-10-01 07:07:35 ERROR   WebSocket connection closed with code: 1006, reason:
2026-10-01T07:07:35+0000 mm-bot python[6123]: 2026-10-01 07:07:35 ERROR   Auto-reconnect disabled, terminating connection
2026-10-01T07:08:00+0000 mm-bot python[6123]: 2026-10-01 07:08:00 INFO    tournament is 'draft' (starts 2026-10-01T16:00:00.000Z) - 237/237 books ready - checking again in 60 s
2026-10-01T07:08:00+0000 mm-bot python[6123]: 2026-10-01 07:08:00 ERROR   WebSocket connection closed with code: 1006, reason:
2026-10-01T07:08:00+0000 mm-bot python[6123]: 2026-10-01 07:08:00 ERROR   Auto-reconnect disabled, terminating connection
2026-10-01T07:08:25+0000 mm-bot python[6123]: 2026-10-01 07:08:25 ERROR   WebSocket connection closed with code: 1006, reason:
2026-10-01T07:08:25+0000 mm-bot python[6123]: 2026-10-01 07:08:25 ERROR   Auto-reconnect disabled, terminating connection
2026-10-01T07:08:50+0000 mm-bot python[6123]: 2026-10-01 07:08:50 ERROR   WebSocket connection closed with code: 1006, reason:
2026-10-01T07:08:50+0000 mm-bot python[6123]: 2026-10-01 07:08:50 ERROR   Auto-reconnect disabled, terminating connection
2026-10-01T07:09:07+0000 mm-bot python[6123]: 2026-10-01 07:09:07 INFO    tournament is 'draft' (starts 2026-10-01T16:00:00.000Z) - 237/237 books ready - checking again in 60 s
2026-10-01T07:09:15+0000 mm-bot python[6123]: 2026-10-01 07:09:15 ERROR   WebSocket connection closed with code: 1006, reason:
2026-10-01T07:09:15+0000 mm-bot python[6123]: 2026-10-01 07:09:15 ERROR   Auto-reconnect disabled, terminating connection
2026-10-01T07:09:40+0000 mm-bot python[6123]: 2026-10-01 07:09:40 ERROR   WebSocket connection closed with code: 1006, reason:
2026-10-01T07:09:40+0000 mm-bot python[6123]: 2026-10-01 07:09:40 ERROR   Auto-reconnect disabled, terminating connection
2026-10-01T07:10:05+0000 mm-bot python[6123]: 2026-10-01 07:10:05 ERROR   WebSocket connection closed with code: 1006, reason:
2026-10-01T07:10:05+0000 mm-bot python[6123]: 2026-10-01 07:10:05 ERROR   Auto-reconnect disabled, terminating connection
2026-10-01T07:10:13+0000 mm-bot python[6123]: 2026-10-01 07:10:13 INFO    tournament is 'draft' (starts 2026-10-01T16:00:00.000Z) - 237/237 books ready - checking again in 60 s
2026-10-01T07:10:30+0000 mm-bot python[6123]: 2026-10-01 07:10:30 ERROR   WebSocket connection closed with code: 1006, reason:
2026-10-01T07:10:30+0000 mm-bot python[6123]: 2026-10-01 07:10:30 ERROR   Auto-reconnect disabled, terminating connection
2026-10-01T07:10:55+0000 mm-bot python[6123]: 2026-10-01 07:10:55 ERROR   WebSocket connection closed with code: 1006, reason:
2026-10-01T07:10:55+0000 mm-bot python[6123]: 2026-10-01 07:10:55 ERROR   Auto-reconnect disabled, terminating connection
2026-10-01T07:11:20+0000 mm-bot python[6123]: 2026-10-01 07:11:20 INFO    tournament is 'draft' (starts 2026-10-01T16:00:00.000Z) - 237/237 books ready - checking again in 60 s
2026-10-01T07:11:20+0000 mm-bot python[6123]: 2026-10-01 07:11:20 ERROR   WebSocket connection closed with code: 1006, reason:
2026-10-01T07:11:20+0000 mm-bot python[6123]: 2026-10-01 07:11:20 ERROR   Auto-reconnect disabled, terminating connection
2026-10-01T07:11:45+0000 mm-bot python[6123]: 2026-10-01 07:11:45 ERROR   WebSocket connection closed with code: 1006, reason:
2026-10-01T07:11:45+0000 mm-bot python[6123]: 2026-10-01 07:11:45 ERROR   Auto-reconnect disabled, terminating connection
2026-10-01T07:12:10+0000 mm-bot python[6123]: 2026-10-01 07:12:10 ERROR   WebSocket connection closed with code: 1006, reason:
2026-10-01T07:12:10+0000 mm-bot python[6123]: 2026-10-01 07:12:10 ERROR   Auto-reconnect disabled, terminating connection
2026-10-01T07:12:26+0000 mm-bot python[6123]: 2026-10-01 07:12:26 INFO    tournament is 'draft' (starts 2026-10-01T16:00:00.000Z) - 237/237 books ready - checking again in 60 s
2026-10-01T07:12:35+0000 mm-bot python[6123]: 2026-10-01 07:12:35 ERROR   WebSocket connection closed with code: 1006, reason:
2026-10-01T07:12:35+0000 mm-bot python[6123]: 2026-10-01 07:12:35 ERROR   Auto-reconnect disabled, terminating connection
2026-10-01T07:13:00+0000 mm-bot python[6123]: 2026-10-01 07:13:00 ERROR   WebSocket connection closed with code: 1006, reason:
2026-10-01T07:13:00+0000 mm-bot python[6123]: 2026-10-01 07:13:00 ERROR   Auto-reconnect disabled, terminating connection
2026-10-01T07:13:25+0000 mm-bot python[6123]: 2026-10-01 07:13:25 ERROR   WebSocket connection closed with code: 1006, reason:
2026-10-01T07:13:25+0000 mm-bot python[6123]: 2026-10-01 07:13:25 ERROR   Auto-reconnect disabled, terminating connection
2026-10-01T07:13:33+0000 mm-bot python[6123]: 2026-10-01 07:13:33 INFO    tournament is 'draft' (starts 2026-10-01T16:00:00.000Z) - 237/237 books ready - checking again in 60 s
2026-10-01T07:13:50+0000 mm-bot python[6123]: 2026-10-01 07:13:50 ERROR   WebSocket connection closed with code: 1006, reason:
2026-10-01T07:13:50+0000 mm-bot python[6123]: 2026-10-01 07:13:50 ERROR   Auto-reconnect disabled, terminating connection
2026-10-01T07:14:15+0000 mm-bot python[6123]: 2026-10-01 07:14:15 ERROR   WebSocket connection closed with code: 1006, reason:
2026-10-01T07:14:15+0000 mm-bot python[6123]: 2026-10-01 07:14:15 ERROR   Auto-reconnect disabled, terminating connection
2026-10-01T07:14:40+0000 mm-bot python[6123]: 2026-10-01 07:14:40 INFO    tournament is 'draft' (starts 2026-10-01T16:00:00.000Z) - 237/237 books ready - checking again in 60 s
2026-10-01T07:14:40+0000 mm-bot python[6123]: 2026-10-01 07:14:40 ERROR   WebSocket connection closed with code: 1006, reason:
2026-10-01T07:14:40+0000 mm-bot python[6123]: 2026-10-01 07:14:40 ERROR   Auto-reconnect disabled, terminating connection
2026-10-01T07:15:05+0000 mm-bot python[6123]: 2026-10-01 07:15:05 ERROR   WebSocket connection closed with code: 1006, reason:
2026-10-01T07:15:05+0000 mm-bot python[6123]: 2026-10-01 07:15:05 ERROR   Auto-reconnect disabled, terminating connection
2026-10-01T07:15:30+0000 mm-bot python[6123]: 2026-10-01 07:15:30 ERROR   WebSocket connection closed with code: 1006, reason:
2026-10-01T07:15:30+0000 mm-bot python[6123]: 2026-10-01 07:15:30 ERROR   Auto-reconnect disabled, terminating connection
2026-10-01T07:15:46+0000 mm-bot python[6123]: 2026-10-01 07:15:46 INFO    tournament is 'draft' (starts 2026-10-01T16:00:00.000Z) - 237/237 books ready - checking again in 60 s
2026-10-01T07:15:55+0000 mm-bot python[6123]: 2026-10-01 07:15:55 ERROR   WebSocket connection closed with code: 1006, reason:
2026-10-01T07:15:55+0000 mm-bot python[6123]: 2026-10-01 07:15:55 ERROR   Auto-reconnect disabled, terminating connection
2026-10-01T07:16:20+0000 mm-bot python[6123]: 2026-10-01 07:16:20 ERROR   WebSocket connection closed with code: 1006, reason:
2026-10-01T07:16:20+0000 mm-bot python[6123]: 2026-10-01 07:16:20 ERROR   Auto-reconnect disabled, terminating connection
2026-10-01T07:16:45+0000 mm-bot python[6123]: 2026-10-01 07:16:45 ERROR   WebSocket connection closed with code: 1006, reason:
2026-10-01T07:16:45+0000 mm-bot python[6123]: 2026-10-01 07:16:45 ERROR   Auto-reconnect disabled, terminating connection
2026-10-01T07:16:53+0000 mm-bot python[6123]: 2026-10-01 07:16:53 INFO    tournament is 'draft' (starts 2026-10-01T16:00:00.000Z) - 237/237 books ready - checking again in 60 s
2026-10-01T07:17:10+0000 mm-bot python[6123]: 2026-10-01 07:17:10 ERROR   WebSocket connection closed with code: 1006, reason:
2026-10-01T07:17:10+0000 mm-bot python[6123]: 2026-10-01 07:17:10 ERROR   Auto-reconnect disabled, terminating connection
2026-10-01T07:17:35+0000 mm-bot python[6123]: 2026-10-01 07:17:35 ERROR   WebSocket connection closed with code: 1006, reason:
2026-10-01T07:17:35+0000 mm-bot python[6123]: 2026-10-01 07:17:35 ERROR   Auto-reconnect disabled, terminating connection
2026-10-01T07:17:59+0000 mm-bot python[6123]: 2026-10-01 07:17:59 INFO    tournament is 'draft' (starts 2026-10-01T16:00:00.000Z) - 237/237 books ready - checking again in 60 s
2026-10-01T07:18:00+0000 mm-bot python[6123]: 2026-10-01 07:18:00 ERROR   WebSocket connection closed with code: 1006, reason:
2026-10-01T07:18:00+0000 mm-bot python[6123]: 2026-10-01 07:18:00 ERROR   Auto-reconnect disabled, terminating connection
2026-10-01T07:18:25+0000 mm-bot python[6123]: 2026-10-01 07:18:25 ERROR   WebSocket connection closed with code: 1006, reason:
2026-10-01T07:18:25+0000 mm-bot python[6123]: 2026-10-01 07:18:25 ERROR   Auto-reconnect disabled, terminating connection
2026-10-01T07:18:50+0000 mm-bot python[6123]: 2026-10-01 07:18:50 ERROR   WebSocket connection closed with code: 1006, reason:
2026-10-01T07:18:50+0000 mm-bot python[6123]: 2026-10-01 07:18:50 ERROR   Auto-reconnect disabled, terminating connection
2026-10-01T07:19:06+0000 mm-bot python[6123]: 2026-10-01 07:19:06 INFO    tournament is 'draft' (starts 2026-10-01T16:00:00.000Z) - 237/237 books ready - checking again in 60 s
2026-10-01T07:19:15+0000 mm-bot python[6123]: 2026-10-01 07:19:15 ERROR   WebSocket connection closed with code: 1006, reason:
2026-10-01T07:19:15+0000 mm-bot python[6123]: 2026-10-01 07:19:15 ERROR   Auto-reconnect disabled, terminating connection
2026-10-01T07:19:40+0000 mm-bot python[6123]: 2026-10-01 07:19:40 ERROR   WebSocket connection closed with code: 1006, reason:
2026-10-01T07:19:40+0000 mm-bot python[6123]: 2026-10-01 07:19:40 ERROR   Auto-reconnect disabled, terminating connection
2026-10-01T07:20:05+0000 mm-bot python[6123]: 2026-10-01 07:20:05 ERROR   WebSocket connection closed with code: 1006, reason:
2026-10-01T07:20:05+0000 mm-bot python[6123]: 2026-10-01 07:20:05 ERROR   Auto-reconnect disabled, terminating connection
2026-10-01T07:20:13+0000 mm-bot python[6123]: 2026-10-01 07:20:13 INFO    tournament is 'draft' (starts 2026-10-01T16:00:00.000Z) - 237/237 books ready - checking again in 60 s
2026-10-01T07:20:30+0000 mm-bot python[6123]: 2026-10-01 07:20:30 ERROR   WebSocket connection closed with code: 1006, reason:
2026-10-01T07:20:30+0000 mm-bot python[6123]: 2026-10-01 07:20:30 ERROR   Auto-reconnect disabled, terminating connection
2026-10-01T07:20:55+0000 mm-bot python[6123]: 2026-10-01 07:20:55 ERROR   WebSocket connection closed with code: 1006, reason:
2026-10-01T07:20:55+0000 mm-bot python[6123]: 2026-10-01 07:20:55 ERROR   Auto-reconnect disabled, terminating connection
2026-10-01T07:21:19+0000 mm-bot python[6123]: 2026-10-01 07:21:19 INFO    tournament is 'draft' (starts 2026-10-01T16:00:00.000Z) - 237/237 books ready - checking again in 60 s
2026-10-01T07:21:20+0000 mm-bot python[6123]: 2026-10-01 07:21:20 ERROR   WebSocket connection closed with code: 1006, reason:
2026-10-01T07:21:20+0000 mm-bot python[6123]: 2026-10-01 07:21:20 ERROR   Auto-reconnect disabled, terminating connection
2026-10-01T07:21:45+0000 mm-bot python[6123]: 2026-10-01 07:21:45 ERROR   WebSocket connection closed with code: 1006, reason:
2026-10-01T07:21:45+0000 mm-bot python[6123]: 2026-10-01 07:21:45 ERROR   Auto-reconnect disabled, terminating connection
2026-10-01T07:22:10+0000 mm-bot python[6123]: 2026-10-01 07:22:10 ERROR   WebSocket connection closed with code: 1006, reason:
2026-10-01T07:22:10+0000 mm-bot python[6123]: 2026-10-01 07:22:10 ERROR   Auto-reconnect disabled, terminating connection
2026-10-01T07:22:26+0000 mm-bot python[6123]: 2026-10-01 07:22:26 INFO    tournament is 'draft' (starts 2026-10-01T16:00:00.000Z) - 237/237 books ready - checking again in 60 s
2026-10-01T07:22:35+0000 mm-bot python[6123]: 2026-10-01 07:22:35 ERROR   WebSocket connection closed with code: 1006, reason:
2026-10-01T07:22:35+0000 mm-bot python[6123]: 2026-10-01 07:22:35 ERROR   Auto-reconnect disabled, terminating connection
2026-10-01T07:23:00+0000 mm-bot python[6123]: 2026-10-01 07:23:00 ERROR   WebSocket connection closed with code: 1006, reason:
2026-10-01T07:23:00+0000 mm-bot python[6123]: 2026-10-01 07:23:00 ERROR   Auto-reconnect disabled, terminating connection
2026-10-01T07:23:25+0000 mm-bot python[6123]: 2026-10-01 07:23:25 ERROR   WebSocket connection closed with code: 1006, reason:
2026-10-01T07:23:25+0000 mm-bot python[6123]: 2026-10-01 07:23:25 ERROR   Auto-reconnect disabled, terminating connection
2026-10-01T07:23:32+0000 mm-bot python[6123]: 2026-10-01 07:23:32 INFO    tournament is 'draft' (starts 2026-10-01T16:00:00.000Z) - 237/237 books ready - checking again in 60 s
2026-10-01T07:23:50+0000 mm-bot python[6123]: 2026-10-01 07:23:50 ERROR   WebSocket connection closed with code: 1006, reason:
2026-10-01T07:23:50+0000 mm-bot python[6123]: 2026-10-01 07:23:50 ERROR   Auto-reconnect disabled, terminating connection
2026-10-01T07:24:15+0000 mm-bot python[6123]: 2026-10-01 07:24:15 ERROR   WebSocket connection closed with code: 1006, reason:
2026-10-01T07:24:15+0000 mm-bot python[6123]: 2026-10-01 07:24:15 ERROR   Auto-reconnect disabled, terminating connection
2026-10-01T07:24:39+0000 mm-bot python[6123]: 2026-10-01 07:24:39 INFO    tournament is 'draft' (starts 2026-10-01T16:00:00.000Z) - 237/237 books ready - checking again in 60 s
2026-10-01T07:24:40+0000 mm-bot python[6123]: 2026-10-01 07:24:40 ERROR   WebSocket connection closed with code: 1006, reason:
2026-10-01T07:24:40+0000 mm-bot python[6123]: 2026-10-01 07:24:40 ERROR   Auto-reconnect disabled, terminating connection
2026-10-01T07:25:05+0000 mm-bot python[6123]: 2026-10-01 07:25:05 ERROR   WebSocket connection closed with code: 1006, reason:
2026-10-01T07:25:05+0000 mm-bot python[6123]: 2026-10-01 07:25:05 ERROR   Auto-reconnect disabled, terminating connection
2026-10-01T07:25:30+0000 mm-bot python[6123]: 2026-10-01 07:25:30 ERROR   WebSocket connection closed with code: 1006, reason:
2026-10-01T07:25:30+0000 mm-bot python[6123]: 2026-10-01 07:25:30 ERROR   Auto-reconnect disabled, terminating connection
2026-10-01T07:25:46+0000 mm-bot python[6123]: 2026-10-01 07:25:46 INFO    tournament is 'draft' (starts 2026-10-01T16:00:00.000Z) - 237/237 books ready - checking again in 60 s
2026-10-01T07:25:55+0000 mm-bot python[6123]: 2026-10-01 07:25:55 ERROR   WebSocket connection closed with code: 1006, reason:
2026-10-01T07:25:55+0000 mm-bot python[6123]: 2026-10-01 07:25:55 ERROR   Auto-reconnect disabled, terminating connection
2026-10-01T07:26:20+0000 mm-bot python[6123]: 2026-10-01 07:26:20 ERROR   WebSocket connection closed with code: 1006, reason:
2026-10-01T07:26:20+0000 mm-bot python[6123]: 2026-10-01 07:26:20 ERROR   Auto-reconnect disabled, terminating connection
2026-10-01T07:26:45+0000 mm-bot python[6123]: 2026-10-01 07:26:45 ERROR   WebSocket connection closed with code: 1006, reason:
2026-10-01T07:26:45+0000 mm-bot python[6123]: 2026-10-01 07:26:45 ERROR   Auto-reconnect disabled, terminating connection
2026-10-01T07:26:52+0000 mm-bot python[6123]: 2026-10-01 07:26:52 INFO    tournament is 'draft' (starts 2026-10-01T16:00:00.000Z) - 237/237 books ready - checking again in 60 s
2026-10-01T07:27:10+0000 mm-bot python[6123]: 2026-10-01 07:27:10 ERROR   WebSocket connection closed with code: 1006, reason:
2026-10-01T07:27:10+0000 mm-bot python[6123]: 2026-10-01 07:27:10 ERROR   Auto-reconnect disabled, terminating connection
2026-10-01T07:27:35+0000 mm-bot python[6123]: 2026-10-01 07:27:35 ERROR   WebSocket connection closed with code: 1006, reason:
2026-10-01T07:27:35+0000 mm-bot python[6123]: 2026-10-01 07:27:35 ERROR   Auto-reconnect disabled, terminating connection
2026-10-01T07:27:59+0000 mm-bot python[6123]: 2026-10-01 07:27:59 INFO    tournament is 'draft' (starts 2026-10-01T16:00:00.000Z) - 237/237 books ready - checking again in 60 s
2026-10-01T07:28:00+0000 mm-bot python[6123]: 2026-10-01 07:28:00 ERROR   WebSocket connection closed with code: 1006, reason:
2026-10-01T07:28:00+0000 mm-bot python[6123]: 2026-10-01 07:28:00 ERROR   Auto-reconnect disabled, terminating connection
2026-10-01T07:28:25+0000 mm-bot python[6123]: 2026-10-01 07:28:25 ERROR   WebSocket connection closed with code: 1006, reason:
2026-10-01T07:28:25+0000 mm-bot python[6123]: 2026-10-01 07:28:25 ERROR   Auto-reconnect disabled, terminating connection
2026-10-01T07:28:50+0000 mm-bot python[6123]: 2026-10-01 07:28:50 ERROR   WebSocket connection closed with code: 1006, reason:
2026-10-01T07:28:50+0000 mm-bot python[6123]: 2026-10-01 07:28:50 ERROR   Auto-reconnect disabled, terminating connection
2026-10-01T07:29:05+0000 mm-bot python[6123]: 2026-10-01 07:29:05 INFO    tournament is 'draft' (starts 2026-10-01T16:00:00.000Z) - 237/237 books ready - checking again in 60 s
2026-10-01T07:29:15+0000 mm-bot python[6123]: 2026-10-01 07:29:15 ERROR   WebSocket connection closed with code: 1006, reason:
2026-10-01T07:29:15+0000 mm-bot python[6123]: 2026-10-01 07:29:15 ERROR   Auto-reconnect disabled, terminating connection
2026-10-01T07:29:40+0000 mm-bot python[6123]: 2026-10-01 07:29:40 ERROR   WebSocket connection closed with code: 1006, reason:
2026-10-01T07:29:40+0000 mm-bot python[6123]: 2026-10-01 07:29:40 ERROR   Auto-reconnect disabled, terminating connection
2026-10-01T07:30:05+0000 mm-bot python[6123]: 2026-10-01 07:30:05 ERROR   WebSocket connection closed with code: 1006, reason:
2026-10-01T07:30:05+0000 mm-bot python[6123]: 2026-10-01 07:30:05 ERROR   Auto-reconnect disabled, terminating connection
2026-10-01T07:30:12+0000 mm-bot python[6123]: 2026-10-01 07:30:12 INFO    tournament is 'draft' (starts 2026-10-01T16:00:00.000Z) - 237/237 books ready - checking again in 60 s
2026-10-01T07:30:30+0000 mm-bot python[6123]: 2026-10-01 07:30:30 ERROR   WebSocket connection closed with code: 1006, reason:
2026-10-01T07:30:30+0000 mm-bot python[6123]: 2026-10-01 07:30:30 ERROR   Auto-reconnect disabled, terminating connection
2026-10-01T07:30:55+0000 mm-bot python[6123]: 2026-10-01 07:30:55 ERROR   WebSocket connection closed with code: 1006, reason:
2026-10-01T07:30:55+0000 mm-bot python[6123]: 2026-10-01 07:30:55 ERROR   Auto-reconnect disabled, terminating connection
2026-10-01T07:31:19+0000 mm-bot python[6123]: 2026-10-01 07:31:19 INFO    tournament is 'draft' (starts 2026-10-01T16:00:00.000Z) - 237/237 books ready - checking again in 60 s
2026-10-01T07:31:20+0000 mm-bot python[6123]: 2026-10-01 07:31:20 ERROR   WebSocket connection closed with code: 1006, reason:
2026-10-01T07:31:20+0000 mm-bot python[6123]: 2026-10-01 07:31:20 ERROR   Auto-reconnect disabled, terminating connection
2026-10-01T07:31:45+0000 mm-bot python[6123]: 2026-10-01 07:31:45 ERROR   WebSocket connection closed with code: 1006, reason:
2026-10-01T07:31:45+0000 mm-bot python[6123]: 2026-10-01 07:31:45 ERROR   Auto-reconnect disabled, terminating connection
2026-10-01T07:32:10+0000 mm-bot python[6123]: 2026-10-01 07:32:10 ERROR   WebSocket connection closed with code: 1006, reason:
2026-10-01T07:32:10+0000 mm-bot python[6123]: 2026-10-01 07:32:10 ERROR   Auto-reconnect disabled, terminating connection
2026-10-01T07:32:25+0000 mm-bot python[6123]: 2026-10-01 07:32:25 INFO    tournament is 'draft' (starts 2026-10-01T16:00:00.000Z) - 237/237 books ready - checking again in 60 s
2026-10-01T07:32:35+0000 mm-bot python[6123]: 2026-10-01 07:32:35 ERROR   WebSocket connection closed with code: 1006, reason:
2026-10-01T07:32:35+0000 mm-bot python[6123]: 2026-10-01 07:32:35 ERROR   Auto-reconnect disabled, terminating connection
2026-10-01T07:33:00+0000 mm-bot python[6123]: 2026-10-01 07:33:00 ERROR   WebSocket connection closed with code: 1006, reason:
2026-10-01T07:33:00+0000 mm-bot python[6123]: 2026-10-01 07:33:00 ERROR   Auto-reconnect disabled, terminating connection
2026-10-01T07:33:25+0000 mm-bot python[6123]: 2026-10-01 07:33:25 ERROR   WebSocket connection closed with code: 1006, reason:
2026-10-01T07:33:25+0000 mm-bot python[6123]: 2026-10-01 07:33:25 ERROR   Auto-reconnect disabled, terminating connection
2026-10-01T07:33:32+0000 mm-bot python[6123]: 2026-10-01 07:33:32 INFO    tournament is 'draft' (starts 2026-10-01T16:00:00.000Z) - 237/237 books ready - checking again in 60 s
2026-10-01T07:33:50+0000 mm-bot python[6123]: 2026-10-01 07:33:50 ERROR   WebSocket connection closed with code: 1006, reason:
2026-10-01T07:33:50+0000 mm-bot python[6123]: 2026-10-01 07:33:50 ERROR   Auto-reconnect disabled, terminating connection
2026-10-01T07:34:15+0000 mm-bot python[6123]: 2026-10-01 07:34:15 ERROR   WebSocket connection closed with code: 1006, reason:
2026-10-01T07:34:15+0000 mm-bot python[6123]: 2026-10-01 07:34:15 ERROR   Auto-reconnect disabled, terminating connection
2026-10-01T07:34:38+0000 mm-bot python[6123]: 2026-10-01 07:34:38 INFO    tournament is 'draft' (starts 2026-10-01T16:00:00.000Z) - 237/237 books ready - checking again in 60 s
2026-10-01T07:34:40+0000 mm-bot python[6123]: 2026-10-01 07:34:40 ERROR   WebSocket connection closed with code: 1006, reason:
2026-10-01T07:34:40+0000 mm-bot python[6123]: 2026-10-01 07:34:40 ERROR   Auto-reconnect disabled, terminating connection
2026-10-01T07:35:05+0000 mm-bot python[6123]: 2026-10-01 07:35:05 ERROR   WebSocket connection closed with code: 1006, reason:
2026-10-01T07:35:05+0000 mm-bot python[6123]: 2026-10-01 07:35:05 ERROR   Auto-reconnect disabled, terminating connection
2026-10-01T07:35:30+0000 mm-bot python[6123]: 2026-10-01 07:35:30 ERROR   WebSocket connection closed with code: 1006, reason:
2026-10-01T07:35:30+0000 mm-bot python[6123]: 2026-10-01 07:35:30 ERROR   Auto-reconnect disabled, terminating connection
2026-10-01T07:35:45+0000 mm-bot python[6123]: 2026-10-01 07:35:45 INFO    tournament is 'draft' (starts 2026-10-01T16:00:00.000Z) - 237/237 books ready - checking again in 60 s
2026-10-01T07:35:55+0000 mm-bot python[6123]: 2026-10-01 07:35:55 ERROR   WebSocket connection closed with code: 1006, reason:
2026-10-01T07:35:55+0000 mm-bot python[6123]: 2026-10-01 07:35:55 ERROR   Auto-reconnect disabled, terminating connection
2026-10-01T07:36:20+0000 mm-bot python[6123]: 2026-10-01 07:36:20 ERROR   WebSocket connection closed with code: 1006, reason:
2026-10-01T07:36:20+0000 mm-bot python[6123]: 2026-10-01 07:36:20 ERROR   Auto-reconnect disabled, terminating connection
2026-10-01T07:36:45+0000 mm-bot python[6123]: 2026-10-01 07:36:45 ERROR   WebSocket connection closed with code: 1006, reason:
2026-10-01T07:36:45+0000 mm-bot python[6123]: 2026-10-01 07:36:45 ERROR   Auto-reconnect disabled, terminating connection
2026-10-01T07:36:51+0000 mm-bot python[6123]: 2026-10-01 07:36:51 INFO    tournament is 'draft' (starts 2026-10-01T16:00:00.000Z) - 237/237 books ready - checking again in 60 s
2026-10-01T07:37:10+0000 mm-bot python[6123]: 2026-10-01 07:37:10 ERROR   WebSocket connection closed with code: 1006, reason:
2026-10-01T07:37:10+0000 mm-bot python[6123]: 2026-10-01 07:37:10 ERROR   Auto-reconnect disabled, terminating connection
2026-10-01T07:37:35+0000 mm-bot python[6123]: 2026-10-01 07:37:35 ERROR   WebSocket connection closed with code: 1006, reason:
2026-10-01T07:37:35+0000 mm-bot python[6123]: 2026-10-01 07:37:35 ERROR   Auto-reconnect disabled, terminating connection
2026-10-01T07:37:58+0000 mm-bot python[6123]: 2026-10-01 07:37:58 INFO    tournament is 'draft' (starts 2026-10-01T16:00:00.000Z) - 237/237 books ready - checking again in 60 s
2026-10-01T07:38:00+0000 mm-bot python[6123]: 2026-10-01 07:38:00 ERROR   WebSocket connection closed with code: 1006, reason:
2026-10-01T07:38:00+0000 mm-bot python[6123]: 2026-10-01 07:38:00 ERROR   Auto-reconnect disabled, terminating connection
2026-10-01T07:38:25+0000 mm-bot python[6123]: 2026-10-01 07:38:25 ERROR   WebSocket connection closed with code: 1006, reason:
2026-10-01T07:38:25+0000 mm-bot python[6123]: 2026-10-01 07:38:25 ERROR   Auto-reconnect disabled, terminating connection
2026-10-01T07:38:50+0000 mm-bot python[6123]: 2026-10-01 07:38:50 ERROR   WebSocket connection closed with code: 1006, reason:
2026-10-01T07:38:50+0000 mm-bot python[6123]: 2026-10-01 07:38:50 ERROR   Auto-reconnect disabled, terminating connection
2026-10-01T07:39:05+0000 mm-bot python[6123]: 2026-10-01 07:39:05 INFO    tournament is 'draft' (starts 2026-10-01T16:00:00.000Z) - 237/237 books ready - checking again in 60 s
2026-10-01T07:39:15+0000 mm-bot python[6123]: 2026-10-01 07:39:15 ERROR   WebSocket connection closed with code: 1006, reason:
2026-10-01T07:39:15+0000 mm-bot python[6123]: 2026-10-01 07:39:15 ERROR   Auto-reconnect disabled, terminating connection
2026-10-01T07:39:40+0000 mm-bot python[6123]: 2026-10-01 07:39:40 ERROR   WebSocket connection closed with code: 1006, reason:
2026-10-01T07:39:40+0000 mm-bot python[6123]: 2026-10-01 07:39:40 ERROR   Auto-reconnect disabled, terminating connection
2026-10-01T07:40:05+0000 mm-bot python[6123]: 2026-10-01 07:40:05 ERROR   WebSocket connection closed with code: 1006, reason:
2026-10-01T07:40:05+0000 mm-bot python[6123]: 2026-10-01 07:40:05 ERROR   Auto-reconnect disabled, terminating connection
2026-10-01T07:40:11+0000 mm-bot python[6123]: 2026-10-01 07:40:11 INFO    tournament is 'draft' (starts 2026-10-01T16:00:00.000Z) - 237/237 books ready - checking again in 60 s
2026-10-01T07:40:30+0000 mm-bot python[6123]: 2026-10-01 07:40:30 ERROR   WebSocket connection closed with code: 1006, reason:
2026-10-01T07:40:30+0000 mm-bot python[6123]: 2026-10-01 07:40:30 ERROR   Auto-reconnect disabled, terminating connection
2026-10-01T07:40:55+0000 mm-bot python[6123]: 2026-10-01 07:40:55 ERROR   WebSocket connection closed with code: 1006, reason:
2026-10-01T07:40:55+0000 mm-bot python[6123]: 2026-10-01 07:40:55 ERROR   Auto-reconnect disabled, terminating connection
2026-10-01T07:41:18+0000 mm-bot python[6123]: 2026-10-01 07:41:18 INFO    tournament is 'draft' (starts 2026-10-01T16:00:00.000Z) - 237/237 books ready - checking again in 60 s
2026-10-01T07:41:20+0000 mm-bot python[6123]: 2026-10-01 07:41:20 ERROR   WebSocket connection closed with code: 1006, reason:
2026-10-01T07:41:20+0000 mm-bot python[6123]: 2026-10-01 07:41:20 ERROR   Auto-reconnect disabled, terminating connection
2026-10-01T07:41:45+0000 mm-bot python[6123]: 2026-10-01 07:41:45 ERROR   WebSocket connection closed with code: 1006, reason:
2026-10-01T07:41:45+0000 mm-bot python[6123]: 2026-10-01 07:41:45 ERROR   Auto-reconnect disabled, terminating connection
2026-10-01T07:42:10+0000 mm-bot python[6123]: 2026-10-01 07:42:10 ERROR   WebSocket connection closed with code: 1006, reason:
2026-10-01T07:42:10+0000 mm-bot python[6123]: 2026-10-01 07:42:10 ERROR   Auto-reconnect disabled, terminating connection
2026-10-01T07:42:24+0000 mm-bot python[6123]: 2026-10-01 07:42:24 INFO    tournament is 'draft' (starts 2026-10-01T16:00:00.000Z) - 237/237 books ready - checking again in 60 s
2026-10-01T07:42:35+0000 mm-bot python[6123]: 2026-10-01 07:42:35 ERROR   WebSocket connection closed with code: 1006, reason:
2026-10-01T07:42:35+0000 mm-bot python[6123]: 2026-10-01 07:42:35 ERROR   Auto-reconnect disabled, terminating connection
2026-10-01T07:43:00+0000 mm-bot python[6123]: 2026-10-01 07:43:00 ERROR   WebSocket connection closed with code: 1006, reason:
2026-10-01T07:43:00+0000 mm-bot python[6123]: 2026-10-01 07:43:00 ERROR   Auto-reconnect disabled, terminating connection
2026-10-01T07:43:25+0000 mm-bot python[6123]: 2026-10-01 07:43:25 ERROR   WebSocket connection closed with code: 1006, reason:
2026-10-01T07:43:25+0000 mm-bot python[6123]: 2026-10-01 07:43:25 ERROR   Auto-reconnect disabled, terminating connection
2026-10-01T07:43:31+0000 mm-bot python[6123]: 2026-10-01 07:43:31 INFO    tournament is 'draft' (starts 2026-10-01T16:00:00.000Z) - 237/237 books ready - checking again in 60 s
2026-10-01T07:43:50+0000 mm-bot python[6123]: 2026-10-01 07:43:50 ERROR   WebSocket connection closed with code: 1006, reason:
2026-10-01T07:43:50+0000 mm-bot python[6123]: 2026-10-01 07:43:50 ERROR   Auto-reconnect disabled, terminating connection
2026-10-01T07:44:15+0000 mm-bot python[6123]: 2026-10-01 07:44:15 ERROR   WebSocket connection closed with code: 1006, reason:
2026-10-01T07:44:15+0000 mm-bot python[6123]: 2026-10-01 07:44:15 ERROR   Auto-reconnect disabled, terminating connection
2026-10-01T07:44:38+0000 mm-bot python[6123]: 2026-10-01 07:44:38 INFO    tournament is 'draft' (starts 2026-10-01T16:00:00.000Z) - 237/237 books ready - checking again in 60 s
2026-10-01T07:44:40+0000 mm-bot python[6123]: 2026-10-01 07:44:40 ERROR   WebSocket connection closed with code: 1006, reason:
2026-10-01T07:44:40+0000 mm-bot python[6123]: 2026-10-01 07:44:40 ERROR   Auto-reconnect disabled, terminating connection
2026-10-01T07:45:05+0000 mm-bot python[6123]: 2026-10-01 07:45:05 ERROR   WebSocket connection closed with code: 1006, reason:
2026-10-01T07:45:05+0000 mm-bot python[6123]: 2026-10-01 07:45:05 ERROR   Auto-reconnect disabled, terminating connection
2026-10-01T07:45:30+0000 mm-bot python[6123]: 2026-10-01 07:45:30 ERROR   WebSocket connection closed with code: 1006, reason:
2026-10-01T07:45:30+0000 mm-bot python[6123]: 2026-10-01 07:45:30 ERROR   Auto-reconnect disabled, terminating connection
2026-10-01T07:45:44+0000 mm-bot python[6123]: 2026-10-01 07:45:44 INFO    tournament is 'draft' (starts 2026-10-01T16:00:00.000Z) - 237/237 books ready - checking again in 60 s
2026-10-01T07:45:55+0000 mm-bot python[6123]: 2026-10-01 07:45:55 ERROR   WebSocket connection closed with code: 1006, reason:
2026-10-01T07:45:55+0000 mm-bot python[6123]: 2026-10-01 07:45:55 ERROR   Auto-reconnect disabled, terminating connection
2026-10-01T07:46:21+0000 mm-bot python[6123]: 2026-10-01 07:46:21 ERROR   WebSocket connection closed with code: 1006, reason:
2026-10-01T07:46:21+0000 mm-bot python[6123]: 2026-10-01 07:46:21 ERROR   Auto-reconnect disabled, terminating connection
2026-10-01T07:46:46+0000 mm-bot python[6123]: 2026-10-01 07:46:46 ERROR   WebSocket connection closed with code: 1006, reason:
2026-10-01T07:46:46+0000 mm-bot python[6123]: 2026-10-01 07:46:46 ERROR   Auto-reconnect disabled, terminating connection
2026-10-01T07:46:51+0000 mm-bot python[6123]: 2026-10-01 07:46:51 INFO    tournament is 'draft' (starts 2026-10-01T16:00:00.000Z) - 237/237 books ready - checking again in 60 s
2026-10-01T07:47:11+0000 mm-bot python[6123]: 2026-10-01 07:47:11 ERROR   WebSocket connection closed with code: 1006, reason:
2026-10-01T07:47:11+0000 mm-bot python[6123]: 2026-10-01 07:47:11 ERROR   Auto-reconnect disabled, terminating connection
2026-10-01T07:47:36+0000 mm-bot python[6123]: 2026-10-01 07:47:36 ERROR   WebSocket connection closed with code: 1006, reason:
2026-10-01T07:47:36+0000 mm-bot python[6123]: 2026-10-01 07:47:36 ERROR   Auto-reconnect disabled, terminating connection
2026-10-01T07:47:57+0000 mm-bot python[6123]: 2026-10-01 07:47:57 INFO    tournament is 'draft' (starts 2026-10-01T16:00:00.000Z) - 237/237 books ready - checking again in 60 s
2026-10-01T07:48:01+0000 mm-bot python[6123]: 2026-10-01 07:48:01 ERROR   WebSocket connection closed with code: 1006, reason:
2026-10-01T07:48:01+0000 mm-bot python[6123]: 2026-10-01 07:48:01 ERROR   Auto-reconnect disabled, terminating connection
2026-10-01T07:48:26+0000 mm-bot python[6123]: 2026-10-01 07:48:26 ERROR   WebSocket connection closed with code: 1006, reason:
2026-10-01T07:48:26+0000 mm-bot python[6123]: 2026-10-01 07:48:26 ERROR   Auto-reconnect disabled, terminating connection
2026-10-01T07:48:51+0000 mm-bot python[6123]: 2026-10-01 07:48:51 ERROR   WebSocket connection closed with code: 1006, reason:
2026-10-01T07:48:51+0000 mm-bot python[6123]: 2026-10-01 07:48:51 ERROR   Auto-reconnect disabled, terminating connection
2026-10-01T07:49:04+0000 mm-bot python[6123]: 2026-10-01 07:49:04 INFO    tournament is 'draft' (starts 2026-10-01T16:00:00.000Z) - 237/237 books ready - checking again in 60 s
2026-10-01T07:49:16+0000 mm-bot python[6123]: 2026-10-01 07:49:16 ERROR   WebSocket connection closed with code: 1006, reason:
2026-10-01T07:49:16+0000 mm-bot python[6123]: 2026-10-01 07:49:16 ERROR   Auto-reconnect disabled, terminating connection
2026-10-01T07:49:41+0000 mm-bot python[6123]: 2026-10-01 07:49:41 ERROR   WebSocket connection closed with code: 1006, reason:
2026-10-01T07:49:41+0000 mm-bot python[6123]: 2026-10-01 07:49:41 ERROR   Auto-reconnect disabled, terminating connection
2026-10-01T07:50:06+0000 mm-bot python[6123]: 2026-10-01 07:50:06 ERROR   WebSocket connection closed with code: 1006, reason:
2026-10-01T07:50:06+0000 mm-bot python[6123]: 2026-10-01 07:50:06 ERROR   Auto-reconnect disabled, terminating connection
2026-10-01T07:50:11+0000 mm-bot python[6123]: 2026-10-01 07:50:11 INFO    tournament is 'draft' (starts 2026-10-01T16:00:00.000Z) - 237/237 books ready - checking again in 60 s
2026-10-01T07:50:31+0000 mm-bot python[6123]: 2026-10-01 07:50:31 ERROR   WebSocket connection closed with code: 1006, reason:
2026-10-01T07:50:31+0000 mm-bot python[6123]: 2026-10-01 07:50:31 ERROR   Auto-reconnect disabled, terminating connection
2026-10-01T07:50:56+0000 mm-bot python[6123]: 2026-10-01 07:50:56 ERROR   WebSocket connection closed with code: 1006, reason:
2026-10-01T07:50:56+0000 mm-bot python[6123]: 2026-10-01 07:50:56 ERROR   Auto-reconnect disabled, terminating connection
2026-10-01T07:51:17+0000 mm-bot python[6123]: 2026-10-01 07:51:17 INFO    tournament is 'draft' (starts 2026-10-01T16:00:00.000Z) - 237/237 books ready - checking again in 60 s
2026-10-01T07:51:21+0000 mm-bot python[6123]: 2026-10-01 07:51:21 ERROR   WebSocket connection closed with code: 1006, reason:
2026-10-01T07:51:21+0000 mm-bot python[6123]: 2026-10-01 07:51:21 ERROR   Auto-reconnect disabled, terminating connection
2026-10-01T07:51:46+0000 mm-bot python[6123]: 2026-10-01 07:51:46 ERROR   WebSocket connection closed with code: 1006, reason:
2026-10-01T07:51:46+0000 mm-bot python[6123]: 2026-10-01 07:51:46 ERROR   Auto-reconnect disabled, terminating connection
2026-10-01T07:52:11+0000 mm-bot python[6123]: 2026-10-01 07:52:11 ERROR   WebSocket connection closed with code: 1006, reason:
2026-10-01T07:52:11+0000 mm-bot python[6123]: 2026-10-01 07:52:11 ERROR   Auto-reconnect disabled, terminating connection
2026-10-01T07:52:24+0000 mm-bot python[6123]: 2026-10-01 07:52:24 INFO    tournament is 'draft' (starts 2026-10-01T16:00:00.000Z) - 237/237 books ready - checking again in 60 s
2026-10-01T07:52:36+0000 mm-bot python[6123]: 2026-10-01 07:52:36 ERROR   WebSocket connection closed with code: 1006, reason:
2026-10-01T07:52:36+0000 mm-bot python[6123]: 2026-10-01 07:52:36 ERROR   Auto-reconnect disabled, terminating connection
2026-10-01T07:53:01+0000 mm-bot python[6123]: 2026-10-01 07:53:01 ERROR   WebSocket connection closed with code: 1006, reason:
2026-10-01T07:53:01+0000 mm-bot python[6123]: 2026-10-01 07:53:01 ERROR   Auto-reconnect disabled, terminating connection
2026-10-01T07:53:26+0000 mm-bot python[6123]: 2026-10-01 07:53:26 ERROR   WebSocket connection closed with code: 1006, reason:
2026-10-01T07:53:26+0000 mm-bot python[6123]: 2026-10-01 07:53:26 ERROR   Auto-reconnect disabled, terminating connection
2026-10-01T07:53:30+0000 mm-bot python[6123]: 2026-10-01 07:53:30 INFO    tournament is 'draft' (starts 2026-10-01T16:00:00.000Z) - 237/237 books ready - checking again in 60 s
2026-10-01T07:53:51+0000 mm-bot python[6123]: 2026-10-01 07:53:51 ERROR   WebSocket connection closed with code: 1006, reason:
2026-10-01T07:53:51+0000 mm-bot python[6123]: 2026-10-01 07:53:51 ERROR   Auto-reconnect disabled, terminating connection
2026-10-01T07:54:16+0000 mm-bot python[6123]: 2026-10-01 07:54:16 ERROR   WebSocket connection closed with code: 1006, reason:
2026-10-01T07:54:16+0000 mm-bot python[6123]: 2026-10-01 07:54:16 ERROR   Auto-reconnect disabled, terminating connection
2026-10-01T07:54:37+0000 mm-bot python[6123]: 2026-10-01 07:54:37 INFO    tournament is 'draft' (starts 2026-10-01T16:00:00.000Z) - 237/237 books ready - checking again in 60 s
2026-10-01T07:54:41+0000 mm-bot python[6123]: 2026-10-01 07:54:41 ERROR   WebSocket connection closed with code: 1006, reason:
2026-10-01T07:54:41+0000 mm-bot python[6123]: 2026-10-01 07:54:41 ERROR   Auto-reconnect disabled, terminating connection
2026-10-01T07:55:06+0000 mm-bot python[6123]: 2026-10-01 07:55:06 ERROR   WebSocket connection closed with code: 1006, reason:
2026-10-01T07:55:06+0000 mm-bot python[6123]: 2026-10-01 07:55:06 ERROR   Auto-reconnect disabled, terminating connection
2026-10-01T07:55:31+0000 mm-bot python[6123]: 2026-10-01 07:55:31 ERROR   WebSocket connection closed with code: 1006, reason:
2026-10-01T07:55:31+0000 mm-bot python[6123]: 2026-10-01 07:55:31 ERROR   Auto-reconnect disabled, terminating connection
2026-10-01T07:55:44+0000 mm-bot python[6123]: 2026-10-01 07:55:44 INFO    tournament is 'draft' (starts 2026-10-01T16:00:00.000Z) - 237/237 books ready - checking again in 60 s
2026-10-01T07:55:56+0000 mm-bot python[6123]: 2026-10-01 07:55:56 ERROR   WebSocket connection closed with code: 1006, reason:
2026-10-01T07:55:56+0000 mm-bot python[6123]: 2026-10-01 07:55:56 ERROR   Auto-reconnect disabled, terminating connection
2026-10-01T07:56:21+0000 mm-bot python[6123]: 2026-10-01 07:56:21 ERROR   WebSocket connection closed with code: 1006, reason:
2026-10-01T07:56:21+0000 mm-bot python[6123]: 2026-10-01 07:56:21 ERROR   Auto-reconnect disabled, terminating connection
2026-10-01T07:56:46+0000 mm-bot python[6123]: 2026-10-01 07:56:46 ERROR   WebSocket connection closed with code: 1006, reason:
2026-10-01T07:56:46+0000 mm-bot python[6123]: 2026-10-01 07:56:46 ERROR   Auto-reconnect disabled, terminating connection
2026-10-01T07:56:50+0000 mm-bot python[6123]: 2026-10-01 07:56:50 INFO    tournament is 'draft' (starts 2026-10-01T16:00:00.000Z) - 237/237 books ready - checking again in 60 s
2026-10-01T07:57:11+0000 mm-bot python[6123]: 2026-10-01 07:57:11 ERROR   WebSocket connection closed with code: 1006, reason:
2026-10-01T07:57:11+0000 mm-bot python[6123]: 2026-10-01 07:57:11 ERROR   Auto-reconnect disabled, terminating connection
2026-10-01T07:57:36+0000 mm-bot python[6123]: 2026-10-01 07:57:36 ERROR   WebSocket connection closed with code: 1006, reason:
2026-10-01T07:57:36+0000 mm-bot python[6123]: 2026-10-01 07:57:36 ERROR   Auto-reconnect disabled, terminating connection
2026-10-01T07:57:57+0000 mm-bot python[6123]: 2026-10-01 07:57:57 INFO    tournament is 'draft' (starts 2026-10-01T16:00:00.000Z) - 237/237 books ready - checking again in 60 s
2026-10-01T07:58:01+0000 mm-bot python[6123]: 2026-10-01 07:58:01 ERROR   WebSocket connection closed with code: 1006, reason:
2026-10-01T07:58:01+0000 mm-bot python[6123]: 2026-10-01 07:58:01 ERROR   Auto-reconnect disabled, terminating connection
2026-10-01T07:58:26+0000 mm-bot python[6123]: 2026-10-01 07:58:26 ERROR   WebSocket connection closed with code: 1006, reason:
2026-10-01T07:58:26+0000 mm-bot python[6123]: 2026-10-01 07:58:26 ERROR   Auto-reconnect disabled, terminating connection
2026-10-01T07:58:51+0000 mm-bot python[6123]: 2026-10-01 07:58:51 ERROR   WebSocket connection closed with code: 1006, reason:
2026-10-01T07:58:51+0000 mm-bot python[6123]: 2026-10-01 07:58:51 ERROR   Auto-reconnect disabled, terminating connection
2026-10-01T07:59:03+0000 mm-bot python[6123]: 2026-10-01 07:59:03 INFO    tournament is 'draft' (starts 2026-10-01T16:00:00.000Z) - 237/237 books ready - checking again in 60 s
2026-10-01T07:59:16+0000 mm-bot python[6123]: 2026-10-01 07:59:16 ERROR   WebSocket connection closed with code: 1006, reason:
2026-10-01T07:59:16+0000 mm-bot python[6123]: 2026-10-01 07:59:16 ERROR   Auto-reconnect disabled, terminating connection
2026-10-01T07:59:41+0000 mm-bot python[6123]: 2026-10-01 07:59:41 ERROR   WebSocket connection closed with code: 1006, reason:
2026-10-01T07:59:41+0000 mm-bot python[6123]: 2026-10-01 07:59:41 ERROR   Auto-reconnect disabled, terminating connection
2026-10-01T08:00:06+0000 mm-bot python[6123]: 2026-10-01 08:00:06 ERROR   WebSocket connection closed with code: 1006, reason:
2026-10-01T08:00:06+0000 mm-bot python[6123]: 2026-10-01 08:00:06 ERROR   Auto-reconnect disabled, terminating connection
2026-10-01T08:00:10+0000 mm-bot python[6123]: 2026-10-01 08:00:10 INFO    tournament is 'draft' (starts 2026-10-01T16:00:00.000Z) - 237/237 books ready - checking again in 60 s
2026-10-01T08:00:12+0000 mm-bot python[6123]: 2026-10-01 08:00:12 INFO    mm_bot: +0 (+0.0%)
2026-10-01T08:00:12+0000 mm-bot python[6123]: Status: OK | waiting for the open (01 Oct 16:00 UTC), 237/237 order books ready
2026-10-01T08:00:12+0000 mm-bot python[6123]: Account 100,000 (+0 total)
2026-10-01T08:00:12+0000 mm-bot python[6123]: Rank: not ranked yet | Smart Score: not scored yet
2026-10-01T08:00:12+0000 mm-bot python[6123]: Last 2h: 0 fills, 0 shares, edge +0.00c, markout +0.00c, 0 arbitrages, 0 takes
2026-10-01T08:00:31+0000 mm-bot python[6123]: 2026-10-01 08:00:31 ERROR   WebSocket connection closed with code: 1006, reason:
2026-10-01T08:00:31+0000 mm-bot python[6123]: 2026-10-01 08:00:31 ERROR   Auto-reconnect disabled, terminating connection
2026-10-01T08:00:56+0000 mm-bot python[6123]: 2026-10-01 08:00:56 ERROR   WebSocket connection closed with code: 1006, reason:
2026-10-01T08:00:56+0000 mm-bot python[6123]: 2026-10-01 08:00:56 ERROR   Auto-reconnect disabled, terminating connection
2026-10-01T08:01:18+0000 mm-bot python[6123]: 2026-10-01 08:01:18 INFO    tournament is 'draft' (starts 2026-10-01T16:00:00.000Z) - 237/237 books ready - checking again in 60 s
2026-10-01T08:01:21+0000 mm-bot python[6123]: 2026-10-01 08:01:21 ERROR   WebSocket connection closed with code: 1006, reason:
2026-10-01T08:01:21+0000 mm-bot python[6123]: 2026-10-01 08:01:21 ERROR   Auto-reconnect disabled, terminating connection
2026-10-01T08:01:46+0000 mm-bot python[6123]: 2026-10-01 08:01:46 ERROR   WebSocket connection closed with code: 1006, reason:
2026-10-01T08:01:46+0000 mm-bot python[6123]: 2026-10-01 08:01:46 ERROR   Auto-reconnect disabled, terminating connection
2026-10-01T08:02:11+0000 mm-bot python[6123]: 2026-10-01 08:02:11 ERROR   WebSocket connection closed with code: 1006, reason:
2026-10-01T08:02:11+0000 mm-bot python[6123]: 2026-10-01 08:02:11 ERROR   Auto-reconnect disabled, terminating connection
2026-10-01T08:02:25+0000 mm-bot python[6123]: 2026-10-01 08:02:25 INFO    tournament is 'draft' (starts 2026-10-01T16:00:00.000Z) - 237/237 books ready - checking again in 60 s
2026-10-01T08:02:36+0000 mm-bot python[6123]: 2026-10-01 08:02:36 ERROR   WebSocket connection closed with code: 1006, reason:
2026-10-01T08:02:36+0000 mm-bot python[6123]: 2026-10-01 08:02:36 ERROR   Auto-reconnect disabled, terminating connection
2026-10-01T08:03:01+0000 mm-bot python[6123]: 2026-10-01 08:03:01 ERROR   WebSocket connection closed with code: 1006, reason:
2026-10-01T08:03:01+0000 mm-bot python[6123]: 2026-10-01 08:03:01 ERROR   Auto-reconnect disabled, terminating connection
2026-10-01T08:03:26+0000 mm-bot python[6123]: 2026-10-01 08:03:26 ERROR   WebSocket connection closed with code: 1006, reason:
2026-10-01T08:03:26+0000 mm-bot python[6123]: 2026-10-01 08:03:26 ERROR   Auto-reconnect disabled, terminating connection
2026-10-01T08:03:32+0000 mm-bot python[6123]: 2026-10-01 08:03:32 INFO    tournament is 'draft' (starts 2026-10-01T16:00:00.000Z) - 237/237 books ready - checking again in 60 s
2026-10-01T08:03:51+0000 mm-bot python[6123]: 2026-10-01 08:03:51 ERROR   WebSocket connection closed with code: 1006, reason:
2026-10-01T08:03:51+0000 mm-bot python[6123]: 2026-10-01 08:03:51 ERROR   Auto-reconnect disabled, terminating connection
2026-10-01T08:04:16+0000 mm-bot python[6123]: 2026-10-01 08:04:16 ERROR   WebSocket connection closed with code: 1006, reason:
2026-10-01T08:04:16+0000 mm-bot python[6123]: 2026-10-01 08:04:16 ERROR   Auto-reconnect disabled, terminating connection
2026-10-01T08:04:38+0000 mm-bot python[6123]: 2026-10-01 08:04:38 INFO    tournament is 'draft' (starts 2026-10-01T16:00:00.000Z) - 237/237 books ready - checking again in 60 s
2026-10-01T08:04:41+0000 mm-bot python[6123]: 2026-10-01 08:04:41 ERROR   WebSocket connection closed with code: 1006, reason:
2026-10-01T08:04:41+0000 mm-bot python[6123]: 2026-10-01 08:04:41 ERROR   Auto-reconnect disabled, terminating connection
2026-10-01T08:05:06+0000 mm-bot python[6123]: 2026-10-01 08:05:06 ERROR   WebSocket connection closed with code: 1006, reason:
2026-10-01T08:05:06+0000 mm-bot python[6123]: 2026-10-01 08:05:06 ERROR   Auto-reconnect disabled, terminating connection
2026-10-01T08:05:31+0000 mm-bot python[6123]: 2026-10-01 08:05:31 ERROR   WebSocket connection closed with code: 1006, reason:
2026-10-01T08:05:31+0000 mm-bot python[6123]: 2026-10-01 08:05:31 ERROR   Auto-reconnect disabled, terminating connection
2026-10-01T08:05:45+0000 mm-bot python[6123]: 2026-10-01 08:05:45 INFO    tournament is 'draft' (starts 2026-10-01T16:00:00.000Z) - 237/237 books ready - checking again in 60 s
2026-10-01T08:05:56+0000 mm-bot python[6123]: 2026-10-01 08:05:56 ERROR   WebSocket connection closed with code: 1006, reason:
2026-10-01T08:05:56+0000 mm-bot python[6123]: 2026-10-01 08:05:56 ERROR   Auto-reconnect disabled, terminating connection
2026-10-01T08:06:21+0000 mm-bot python[6123]: 2026-10-01 08:06:21 ERROR   WebSocket connection closed with code: 1006, reason:
2026-10-01T08:06:21+0000 mm-bot python[6123]: 2026-10-01 08:06:21 ERROR   Auto-reconnect disabled, terminating connection
2026-10-01T08:06:46+0000 mm-bot python[6123]: 2026-10-01 08:06:46 ERROR   WebSocket connection closed with code: 1006, reason:
2026-10-01T08:06:46+0000 mm-bot python[6123]: 2026-10-01 08:06:46 ERROR   Auto-reconnect disabled, terminating connection
2026-10-01T08:06:51+0000 mm-bot python[6123]: 2026-10-01 08:06:51 INFO    tournament is 'draft' (starts 2026-10-01T16:00:00.000Z) - 237/237 books ready - checking again in 60 s
2026-10-01T08:07:11+0000 mm-bot python[6123]: 2026-10-01 08:07:11 ERROR   WebSocket connection closed with code: 1006, reason:
2026-10-01T08:07:11+0000 mm-bot python[6123]: 2026-10-01 08:07:11 ERROR   Auto-reconnect disabled, terminating connection
2026-10-01T08:07:36+0000 mm-bot python[6123]: 2026-10-01 08:07:36 ERROR   WebSocket connection closed with code: 1006, reason:
2026-10-01T08:07:36+0000 mm-bot python[6123]: 2026-10-01 08:07:36 ERROR   Auto-reconnect disabled, terminating connection
2026-10-01T08:07:58+0000 mm-bot python[6123]: 2026-10-01 08:07:58 INFO    tournament is 'draft' (starts 2026-10-01T16:00:00.000Z) - 237/237 books ready - checking again in 60 s
2026-10-01T08:08:01+0000 mm-bot python[6123]: 2026-10-01 08:08:01 ERROR   WebSocket connection closed with code: 1006, reason:
2026-10-01T08:08:01+0000 mm-bot python[6123]: 2026-10-01 08:08:01 ERROR   Auto-reconnect disabled, terminating connection
2026-10-01T08:08:26+0000 mm-bot python[6123]: 2026-10-01 08:08:26 ERROR   WebSocket connection closed with code: 1006, reason:
2026-10-01T08:08:26+0000 mm-bot python[6123]: 2026-10-01 08:08:26 ERROR   Auto-reconnect disabled, terminating connection
2026-10-01T08:08:51+0000 mm-bot python[6123]: 2026-10-01 08:08:51 ERROR   WebSocket connection closed with code: 1006, reason:
2026-10-01T08:08:51+0000 mm-bot python[6123]: 2026-10-01 08:08:51 ERROR   Auto-reconnect disabled, terminating connection
2026-10-01T08:09:05+0000 mm-bot python[6123]: 2026-10-01 08:09:05 INFO    tournament is 'draft' (starts 2026-10-01T16:00:00.000Z) - 237/237 books ready - checking again in 60 s
2026-10-01T08:09:16+0000 mm-bot python[6123]: 2026-10-01 08:09:16 ERROR   WebSocket connection closed with code: 1006, reason:
2026-10-01T08:09:16+0000 mm-bot python[6123]: 2026-10-01 08:09:16 ERROR   Auto-reconnect disabled, terminating connection
2026-10-01T08:09:41+0000 mm-bot python[6123]: 2026-10-01 08:09:41 ERROR   WebSocket connection closed with code: 1006, reason:
2026-10-01T08:09:41+0000 mm-bot python[6123]: 2026-10-01 08:09:41 ERROR   Auto-reconnect disabled, terminating connection
2026-10-01T08:10:06+0000 mm-bot python[6123]: 2026-10-01 08:10:06 ERROR   WebSocket connection closed with code: 1006, reason:
2026-10-01T08:10:06+0000 mm-bot python[6123]: 2026-10-01 08:10:06 ERROR   Auto-reconnect disabled, terminating connection
2026-10-01T08:10:11+0000 mm-bot python[6123]: 2026-10-01 08:10:11 INFO    tournament is 'draft' (starts 2026-10-01T16:00:00.000Z) - 237/237 books ready - checking again in 60 s
2026-10-01T08:10:31+0000 mm-bot python[6123]: 2026-10-01 08:10:31 ERROR   WebSocket connection closed with code: 1006, reason:
2026-10-01T08:10:31+0000 mm-bot python[6123]: 2026-10-01 08:10:31 ERROR   Auto-reconnect disabled, terminating connection
2026-10-01T08:10:56+0000 mm-bot python[6123]: 2026-10-01 08:10:56 ERROR   WebSocket connection closed with code: 1006, reason:
2026-10-01T08:10:56+0000 mm-bot python[6123]: 2026-10-01 08:10:56 ERROR   Auto-reconnect disabled, terminating connection
2026-10-01T08:11:18+0000 mm-bot python[6123]: 2026-10-01 08:11:18 INFO    tournament is 'draft' (starts 2026-10-01T16:00:00.000Z) - 237/237 books ready - checking again in 60 s
2026-10-01T08:11:21+0000 mm-bot python[6123]: 2026-10-01 08:11:21 ERROR   WebSocket connection closed with code: 1006, reason:
2026-10-01T08:11:21+0000 mm-bot python[6123]: 2026-10-01 08:11:21 ERROR   Auto-reconnect disabled, terminating connection
2026-10-01T08:11:46+0000 mm-bot python[6123]: 2026-10-01 08:11:46 ERROR   WebSocket connection closed with code: 1006, reason:
2026-10-01T08:11:46+0000 mm-bot python[6123]: 2026-10-01 08:11:46 ERROR   Auto-reconnect disabled, terminating connection
2026-10-01T08:12:11+0000 mm-bot python[6123]: 2026-10-01 08:12:11 ERROR   WebSocket connection closed with code: 1006, reason:
2026-10-01T08:12:11+0000 mm-bot python[6123]: 2026-10-01 08:12:11 ERROR   Auto-reconnect disabled, terminating connection
2026-10-01T08:12:25+0000 mm-bot python[6123]: 2026-10-01 08:12:25 INFO    tournament is 'draft' (starts 2026-10-01T16:00:00.000Z) - 237/237 books ready - checking again in 60 s
2026-10-01T08:12:36+0000 mm-bot python[6123]: 2026-10-01 08:12:36 ERROR   WebSocket connection closed with code: 1006, reason:
2026-10-01T08:12:36+0000 mm-bot python[6123]: 2026-10-01 08:12:36 ERROR   Auto-reconnect disabled, terminating connection
2026-10-01T08:13:01+0000 mm-bot python[6123]: 2026-10-01 08:13:01 ERROR   WebSocket connection closed with code: 1006, reason:
2026-10-01T08:13:01+0000 mm-bot python[6123]: 2026-10-01 08:13:01 ERROR   Auto-reconnect disabled, terminating connection
2026-10-01T08:13:26+0000 mm-bot python[6123]: 2026-10-01 08:13:26 ERROR   WebSocket connection closed with code: 1006, reason:
2026-10-01T08:13:26+0000 mm-bot python[6123]: 2026-10-01 08:13:26 ERROR   Auto-reconnect disabled, terminating connection
2026-10-01T08:13:31+0000 mm-bot python[6123]: 2026-10-01 08:13:31 INFO    tournament is 'draft' (starts 2026-10-01T16:00:00.000Z) - 237/237 books ready - checking again in 60 s
2026-10-01T08:13:51+0000 mm-bot python[6123]: 2026-10-01 08:13:51 ERROR   WebSocket connection closed with code: 1006, reason:
2026-10-01T08:13:51+0000 mm-bot python[6123]: 2026-10-01 08:13:51 ERROR   Auto-reconnect disabled, terminating connection
2026-10-01T08:14:16+0000 mm-bot python[6123]: 2026-10-01 08:14:16 ERROR   WebSocket connection closed with code: 1006, reason:
2026-10-01T08:14:16+0000 mm-bot python[6123]: 2026-10-01 08:14:16 ERROR   Auto-reconnect disabled, terminating connection
2026-10-01T08:14:38+0000 mm-bot python[6123]: 2026-10-01 08:14:38 INFO    tournament is 'draft' (starts 2026-10-01T16:00:00.000Z) - 237/237 books ready - checking again in 60 s
2026-10-01T08:14:41+0000 mm-bot python[6123]: 2026-10-01 08:14:41 ERROR   WebSocket connection closed with code: 1006, reason:
2026-10-01T08:14:41+0000 mm-bot python[6123]: 2026-10-01 08:14:41 ERROR   Auto-reconnect disabled, terminating connection
2026-10-01T08:15:06+0000 mm-bot python[6123]: 2026-10-01 08:15:06 ERROR   WebSocket connection closed with code: 1006, reason:
2026-10-01T08:15:06+0000 mm-bot python[6123]: 2026-10-01 08:15:06 ERROR   Auto-reconnect disabled, terminating connection
2026-10-01T08:15:31+0000 mm-bot python[6123]: 2026-10-01 08:15:31 ERROR   WebSocket connection closed with code: 1006, reason:
2026-10-01T08:15:31+0000 mm-bot python[6123]: 2026-10-01 08:15:31 ERROR   Auto-reconnect disabled, terminating connection
2026-10-01T08:15:44+0000 mm-bot python[6123]: 2026-10-01 08:15:44 INFO    tournament is 'draft' (starts 2026-10-01T16:00:00.000Z) - 237/237 books ready - checking again in 60 s
2026-10-01T08:15:56+0000 mm-bot python[6123]: 2026-10-01 08:15:56 ERROR   WebSocket connection closed with code: 1006, reason:
2026-10-01T08:15:56+0000 mm-bot python[6123]: 2026-10-01 08:15:56 ERROR   Auto-reconnect disabled, terminating connection
2026-10-01T08:16:21+0000 mm-bot python[6123]: 2026-10-01 08:16:21 ERROR   WebSocket connection closed with code: 1006, reason:
2026-10-01T08:16:21+0000 mm-bot python[6123]: 2026-10-01 08:16:21 ERROR   Auto-reconnect disabled, terminating connection
2026-10-01T08:16:46+0000 mm-bot python[6123]: 2026-10-01 08:16:46 ERROR   WebSocket connection closed with code: 1006, reason:
2026-10-01T08:16:46+0000 mm-bot python[6123]: 2026-10-01 08:16:46 ERROR   Auto-reconnect disabled, terminating connection
2026-10-01T08:16:51+0000 mm-bot python[6123]: 2026-10-01 08:16:51 INFO    tournament is 'draft' (starts 2026-10-01T16:00:00.000Z) - 237/237 books ready - checking again in 60 s
2026-10-01T08:17:11+0000 mm-bot python[6123]: 2026-10-01 08:17:11 ERROR   WebSocket connection closed with code: 1006, reason:
2026-10-01T08:17:11+0000 mm-bot python[6123]: 2026-10-01 08:17:11 ERROR   Auto-reconnect disabled, terminating connection
2026-10-01T08:17:36+0000 mm-bot python[6123]: 2026-10-01 08:17:36 ERROR   WebSocket connection closed with code: 1006, reason:
2026-10-01T08:17:36+0000 mm-bot python[6123]: 2026-10-01 08:17:36 ERROR   Auto-reconnect disabled, terminating connection
2026-10-01T08:17:58+0000 mm-bot python[6123]: 2026-10-01 08:17:58 INFO    tournament is 'draft' (starts 2026-10-01T16:00:00.000Z) - 237/237 books ready - checking again in 60 s
2026-10-01T08:18:01+0000 mm-bot python[6123]: 2026-10-01 08:18:01 ERROR   WebSocket connection closed with code: 1006, reason:
2026-10-01T08:18:01+0000 mm-bot python[6123]: 2026-10-01 08:18:01 ERROR   Auto-reconnect disabled, terminating connection
2026-10-01T08:18:26+0000 mm-bot python[6123]: 2026-10-01 08:18:26 ERROR   WebSocket connection closed with code: 1006, reason:
2026-10-01T08:18:26+0000 mm-bot python[6123]: 2026-10-01 08:18:26 ERROR   Auto-reconnect disabled, terminating connection
2026-10-01T08:18:51+0000 mm-bot python[6123]: 2026-10-01 08:18:51 ERROR   WebSocket connection closed with code: 1006, reason:
2026-10-01T08:18:51+0000 mm-bot python[6123]: 2026-10-01 08:18:51 ERROR   Auto-reconnect disabled, terminating connection
2026-10-01T08:19:04+0000 mm-bot python[6123]: 2026-10-01 08:19:04 INFO    tournament is 'draft' (starts 2026-10-01T16:00:00.000Z) - 237/237 books ready - checking again in 60 s
2026-10-01T08:19:16+0000 mm-bot python[6123]: 2026-10-01 08:19:16 ERROR   WebSocket connection closed with code: 1006, reason:
2026-10-01T08:19:16+0000 mm-bot python[6123]: 2026-10-01 08:19:16 ERROR   Auto-reconnect disabled, terminating connection
2026-10-01T08:19:41+0000 mm-bot python[6123]: 2026-10-01 08:19:41 ERROR   WebSocket connection closed with code: 1006, reason:
2026-10-01T08:19:41+0000 mm-bot python[6123]: 2026-10-01 08:19:41 ERROR   Auto-reconnect disabled, terminating connection
2026-10-01T08:20:06+0000 mm-bot python[6123]: 2026-10-01 08:20:06 ERROR   WebSocket connection closed with code: 1006, reason:
2026-10-01T08:20:06+0000 mm-bot python[6123]: 2026-10-01 08:20:06 ERROR   Auto-reconnect disabled, terminating connection
2026-10-01T08:20:11+0000 mm-bot python[6123]: 2026-10-01 08:20:11 INFO    tournament is 'draft' (starts 2026-10-01T16:00:00.000Z) - 237/237 books ready - checking again in 60 s
2026-10-01T08:20:31+0000 mm-bot python[6123]: 2026-10-01 08:20:31 ERROR   WebSocket connection closed with code: 1006, reason:
2026-10-01T08:20:31+0000 mm-bot python[6123]: 2026-10-01 08:20:31 ERROR   Auto-reconnect disabled, terminating connection
2026-10-01T08:20:56+0000 mm-bot python[6123]: 2026-10-01 08:20:56 ERROR   WebSocket connection closed with code: 1006, reason:
2026-10-01T08:20:56+0000 mm-bot python[6123]: 2026-10-01 08:20:56 ERROR   Auto-reconnect disabled, terminating connection
2026-10-01T08:21:17+0000 mm-bot python[6123]: 2026-10-01 08:21:17 INFO    tournament is 'draft' (starts 2026-10-01T16:00:00.000Z) - 237/237 books ready - checking again in 60 s
2026-10-01T08:21:21+0000 mm-bot python[6123]: 2026-10-01 08:21:21 ERROR   WebSocket connection closed with code: 1006, reason:
2026-10-01T08:21:21+0000 mm-bot python[6123]: 2026-10-01 08:21:21 ERROR   Auto-reconnect disabled, terminating connection
2026-10-01T08:21:46+0000 mm-bot python[6123]: 2026-10-01 08:21:46 ERROR   WebSocket connection closed with code: 1006, reason:
2026-10-01T08:21:46+0000 mm-bot python[6123]: 2026-10-01 08:21:46 ERROR   Auto-reconnect disabled, terminating connection
2026-10-01T08:22:11+0000 mm-bot python[6123]: 2026-10-01 08:22:11 ERROR   WebSocket connection closed with code: 1006, reason:
2026-10-01T08:22:11+0000 mm-bot python[6123]: 2026-10-01 08:22:11 ERROR   Auto-reconnect disabled, terminating connection
2026-10-01T08:22:24+0000 mm-bot python[6123]: 2026-10-01 08:22:24 INFO    tournament is 'draft' (starts 2026-10-01T16:00:00.000Z) - 237/237 books ready - checking again in 60 s
2026-10-01T08:22:36+0000 mm-bot python[6123]: 2026-10-01 08:22:36 ERROR   WebSocket connection closed with code: 1006, reason:
2026-10-01T08:22:36+0000 mm-bot python[6123]: 2026-10-01 08:22:36 ERROR   Auto-reconnect disabled, terminating connection
2026-10-01T08:23:01+0000 mm-bot python[6123]: 2026-10-01 08:23:01 ERROR   WebSocket connection closed with code: 1006, reason:
2026-10-01T08:23:01+0000 mm-bot python[6123]: 2026-10-01 08:23:01 ERROR   Auto-reconnect disabled, terminating connection
2026-10-01T08:23:26+0000 mm-bot python[6123]: 2026-10-01 08:23:26 ERROR   WebSocket connection closed with code: 1006, reason:
2026-10-01T08:23:26+0000 mm-bot python[6123]: 2026-10-01 08:23:26 ERROR   Auto-reconnect disabled, terminating connection
2026-10-01T08:23:30+0000 mm-bot python[6123]: 2026-10-01 08:23:30 INFO    tournament is 'draft' (starts 2026-10-01T16:00:00.000Z) - 237/237 books ready - checking again in 60 s
2026-10-01T08:23:51+0000 mm-bot python[6123]: 2026-10-01 08:23:51 ERROR   WebSocket connection closed with code: 1006, reason:
2026-10-01T08:23:51+0000 mm-bot python[6123]: 2026-10-01 08:23:51 ERROR   Auto-reconnect disabled, terminating connection
2026-10-01T08:24:16+0000 mm-bot python[6123]: 2026-10-01 08:24:16 ERROR   WebSocket connection closed with code: 1006, reason:
2026-10-01T08:24:16+0000 mm-bot python[6123]: 2026-10-01 08:24:16 ERROR   Auto-reconnect disabled, terminating connection
2026-10-01T08:24:37+0000 mm-bot python[6123]: 2026-10-01 08:24:37 INFO    tournament is 'draft' (starts 2026-10-01T16:00:00.000Z) - 237/237 books ready - checking again in 60 s
2026-10-01T08:24:41+0000 mm-bot python[6123]: 2026-10-01 08:24:41 ERROR   WebSocket connection closed with code: 1006, reason:
2026-10-01T08:24:41+0000 mm-bot python[6123]: 2026-10-01 08:24:41 ERROR   Auto-reconnect disabled, terminating connection
2026-10-01T08:25:06+0000 mm-bot python[6123]: 2026-10-01 08:25:06 ERROR   WebSocket connection closed with code: 1006, reason:
2026-10-01T08:25:06+0000 mm-bot python[6123]: 2026-10-01 08:25:06 ERROR   Auto-reconnect disabled, terminating connection
2026-10-01T08:25:31+0000 mm-bot python[6123]: 2026-10-01 08:25:31 ERROR   WebSocket connection closed with code: 1006, reason:
2026-10-01T08:25:31+0000 mm-bot python[6123]: 2026-10-01 08:25:31 ERROR   Auto-reconnect disabled, terminating connection
2026-10-01T08:25:44+0000 mm-bot python[6123]: 2026-10-01 08:25:44 INFO    tournament is 'draft' (starts 2026-10-01T16:00:00.000Z) - 237/237 books ready - checking again in 60 s
2026-10-01T08:25:56+0000 mm-bot python[6123]: 2026-10-01 08:25:56 ERROR   WebSocket connection closed with code: 1006, reason:
2026-10-01T08:25:56+0000 mm-bot python[6123]: 2026-10-01 08:25:56 ERROR   Auto-reconnect disabled, terminating connection
2026-10-01T08:26:21+0000 mm-bot python[6123]: 2026-10-01 08:26:21 ERROR   WebSocket connection closed with code: 1006, reason:
2026-10-01T08:26:21+0000 mm-bot python[6123]: 2026-10-01 08:26:21 ERROR   Auto-reconnect disabled, terminating connection
2026-10-01T08:26:46+0000 mm-bot python[6123]: 2026-10-01 08:26:46 ERROR   WebSocket connection closed with code: 1006, reason:
2026-10-01T08:26:46+0000 mm-bot python[6123]: 2026-10-01 08:26:46 ERROR   Auto-reconnect disabled, terminating connection
2026-10-01T08:26:50+0000 mm-bot python[6123]: 2026-10-01 08:26:50 INFO    tournament is 'draft' (starts 2026-10-01T16:00:00.000Z) - 237/237 books ready - checking again in 60 s
2026-10-01T08:27:11+0000 mm-bot python[6123]: 2026-10-01 08:27:11 ERROR   WebSocket connection closed with code: 1006, reason:
2026-10-01T08:27:11+0000 mm-bot python[6123]: 2026-10-01 08:27:11 ERROR   Auto-reconnect disabled, terminating connection
2026-10-01T08:27:36+0000 mm-bot python[6123]: 2026-10-01 08:27:36 ERROR   WebSocket connection closed with code: 1006, reason:
2026-10-01T08:27:36+0000 mm-bot python[6123]: 2026-10-01 08:27:36 ERROR   Auto-reconnect disabled, terminating connection
2026-10-01T08:27:57+0000 mm-bot python[6123]: 2026-10-01 08:27:57 INFO    tournament is 'draft' (starts 2026-10-01T16:00:00.000Z) - 237/237 books ready - checking again in 60 s
2026-10-01T08:28:01+0000 mm-bot python[6123]: 2026-10-01 08:28:01 ERROR   WebSocket connection closed with code: 1006, reason:
2026-10-01T08:28:01+0000 mm-bot python[6123]: 2026-10-01 08:28:01 ERROR   Auto-reconnect disabled, terminating connection
2026-10-01T08:28:26+0000 mm-bot python[6123]: 2026-10-01 08:28:26 ERROR   WebSocket connection closed with code: 1006, reason:
2026-10-01T08:28:26+0000 mm-bot python[6123]: 2026-10-01 08:28:26 ERROR   Auto-reconnect disabled, terminating connection
2026-10-01T08:28:51+0000 mm-bot python[6123]: 2026-10-01 08:28:51 ERROR   WebSocket connection closed with code: 1006, reason:
2026-10-01T08:28:51+0000 mm-bot python[6123]: 2026-10-01 08:28:51 ERROR   Auto-reconnect disabled, terminating connection
2026-10-01T08:29:04+0000 mm-bot python[6123]: 2026-10-01 08:29:04 INFO    tournament is 'draft' (starts 2026-10-01T16:00:00.000Z) - 237/237 books ready - checking again in 60 s
2026-10-01T08:29:16+0000 mm-bot python[6123]: 2026-10-01 08:29:16 ERROR   WebSocket connection closed with code: 1006, reason:
2026-10-01T08:29:16+0000 mm-bot python[6123]: 2026-10-01 08:29:16 ERROR   Auto-reconnect disabled, terminating connection
2026-10-01T08:29:41+0000 mm-bot python[6123]: 2026-10-01 08:29:41 ERROR   WebSocket connection closed with code: 1006, reason:
2026-10-01T08:29:41+0000 mm-bot python[6123]: 2026-10-01 08:29:41 ERROR   Auto-reconnect disabled, terminating connection
2026-10-01T08:30:06+0000 mm-bot python[6123]: 2026-10-01 08:30:06 ERROR   WebSocket connection closed with code: 1006, reason:
2026-10-01T08:30:06+0000 mm-bot python[6123]: 2026-10-01 08:30:06 ERROR   Auto-reconnect disabled, terminating connection
2026-10-01T08:30:10+0000 mm-bot python[6123]: 2026-10-01 08:30:10 INFO    tournament is 'draft' (starts 2026-10-01T16:00:00.000Z) - 237/237 books ready - checking again in 60 s
2026-10-01T08:30:31+0000 mm-bot python[6123]: 2026-10-01 08:30:31 ERROR   WebSocket connection closed with code: 1006, reason:
2026-10-01T08:30:31+0000 mm-bot python[6123]: 2026-10-01 08:30:31 ERROR   Auto-reconnect disabled, terminating connection
2026-10-01T08:30:56+0000 mm-bot python[6123]: 2026-10-01 08:30:56 ERROR   WebSocket connection closed with code: 1006, reason:
2026-10-01T08:30:56+0000 mm-bot python[6123]: 2026-10-01 08:30:56 ERROR   Auto-reconnect disabled, terminating connection
2026-10-01T08:31:17+0000 mm-bot python[6123]: 2026-10-01 08:31:17 INFO    tournament is 'draft' (starts 2026-10-01T16:00:00.000Z) - 237/237 books ready - checking again in 60 s
2026-10-01T08:31:21+0000 mm-bot python[6123]: 2026-10-01 08:31:21 ERROR   WebSocket connection closed with code: 1006, reason:
2026-10-01T08:31:21+0000 mm-bot python[6123]: 2026-10-01 08:31:21 ERROR   Auto-reconnect disabled, terminating connection
2026-10-01T08:31:46+0000 mm-bot python[6123]: 2026-10-01 08:31:46 ERROR   WebSocket connection closed with code: 1006, reason:
2026-10-01T08:31:46+0000 mm-bot python[6123]: 2026-10-01 08:31:46 ERROR   Auto-reconnect disabled, terminating connection
2026-10-01T08:32:11+0000 mm-bot python[6123]: 2026-10-01 08:32:11 ERROR   WebSocket connection closed with code: 1006, reason:
2026-10-01T08:32:11+0000 mm-bot python[6123]: 2026-10-01 08:32:11 ERROR   Auto-reconnect disabled, terminating connection
2026-10-01T08:32:23+0000 mm-bot python[6123]: 2026-10-01 08:32:23 INFO    tournament is 'draft' (starts 2026-10-01T16:00:00.000Z) - 237/237 books ready - checking again in 60 s
2026-10-01T08:32:36+0000 mm-bot python[6123]: 2026-10-01 08:32:36 ERROR   WebSocket connection closed with code: 1006, reason:
2026-10-01T08:32:36+0000 mm-bot python[6123]: 2026-10-01 08:32:36 ERROR   Auto-reconnect disabled, terminating connection
2026-10-01T08:33:01+0000 mm-bot python[6123]: 2026-10-01 08:33:01 ERROR   WebSocket connection closed with code: 1006, reason:
2026-10-01T08:33:01+0000 mm-bot python[6123]: 2026-10-01 08:33:01 ERROR   Auto-reconnect disabled, terminating connection
2026-10-01T08:33:26+0000 mm-bot python[6123]: 2026-10-01 08:33:26 ERROR   WebSocket connection closed with code: 1006, reason:
2026-10-01T08:33:26+0000 mm-bot python[6123]: 2026-10-01 08:33:26 ERROR   Auto-reconnect disabled, terminating connection
2026-10-01T08:33:30+0000 mm-bot python[6123]: 2026-10-01 08:33:30 INFO    tournament is 'draft' (starts 2026-10-01T16:00:00.000Z) - 237/237 books ready - checking again in 60 s
2026-10-01T08:33:51+0000 mm-bot python[6123]: 2026-10-01 08:33:51 ERROR   WebSocket connection closed with code: 1006, reason:
2026-10-01T08:33:51+0000 mm-bot python[6123]: 2026-10-01 08:33:51 ERROR   Auto-reconnect disabled, terminating connection
2026-10-01T08:34:16+0000 mm-bot python[6123]: 2026-10-01 08:34:16 ERROR   WebSocket connection closed with code: 1006, reason:
2026-10-01T08:34:16+0000 mm-bot python[6123]: 2026-10-01 08:34:16 ERROR   Auto-reconnect disabled, terminating connection
2026-10-01T08:34:36+0000 mm-bot python[6123]: 2026-10-01 08:34:36 INFO    tournament is 'draft' (starts 2026-10-01T16:00:00.000Z) - 237/237 books ready - checking again in 60 s
2026-10-01T08:34:41+0000 mm-bot python[6123]: 2026-10-01 08:34:41 ERROR   WebSocket connection closed with code: 1006, reason:
2026-10-01T08:34:41+0000 mm-bot python[6123]: 2026-10-01 08:34:41 ERROR   Auto-reconnect disabled, terminating connection
2026-10-01T08:35:06+0000 mm-bot python[6123]: 2026-10-01 08:35:06 ERROR   WebSocket connection closed with code: 1006, reason:
2026-10-01T08:35:06+0000 mm-bot python[6123]: 2026-10-01 08:35:06 ERROR   Auto-reconnect disabled, terminating connection
2026-10-01T08:35:31+0000 mm-bot python[6123]: 2026-10-01 08:35:31 ERROR   WebSocket connection closed with code: 1006, reason:
2026-10-01T08:35:31+0000 mm-bot python[6123]: 2026-10-01 08:35:31 ERROR   Auto-reconnect disabled, terminating connection
2026-10-01T08:35:43+0000 mm-bot python[6123]: 2026-10-01 08:35:43 INFO    tournament is 'draft' (starts 2026-10-01T16:00:00.000Z) - 237/237 books ready - checking again in 60 s
2026-10-01T08:35:56+0000 mm-bot python[6123]: 2026-10-01 08:35:56 ERROR   WebSocket connection closed with code: 1006, reason:
2026-10-01T08:35:56+0000 mm-bot python[6123]: 2026-10-01 08:35:56 ERROR   Auto-reconnect disabled, terminating connection
2026-10-01T08:36:21+0000 mm-bot python[6123]: 2026-10-01 08:36:21 ERROR   WebSocket connection closed with code: 1006, reason:
2026-10-01T08:36:21+0000 mm-bot python[6123]: 2026-10-01 08:36:21 ERROR   Auto-reconnect disabled, terminating connection
2026-10-01T08:36:46+0000 mm-bot python[6123]: 2026-10-01 08:36:46 ERROR   WebSocket connection closed with code: 1006, reason:
2026-10-01T08:36:46+0000 mm-bot python[6123]: 2026-10-01 08:36:46 ERROR   Auto-reconnect disabled, terminating connection
2026-10-01T08:36:50+0000 mm-bot python[6123]: 2026-10-01 08:36:50 INFO    tournament is 'draft' (starts 2026-10-01T16:00:00.000Z) - 237/237 books ready - checking again in 60 s
2026-10-01T08:37:11+0000 mm-bot python[6123]: 2026-10-01 08:37:11 ERROR   WebSocket connection closed with code: 1006, reason:
2026-10-01T08:37:11+0000 mm-bot python[6123]: 2026-10-01 08:37:11 ERROR   Auto-reconnect disabled, terminating connection
2026-10-01T08:37:36+0000 mm-bot python[6123]: 2026-10-01 08:37:36 ERROR   WebSocket connection closed with code: 1006, reason:
2026-10-01T08:37:36+0000 mm-bot python[6123]: 2026-10-01 08:37:36 ERROR   Auto-reconnect disabled, terminating connection
2026-10-01T08:37:56+0000 mm-bot python[6123]: 2026-10-01 08:37:56 INFO    tournament is 'draft' (starts 2026-10-01T16:00:00.000Z) - 237/237 books ready - checking again in 60 s
2026-10-01T08:38:01+0000 mm-bot python[6123]: 2026-10-01 08:38:01 ERROR   WebSocket connection closed with code: 1006, reason:
2026-10-01T08:38:01+0000 mm-bot python[6123]: 2026-10-01 08:38:01 ERROR   Auto-reconnect disabled, terminating connection
2026-10-01T08:38:26+0000 mm-bot python[6123]: 2026-10-01 08:38:26 ERROR   WebSocket connection closed with code: 1006, reason:
2026-10-01T08:38:26+0000 mm-bot python[6123]: 2026-10-01 08:38:26 ERROR   Auto-reconnect disabled, terminating connection
2026-10-01T08:38:51+0000 mm-bot python[6123]: 2026-10-01 08:38:51 ERROR   WebSocket connection closed with code: 1006, reason:
2026-10-01T08:38:51+0000 mm-bot python[6123]: 2026-10-01 08:38:51 ERROR   Auto-reconnect disabled, terminating connection
2026-10-01T08:39:03+0000 mm-bot python[6123]: 2026-10-01 08:39:03 INFO    tournament is 'draft' (starts 2026-10-01T16:00:00.000Z) - 237/237 books ready - checking again in 60 s
2026-10-01T08:39:16+0000 mm-bot python[6123]: 2026-10-01 08:39:16 ERROR   WebSocket connection closed with code: 1006, reason:
2026-10-01T08:39:16+0000 mm-bot python[6123]: 2026-10-01 08:39:16 ERROR   Auto-reconnect disabled, terminating connection
2026-10-01T08:39:41+0000 mm-bot python[6123]: 2026-10-01 08:39:41 ERROR   WebSocket connection closed with code: 1006, reason:
2026-10-01T08:39:41+0000 mm-bot python[6123]: 2026-10-01 08:39:41 ERROR   Auto-reconnect disabled, terminating connection
2026-10-01T08:40:06+0000 mm-bot python[6123]: 2026-10-01 08:40:06 ERROR   WebSocket connection closed with code: 1006, reason:
2026-10-01T08:40:06+0000 mm-bot python[6123]: 2026-10-01 08:40:06 ERROR   Auto-reconnect disabled, terminating connection
2026-10-01T08:40:09+0000 mm-bot python[6123]: 2026-10-01 08:40:09 INFO    tournament is 'draft' (starts 2026-10-01T16:00:00.000Z) - 237/237 books ready - checking again in 60 s
2026-10-01T08:40:31+0000 mm-bot python[6123]: 2026-10-01 08:40:31 ERROR   WebSocket connection closed with code: 1006, reason:
2026-10-01T08:40:31+0000 mm-bot python[6123]: 2026-10-01 08:40:31 ERROR   Auto-reconnect disabled, terminating connection
2026-10-01T08:40:56+0000 mm-bot python[6123]: 2026-10-01 08:40:56 ERROR   WebSocket connection closed with code: 1006, reason:
2026-10-01T08:40:56+0000 mm-bot python[6123]: 2026-10-01 08:40:56 ERROR   Auto-reconnect disabled, terminating connection
2026-10-01T08:41:16+0000 mm-bot python[6123]: 2026-10-01 08:41:16 INFO    tournament is 'draft' (starts 2026-10-01T16:00:00.000Z) - 237/237 books ready - checking again in 60 s
2026-10-01T08:41:21+0000 mm-bot python[6123]: 2026-10-01 08:41:21 ERROR   WebSocket connection closed with code: 1006, reason:
2026-10-01T08:41:21+0000 mm-bot python[6123]: 2026-10-01 08:41:21 ERROR   Auto-reconnect disabled, terminating connection
2026-10-01T08:41:46+0000 mm-bot python[6123]: 2026-10-01 08:41:46 ERROR   WebSocket connection closed with code: 1006, reason:
2026-10-01T08:41:46+0000 mm-bot python[6123]: 2026-10-01 08:41:46 ERROR   Auto-reconnect disabled, terminating connection
2026-10-01T08:42:11+0000 mm-bot python[6123]: 2026-10-01 08:42:11 ERROR   WebSocket connection closed with code: 1006, reason:
2026-10-01T08:42:11+0000 mm-bot python[6123]: 2026-10-01 08:42:11 ERROR   Auto-reconnect disabled, terminating connection
2026-10-01T08:42:23+0000 mm-bot python[6123]: 2026-10-01 08:42:23 INFO    tournament is 'draft' (starts 2026-10-01T16:00:00.000Z) - 237/237 books ready - checking again in 60 s
2026-10-01T08:42:36+0000 mm-bot python[6123]: 2026-10-01 08:42:36 ERROR   WebSocket connection closed with code: 1006, reason:
2026-10-01T08:42:36+0000 mm-bot python[6123]: 2026-10-01 08:42:36 ERROR   Auto-reconnect disabled, terminating connection
2026-10-01T08:43:01+0000 mm-bot python[6123]: 2026-10-01 08:43:01 ERROR   WebSocket connection closed with code: 1006, reason:
2026-10-01T08:43:01+0000 mm-bot python[6123]: 2026-10-01 08:43:01 ERROR   Auto-reconnect disabled, terminating connection
2026-10-01T08:43:26+0000 mm-bot python[6123]: 2026-10-01 08:43:26 ERROR   WebSocket connection closed with code: 1006, reason:
2026-10-01T08:43:26+0000 mm-bot python[6123]: 2026-10-01 08:43:26 ERROR   Auto-reconnect disabled, terminating connection
2026-10-01T08:43:29+0000 mm-bot python[6123]: 2026-10-01 08:43:29 INFO    tournament is 'draft' (starts 2026-10-01T16:00:00.000Z) - 237/237 books ready - checking again in 60 s
2026-10-01T08:43:51+0000 mm-bot python[6123]: 2026-10-01 08:43:51 ERROR   WebSocket connection closed with code: 1006, reason:
2026-10-01T08:43:51+0000 mm-bot python[6123]: 2026-10-01 08:43:51 ERROR   Auto-reconnect disabled, terminating connection
2026-10-01T08:44:16+0000 mm-bot python[6123]: 2026-10-01 08:44:16 ERROR   WebSocket connection closed with code: 1006, reason:
2026-10-01T08:44:16+0000 mm-bot python[6123]: 2026-10-01 08:44:16 ERROR   Auto-reconnect disabled, terminating connection
2026-10-01T08:44:36+0000 mm-bot python[6123]: 2026-10-01 08:44:36 INFO    tournament is 'draft' (starts 2026-10-01T16:00:00.000Z) - 237/237 books ready - checking again in 60 s
2026-10-01T08:44:41+0000 mm-bot python[6123]: 2026-10-01 08:44:41 ERROR   WebSocket connection closed with code: 1006, reason:
2026-10-01T08:44:41+0000 mm-bot python[6123]: 2026-10-01 08:44:41 ERROR   Auto-reconnect disabled, terminating connection
2026-10-01T08:45:06+0000 mm-bot python[6123]: 2026-10-01 08:45:06 ERROR   WebSocket connection closed with code: 1006, reason:
2026-10-01T08:45:06+0000 mm-bot python[6123]: 2026-10-01 08:45:06 ERROR   Auto-reconnect disabled, terminating connection
2026-10-01T08:45:31+0000 mm-bot python[6123]: 2026-10-01 08:45:31 ERROR   WebSocket connection closed with code: 1006, reason:
2026-10-01T08:45:31+0000 mm-bot python[6123]: 2026-10-01 08:45:31 ERROR   Auto-reconnect disabled, terminating connection
2026-10-01T08:45:42+0000 mm-bot python[6123]: 2026-10-01 08:45:42 INFO    tournament is 'draft' (starts 2026-10-01T16:00:00.000Z) - 237/237 books ready - checking again in 60 s
2026-10-01T08:45:56+0000 mm-bot python[6123]: 2026-10-01 08:45:56 ERROR   WebSocket connection closed with code: 1006, reason:
2026-10-01T08:45:56+0000 mm-bot python[6123]: 2026-10-01 08:45:56 ERROR   Auto-reconnect disabled, terminating connection
2026-10-01T08:46:21+0000 mm-bot python[6123]: 2026-10-01 08:46:21 ERROR   WebSocket connection closed with code: 1006, reason:
2026-10-01T08:46:21+0000 mm-bot python[6123]: 2026-10-01 08:46:21 ERROR   Auto-reconnect disabled, terminating connection
2026-10-01T08:46:46+0000 mm-bot python[6123]: 2026-10-01 08:46:46 ERROR   WebSocket connection closed with code: 1006, reason:
2026-10-01T08:46:46+0000 mm-bot python[6123]: 2026-10-01 08:46:46 ERROR   Auto-reconnect disabled, terminating connection
2026-10-01T08:46:49+0000 mm-bot python[6123]: 2026-10-01 08:46:49 INFO    tournament is 'draft' (starts 2026-10-01T16:00:00.000Z) - 237/237 books ready - checking again in 60 s
2026-10-01T08:47:11+0000 mm-bot python[6123]: 2026-10-01 08:47:11 ERROR   WebSocket connection closed with code: 1006, reason:
2026-10-01T08:47:11+0000 mm-bot python[6123]: 2026-10-01 08:47:11 ERROR   Auto-reconnect disabled, terminating connection
2026-10-01T08:47:36+0000 mm-bot python[6123]: 2026-10-01 08:47:36 ERROR   WebSocket connection closed with code: 1006, reason:
2026-10-01T08:47:36+0000 mm-bot python[6123]: 2026-10-01 08:47:36 ERROR   Auto-reconnect disabled, terminating connection
2026-10-01T08:47:56+0000 mm-bot python[6123]: 2026-10-01 08:47:56 INFO    tournament is 'draft' (starts 2026-10-01T16:00:00.000Z) - 237/237 books ready - checking again in 60 s
2026-10-01T08:48:01+0000 mm-bot python[6123]: 2026-10-01 08:48:01 ERROR   WebSocket connection closed with code: 1006, reason:
2026-10-01T08:48:01+0000 mm-bot python[6123]: 2026-10-01 08:48:01 ERROR   Auto-reconnect disabled, terminating connection
2026-10-01T08:48:26+0000 mm-bot python[6123]: 2026-10-01 08:48:26 ERROR   WebSocket connection closed with code: 1006, reason:
2026-10-01T08:48:26+0000 mm-bot python[6123]: 2026-10-01 08:48:26 ERROR   Auto-reconnect disabled, terminating connection
2026-10-01T08:48:51+0000 mm-bot python[6123]: 2026-10-01 08:48:51 ERROR   WebSocket connection closed with code: 1006, reason:
2026-10-01T08:48:51+0000 mm-bot python[6123]: 2026-10-01 08:48:51 ERROR   Auto-reconnect disabled, terminating connection
2026-10-01T08:49:02+0000 mm-bot python[6123]: 2026-10-01 08:49:02 INFO    tournament is 'draft' (starts 2026-10-01T16:00:00.000Z) - 237/237 books ready - checking again in 60 s
2026-10-01T08:49:16+0000 mm-bot python[6123]: 2026-10-01 08:49:16 ERROR   WebSocket connection closed with code: 1006, reason:
2026-10-01T08:49:16+0000 mm-bot python[6123]: 2026-10-01 08:49:16 ERROR   Auto-reconnect disabled, terminating connection
2026-10-01T08:49:41+0000 mm-bot python[6123]: 2026-10-01 08:49:41 ERROR   WebSocket connection closed with code: 1006, reason:
2026-10-01T08:49:41+0000 mm-bot python[6123]: 2026-10-01 08:49:41 ERROR   Auto-reconnect disabled, terminating connection
2026-10-01T08:50:06+0000 mm-bot python[6123]: 2026-10-01 08:50:06 ERROR   WebSocket connection closed with code: 1006, reason:
2026-10-01T08:50:06+0000 mm-bot python[6123]: 2026-10-01 08:50:06 ERROR   Auto-reconnect disabled, terminating connection
2026-10-01T08:50:09+0000 mm-bot python[6123]: 2026-10-01 08:50:09 INFO    tournament is 'draft' (starts 2026-10-01T16:00:00.000Z) - 237/237 books ready - checking again in 60 s
2026-10-01T08:50:31+0000 mm-bot python[6123]: 2026-10-01 08:50:31 ERROR   WebSocket connection closed with code: 1006, reason:
2026-10-01T08:50:31+0000 mm-bot python[6123]: 2026-10-01 08:50:31 ERROR   Auto-reconnect disabled, terminating connection
2026-10-01T08:50:56+0000 mm-bot python[6123]: 2026-10-01 08:50:56 ERROR   WebSocket connection closed with code: 1006, reason:
2026-10-01T08:50:56+0000 mm-bot python[6123]: 2026-10-01 08:50:56 ERROR   Auto-reconnect disabled, terminating connection
2026-10-01T08:51:15+0000 mm-bot python[6123]: 2026-10-01 08:51:15 INFO    tournament is 'draft' (starts 2026-10-01T16:00:00.000Z) - 237/237 books ready - checking again in 60 s
2026-10-01T08:51:21+0000 mm-bot python[6123]: 2026-10-01 08:51:21 ERROR   WebSocket connection closed with code: 1006, reason:
2026-10-01T08:51:21+0000 mm-bot python[6123]: 2026-10-01 08:51:21 ERROR   Auto-reconnect disabled, terminating connection
2026-10-01T08:51:46+0000 mm-bot python[6123]: 2026-10-01 08:51:46 ERROR   WebSocket connection closed with code: 1006, reason:
2026-10-01T08:51:46+0000 mm-bot python[6123]: 2026-10-01 08:51:46 ERROR   Auto-reconnect disabled, terminating connection
2026-10-01T08:52:11+0000 mm-bot python[6123]: 2026-10-01 08:52:11 ERROR   WebSocket connection closed with code: 1006, reason:
2026-10-01T08:52:11+0000 mm-bot python[6123]: 2026-10-01 08:52:11 ERROR   Auto-reconnect disabled, terminating connection
2026-10-01T08:52:22+0000 mm-bot python[6123]: 2026-10-01 08:52:22 INFO    tournament is 'draft' (starts 2026-10-01T16:00:00.000Z) - 237/237 books ready - checking again in 60 s
2026-10-01T08:52:36+0000 mm-bot python[6123]: 2026-10-01 08:52:36 ERROR   WebSocket connection closed with code: 1006, reason:
2026-10-01T08:52:36+0000 mm-bot python[6123]: 2026-10-01 08:52:36 ERROR   Auto-reconnect disabled, terminating connection
2026-10-01T08:53:01+0000 mm-bot python[6123]: 2026-10-01 08:53:01 ERROR   WebSocket connection closed with code: 1006, reason:
2026-10-01T08:53:01+0000 mm-bot python[6123]: 2026-10-01 08:53:01 ERROR   Auto-reconnect disabled, terminating connection
2026-10-01T08:53:26+0000 mm-bot python[6123]: 2026-10-01 08:53:26 ERROR   WebSocket connection closed with code: 1006, reason:
2026-10-01T08:53:26+0000 mm-bot python[6123]: 2026-10-01 08:53:26 ERROR   Auto-reconnect disabled, terminating connection
2026-10-01T08:53:29+0000 mm-bot python[6123]: 2026-10-01 08:53:29 INFO    tournament is 'draft' (starts 2026-10-01T16:00:00.000Z) - 237/237 books ready - checking again in 60 s
2026-10-01T08:53:51+0000 mm-bot python[6123]: 2026-10-01 08:53:51 ERROR   WebSocket connection closed with code: 1006, reason:
2026-10-01T08:53:51+0000 mm-bot python[6123]: 2026-10-01 08:53:51 ERROR   Auto-reconnect disabled, terminating connection
2026-10-01T08:54:16+0000 mm-bot python[6123]: 2026-10-01 08:54:16 ERROR   WebSocket connection closed with code: 1006, reason:
2026-10-01T08:54:16+0000 mm-bot python[6123]: 2026-10-01 08:54:16 ERROR   Auto-reconnect disabled, terminating connection
2026-10-01T08:54:35+0000 mm-bot python[6123]: 2026-10-01 08:54:35 INFO    tournament is 'draft' (starts 2026-10-01T16:00:00.000Z) - 237/237 books ready - checking again in 60 s
2026-10-01T08:54:41+0000 mm-bot python[6123]: 2026-10-01 08:54:41 ERROR   WebSocket connection closed with code: 1006, reason:
2026-10-01T08:54:41+0000 mm-bot python[6123]: 2026-10-01 08:54:41 ERROR   Auto-reconnect disabled, terminating connection
2026-10-01T08:55:06+0000 mm-bot python[6123]: 2026-10-01 08:55:06 ERROR   WebSocket connection closed with code: 1006, reason:
2026-10-01T08:55:06+0000 mm-bot python[6123]: 2026-10-01 08:55:06 ERROR   Auto-reconnect disabled, terminating connection
2026-10-01T08:55:31+0000 mm-bot python[6123]: 2026-10-01 08:55:31 ERROR   WebSocket connection closed with code: 1006, reason:
2026-10-01T08:55:31+0000 mm-bot python[6123]: 2026-10-01 08:55:31 ERROR   Auto-reconnect disabled, terminating connection
2026-10-01T08:55:42+0000 mm-bot python[6123]: 2026-10-01 08:55:42 INFO    tournament is 'draft' (starts 2026-10-01T16:00:00.000Z) - 237/237 books ready - checking again in 60 s
2026-10-01T08:55:56+0000 mm-bot python[6123]: 2026-10-01 08:55:56 ERROR   WebSocket connection closed with code: 1006, reason:
2026-10-01T08:55:56+0000 mm-bot python[6123]: 2026-10-01 08:55:56 ERROR   Auto-reconnect disabled, terminating connection
2026-10-01T08:56:21+0000 mm-bot python[6123]: 2026-10-01 08:56:21 ERROR   WebSocket connection closed with code: 1006, reason:
2026-10-01T08:56:21+0000 mm-bot python[6123]: 2026-10-01 08:56:21 ERROR   Auto-reconnect disabled, terminating connection
2026-10-01T08:56:46+0000 mm-bot python[6123]: 2026-10-01 08:56:46 ERROR   WebSocket connection closed with code: 1006, reason:
2026-10-01T08:56:46+0000 mm-bot python[6123]: 2026-10-01 08:56:46 ERROR   Auto-reconnect disabled, terminating connection
2026-10-01T08:56:48+0000 mm-bot python[6123]: 2026-10-01 08:56:48 INFO    tournament is 'draft' (starts 2026-10-01T16:00:00.000Z) - 237/237 books ready - checking again in 60 s
2026-10-01T08:57:11+0000 mm-bot python[6123]: 2026-10-01 08:57:11 ERROR   WebSocket connection closed with code: 1006, reason:
2026-10-01T08:57:11+0000 mm-bot python[6123]: 2026-10-01 08:57:11 ERROR   Auto-reconnect disabled, terminating connection
2026-10-01T08:57:36+0000 mm-bot python[6123]: 2026-10-01 08:57:36 ERROR   WebSocket connection closed with code: 1006, reason:
2026-10-01T08:57:36+0000 mm-bot python[6123]: 2026-10-01 08:57:36 ERROR   Auto-reconnect disabled, terminating connection
2026-10-01T08:57:55+0000 mm-bot python[6123]: 2026-10-01 08:57:55 INFO    tournament is 'draft' (starts 2026-10-01T16:00:00.000Z) - 237/237 books ready - checking again in 60 s
2026-10-01T08:58:01+0000 mm-bot python[6123]: 2026-10-01 08:58:01 ERROR   WebSocket connection closed with code: 1006, reason:
2026-10-01T08:58:01+0000 mm-bot python[6123]: 2026-10-01 08:58:01 ERROR   Auto-reconnect disabled, terminating connection
2026-10-01T08:58:26+0000 mm-bot python[6123]: 2026-10-01 08:58:26 ERROR   WebSocket connection closed with code: 1006, reason:
2026-10-01T08:58:26+0000 mm-bot python[6123]: 2026-10-01 08:58:26 ERROR   Auto-reconnect disabled, terminating connection
2026-10-01T08:58:51+0000 mm-bot python[6123]: 2026-10-01 08:58:51 ERROR   WebSocket connection closed with code: 1006, reason:
2026-10-01T08:58:51+0000 mm-bot python[6123]: 2026-10-01 08:58:51 ERROR   Auto-reconnect disabled, terminating connection
2026-10-01T08:59:02+0000 mm-bot python[6123]: 2026-10-01 08:59:02 INFO    tournament is 'draft' (starts 2026-10-01T16:00:00.000Z) - 237/237 books ready - checking again in 60 s
2026-10-01T08:59:16+0000 mm-bot python[6123]: 2026-10-01 08:59:16 ERROR   WebSocket connection closed with code: 1006, reason:
2026-10-01T08:59:16+0000 mm-bot python[6123]: 2026-10-01 08:59:16 ERROR   Auto-reconnect disabled, terminating connection
2026-10-01T08:59:41+0000 mm-bot python[6123]: 2026-10-01 08:59:41 ERROR   WebSocket connection closed with code: 1006, reason:
2026-10-01T08:59:41+0000 mm-bot python[6123]: 2026-10-01 08:59:41 ERROR   Auto-reconnect disabled, terminating connection
2026-10-01T09:00:06+0000 mm-bot python[6123]: 2026-10-01 09:00:06 ERROR   WebSocket connection closed with code: 1006, reason:
2026-10-01T09:00:06+0000 mm-bot python[6123]: 2026-10-01 09:00:06 ERROR   Auto-reconnect disabled, terminating connection
2026-10-01T09:00:08+0000 mm-bot python[6123]: 2026-10-01 09:00:08 INFO    tournament is 'draft' (starts 2026-10-01T16:00:00.000Z) - 237/237 books ready - checking again in 60 s
2026-10-01T09:00:31+0000 mm-bot python[6123]: 2026-10-01 09:00:31 ERROR   WebSocket connection closed with code: 1006, reason:
2026-10-01T09:00:31+0000 mm-bot python[6123]: 2026-10-01 09:00:31 ERROR   Auto-reconnect disabled, terminating connection
2026-10-01T09:00:56+0000 mm-bot python[6123]: 2026-10-01 09:00:56 ERROR   WebSocket connection closed with code: 1006, reason:
2026-10-01T09:00:56+0000 mm-bot python[6123]: 2026-10-01 09:00:56 ERROR   Auto-reconnect disabled, terminating connection
2026-10-01T09:01:15+0000 mm-bot python[6123]: 2026-10-01 09:01:15 INFO    tournament is 'draft' (starts 2026-10-01T16:00:00.000Z) - 237/237 books ready - checking again in 60 s
2026-10-01T09:01:21+0000 mm-bot python[6123]: 2026-10-01 09:01:21 ERROR   WebSocket connection closed with code: 1006, reason:
2026-10-01T09:01:21+0000 mm-bot python[6123]: 2026-10-01 09:01:21 ERROR   Auto-reconnect disabled, terminating connection
2026-10-01T09:01:46+0000 mm-bot python[6123]: 2026-10-01 09:01:46 ERROR   WebSocket connection closed with code: 1006, reason:
2026-10-01T09:01:46+0000 mm-bot python[6123]: 2026-10-01 09:01:46 ERROR   Auto-reconnect disabled, terminating connection
2026-10-01T09:02:11+0000 mm-bot python[6123]: 2026-10-01 09:02:11 ERROR   WebSocket connection closed with code: 1006, reason:
2026-10-01T09:02:11+0000 mm-bot python[6123]: 2026-10-01 09:02:11 ERROR   Auto-reconnect disabled, terminating connection
2026-10-01T09:02:21+0000 mm-bot python[6123]: 2026-10-01 09:02:21 INFO    tournament is 'draft' (starts 2026-10-01T16:00:00.000Z) - 237/237 books ready - checking again in 60 s
2026-10-01T09:02:36+0000 mm-bot python[6123]: 2026-10-01 09:02:36 ERROR   WebSocket connection closed with code: 1006, reason:
2026-10-01T09:02:36+0000 mm-bot python[6123]: 2026-10-01 09:02:36 ERROR   Auto-reconnect disabled, terminating connection
2026-10-01T09:03:01+0000 mm-bot python[6123]: 2026-10-01 09:03:01 ERROR   WebSocket connection closed with code: 1006, reason:
2026-10-01T09:03:01+0000 mm-bot python[6123]: 2026-10-01 09:03:01 ERROR   Auto-reconnect disabled, terminating connection
2026-10-01T09:03:26+0000 mm-bot python[6123]: 2026-10-01 09:03:26 ERROR   WebSocket connection closed with code: 1006, reason:
2026-10-01T09:03:26+0000 mm-bot python[6123]: 2026-10-01 09:03:26 ERROR   Auto-reconnect disabled, terminating connection
2026-10-01T09:03:28+0000 mm-bot python[6123]: 2026-10-01 09:03:28 INFO    tournament is 'draft' (starts 2026-10-01T16:00:00.000Z) - 237/237 books ready - checking again in 60 s
2026-10-01T09:03:51+0000 mm-bot python[6123]: 2026-10-01 09:03:51 ERROR   WebSocket connection closed with code: 1006, reason:
2026-10-01T09:03:51+0000 mm-bot python[6123]: 2026-10-01 09:03:51 ERROR   Auto-reconnect disabled, terminating connection
2026-10-01T09:04:16+0000 mm-bot python[6123]: 2026-10-01 09:04:16 ERROR   WebSocket connection closed with code: 1006, reason:
2026-10-01T09:04:16+0000 mm-bot python[6123]: 2026-10-01 09:04:16 ERROR   Auto-reconnect disabled, terminating connection
2026-10-01T09:04:35+0000 mm-bot python[6123]: 2026-10-01 09:04:35 INFO    tournament is 'draft' (starts 2026-10-01T16:00:00.000Z) - 237/237 books ready - checking again in 60 s
2026-10-01T09:04:41+0000 mm-bot python[6123]: 2026-10-01 09:04:41 ERROR   WebSocket connection closed with code: 1006, reason:
2026-10-01T09:04:41+0000 mm-bot python[6123]: 2026-10-01 09:04:41 ERROR   Auto-reconnect disabled, terminating connection
2026-10-01T09:05:06+0000 mm-bot python[6123]: 2026-10-01 09:05:06 ERROR   WebSocket connection closed with code: 1006, reason:
2026-10-01T09:05:06+0000 mm-bot python[6123]: 2026-10-01 09:05:06 ERROR   Auto-reconnect disabled, terminating connection
2026-10-01T09:05:31+0000 mm-bot python[6123]: 2026-10-01 09:05:31 ERROR   WebSocket connection closed with code: 1006, reason:
2026-10-01T09:05:31+0000 mm-bot python[6123]: 2026-10-01 09:05:31 ERROR   Auto-reconnect disabled, terminating connection
2026-10-01T09:05:41+0000 mm-bot python[6123]: 2026-10-01 09:05:41 INFO    tournament is 'draft' (starts 2026-10-01T16:00:00.000Z) - 237/237 books ready - checking again in 60 s
2026-10-01T09:05:56+0000 mm-bot python[6123]: 2026-10-01 09:05:56 ERROR   WebSocket connection closed with code: 1006, reason:
2026-10-01T09:05:56+0000 mm-bot python[6123]: 2026-10-01 09:05:56 ERROR   Auto-reconnect disabled, terminating connection
2026-10-01T09:06:21+0000 mm-bot python[6123]: 2026-10-01 09:06:21 ERROR   WebSocket connection closed with code: 1006, reason:
2026-10-01T09:06:21+0000 mm-bot python[6123]: 2026-10-01 09:06:21 ERROR   Auto-reconnect disabled, terminating connection
2026-10-01T09:06:46+0000 mm-bot python[6123]: 2026-10-01 09:06:46 ERROR   WebSocket connection closed with code: 1006, reason:
2026-10-01T09:06:46+0000 mm-bot python[6123]: 2026-10-01 09:06:46 ERROR   Auto-reconnect disabled, terminating connection
2026-10-01T09:06:48+0000 mm-bot python[6123]: 2026-10-01 09:06:48 INFO    tournament is 'draft' (starts 2026-10-01T16:00:00.000Z) - 237/237 books ready - checking again in 60 s
2026-10-01T09:07:11+0000 mm-bot python[6123]: 2026-10-01 09:07:11 ERROR   WebSocket connection closed with code: 1006, reason:
2026-10-01T09:07:11+0000 mm-bot python[6123]: 2026-10-01 09:07:11 ERROR   Auto-reconnect disabled, terminating connection
2026-10-01T09:07:36+0000 mm-bot python[6123]: 2026-10-01 09:07:36 ERROR   WebSocket connection closed with code: 1006, reason:
2026-10-01T09:07:36+0000 mm-bot python[6123]: 2026-10-01 09:07:36 ERROR   Auto-reconnect disabled, terminating connection
2026-10-01T09:07:54+0000 mm-bot python[6123]: 2026-10-01 09:07:54 INFO    tournament is 'draft' (starts 2026-10-01T16:00:00.000Z) - 237/237 books ready - checking again in 60 s
2026-10-01T09:08:01+0000 mm-bot python[6123]: 2026-10-01 09:08:01 ERROR   WebSocket connection closed with code: 1006, reason:
2026-10-01T09:08:01+0000 mm-bot python[6123]: 2026-10-01 09:08:01 ERROR   Auto-reconnect disabled, terminating connection
2026-10-01T09:08:26+0000 mm-bot python[6123]: 2026-10-01 09:08:26 ERROR   WebSocket connection closed with code: 1006, reason:
2026-10-01T09:08:26+0000 mm-bot python[6123]: 2026-10-01 09:08:26 ERROR   Auto-reconnect disabled, terminating connection
2026-10-01T09:08:51+0000 mm-bot python[6123]: 2026-10-01 09:08:51 ERROR   WebSocket connection closed with code: 1006, reason:
2026-10-01T09:08:51+0000 mm-bot python[6123]: 2026-10-01 09:08:51 ERROR   Auto-reconnect disabled, terminating connection
2026-10-01T09:09:01+0000 mm-bot python[6123]: 2026-10-01 09:09:01 INFO    tournament is 'draft' (starts 2026-10-01T16:00:00.000Z) - 237/237 books ready - checking again in 60 s
2026-10-01T09:09:16+0000 mm-bot python[6123]: 2026-10-01 09:09:16 ERROR   WebSocket connection closed with code: 1006, reason:
2026-10-01T09:09:16+0000 mm-bot python[6123]: 2026-10-01 09:09:16 ERROR   Auto-reconnect disabled, terminating connection
2026-10-01T09:09:41+0000 mm-bot python[6123]: 2026-10-01 09:09:41 ERROR   WebSocket connection closed with code: 1006, reason:
2026-10-01T09:09:41+0000 mm-bot python[6123]: 2026-10-01 09:09:41 ERROR   Auto-reconnect disabled, terminating connection
2026-10-01T09:10:06+0000 mm-bot python[6123]: 2026-10-01 09:10:06 ERROR   WebSocket connection closed with code: 1006, reason:
2026-10-01T09:10:06+0000 mm-bot python[6123]: 2026-10-01 09:10:06 ERROR   Auto-reconnect disabled, terminating connection
2026-10-01T09:10:08+0000 mm-bot python[6123]: 2026-10-01 09:10:08 INFO    tournament is 'draft' (starts 2026-10-01T16:00:00.000Z) - 237/237 books ready - checking again in 60 s
2026-10-01T09:10:31+0000 mm-bot python[6123]: 2026-10-01 09:10:31 ERROR   WebSocket connection closed with code: 1006, reason:
2026-10-01T09:10:31+0000 mm-bot python[6123]: 2026-10-01 09:10:31 ERROR   Auto-reconnect disabled, terminating connection
2026-10-01T09:10:56+0000 mm-bot python[6123]: 2026-10-01 09:10:56 ERROR   WebSocket connection closed with code: 1006, reason:
2026-10-01T09:10:56+0000 mm-bot python[6123]: 2026-10-01 09:10:56 ERROR   Auto-reconnect disabled, terminating connection
2026-10-01T09:11:14+0000 mm-bot python[6123]: 2026-10-01 09:11:14 INFO    tournament is 'draft' (starts 2026-10-01T16:00:00.000Z) - 237/237 books ready - checking again in 60 s
2026-10-01T09:11:21+0000 mm-bot python[6123]: 2026-10-01 09:11:21 ERROR   WebSocket connection closed with code: 1006, reason:
2026-10-01T09:11:21+0000 mm-bot python[6123]: 2026-10-01 09:11:21 ERROR   Auto-reconnect disabled, terminating connection
2026-10-01T09:11:46+0000 mm-bot python[6123]: 2026-10-01 09:11:46 ERROR   WebSocket connection closed with code: 1006, reason:
2026-10-01T09:11:46+0000 mm-bot python[6123]: 2026-10-01 09:11:46 ERROR   Auto-reconnect disabled, terminating connection
2026-10-01T09:12:11+0000 mm-bot python[6123]: 2026-10-01 09:12:11 ERROR   WebSocket connection closed with code: 1006, reason:
2026-10-01T09:12:11+0000 mm-bot python[6123]: 2026-10-01 09:12:11 ERROR   Auto-reconnect disabled, terminating connection
2026-10-01T09:12:21+0000 mm-bot python[6123]: 2026-10-01 09:12:21 INFO    tournament is 'draft' (starts 2026-10-01T16:00:00.000Z) - 237/237 books ready - checking again in 60 s
2026-10-01T09:12:36+0000 mm-bot python[6123]: 2026-10-01 09:12:36 ERROR   WebSocket connection closed with code: 1006, reason:
2026-10-01T09:12:36+0000 mm-bot python[6123]: 2026-10-01 09:12:36 ERROR   Auto-reconnect disabled, terminating connection
2026-10-01T09:13:01+0000 mm-bot python[6123]: 2026-10-01 09:13:01 ERROR   WebSocket connection closed with code: 1006, reason:
2026-10-01T09:13:01+0000 mm-bot python[6123]: 2026-10-01 09:13:01 ERROR   Auto-reconnect disabled, terminating connection
2026-10-01T09:13:26+0000 mm-bot python[6123]: 2026-10-01 09:13:26 ERROR   WebSocket connection closed with code: 1006, reason:
2026-10-01T09:13:26+0000 mm-bot python[6123]: 2026-10-01 09:13:26 ERROR   Auto-reconnect disabled, terminating connection
2026-10-01T09:13:27+0000 mm-bot python[6123]: 2026-10-01 09:13:27 INFO    tournament is 'draft' (starts 2026-10-01T16:00:00.000Z) - 237/237 books ready - checking again in 60 s
2026-10-01T09:13:51+0000 mm-bot python[6123]: 2026-10-01 09:13:51 ERROR   WebSocket connection closed with code: 1006, reason:
2026-10-01T09:13:51+0000 mm-bot python[6123]: 2026-10-01 09:13:51 ERROR   Auto-reconnect disabled, terminating connection
2026-10-01T09:14:16+0000 mm-bot python[6123]: 2026-10-01 09:14:16 ERROR   WebSocket connection closed with code: 1006, reason:
2026-10-01T09:14:16+0000 mm-bot python[6123]: 2026-10-01 09:14:16 ERROR   Auto-reconnect disabled, terminating connection
2026-10-01T09:14:34+0000 mm-bot python[6123]: 2026-10-01 09:14:34 INFO    tournament is 'draft' (starts 2026-10-01T16:00:00.000Z) - 237/237 books ready - checking again in 60 s
2026-10-01T09:14:41+0000 mm-bot python[6123]: 2026-10-01 09:14:41 ERROR   WebSocket connection closed with code: 1006, reason:
2026-10-01T09:14:41+0000 mm-bot python[6123]: 2026-10-01 09:14:41 ERROR   Auto-reconnect disabled, terminating connection
2026-10-01T09:15:06+0000 mm-bot python[6123]: 2026-10-01 09:15:06 ERROR   WebSocket connection closed with code: 1006, reason:
2026-10-01T09:15:06+0000 mm-bot python[6123]: 2026-10-01 09:15:06 ERROR   Auto-reconnect disabled, terminating connection
2026-10-01T09:15:30+0000 mm-bot python[6123]: 2026-10-01 09:15:30 ERROR   WebSocket connection closed with code: 1006, reason:
2026-10-01T09:15:30+0000 mm-bot python[6123]: 2026-10-01 09:15:30 ERROR   Auto-reconnect disabled, terminating connection
2026-10-01T09:15:30+0000 mm-bot python[6123]: 2026-10-01 09:15:30 ERROR   WebSocket connection closed with code: 1006, reason:
2026-10-01T09:15:30+0000 mm-bot python[6123]: 2026-10-01 09:15:30 ERROR   Auto-reconnect disabled, terminating connection
2026-10-01T09:15:30+0000 mm-bot python[6123]: 2026-10-01 09:15:30 INFO    realtime: login token refreshed - full resync next cycle
2026-10-01T09:15:31+0000 mm-bot python[6123]: 2026-10-01 09:15:31 ERROR   WebSocket connection closed with code: 1006, reason:
2026-10-01T09:15:31+0000 mm-bot python[6123]: 2026-10-01 09:15:31 ERROR   Auto-reconnect disabled, terminating connection
2026-10-01T09:15:41+0000 mm-bot python[6123]: 2026-10-01 09:15:41 INFO    tournament is 'draft' (starts 2026-10-01T16:00:00.000Z) - 237/237 books ready - checking again in 60 s
2026-10-01T09:15:56+0000 mm-bot python[6123]: 2026-10-01 09:15:56 ERROR   WebSocket connection closed with code: 1006, reason:
2026-10-01T09:15:56+0000 mm-bot python[6123]: 2026-10-01 09:15:56 ERROR   Auto-reconnect disabled, terminating connection
2026-10-01T09:16:21+0000 mm-bot python[6123]: 2026-10-01 09:16:21 ERROR   WebSocket connection closed with code: 1006, reason:
2026-10-01T09:16:21+0000 mm-bot python[6123]: 2026-10-01 09:16:21 ERROR   Auto-reconnect disabled, terminating connection
2026-10-01T09:16:46+0000 mm-bot python[6123]: 2026-10-01 09:16:46 ERROR   WebSocket connection closed with code: 1006, reason:
2026-10-01T09:16:46+0000 mm-bot python[6123]: 2026-10-01 09:16:46 ERROR   Auto-reconnect disabled, terminating connection
2026-10-01T09:16:47+0000 mm-bot python[6123]: 2026-10-01 09:16:47 INFO    tournament is 'draft' (starts 2026-10-01T16:00:00.000Z) - 237/237 books ready - checking again in 60 s
2026-10-01T09:17:11+0000 mm-bot python[6123]: 2026-10-01 09:17:11 ERROR   WebSocket connection closed with code: 1006, reason:
2026-10-01T09:17:11+0000 mm-bot python[6123]: 2026-10-01 09:17:11 ERROR   Auto-reconnect disabled, terminating connection
2026-10-01T09:17:36+0000 mm-bot python[6123]: 2026-10-01 09:17:36 ERROR   WebSocket connection closed with code: 1006, reason:
2026-10-01T09:17:36+0000 mm-bot python[6123]: 2026-10-01 09:17:36 ERROR   Auto-reconnect disabled, terminating connection
2026-10-01T09:17:54+0000 mm-bot python[6123]: 2026-10-01 09:17:54 INFO    tournament is 'draft' (starts 2026-10-01T16:00:00.000Z) - 237/237 books ready - checking again in 60 s
2026-10-01T09:18:01+0000 mm-bot python[6123]: 2026-10-01 09:18:01 ERROR   WebSocket connection closed with code: 1006, reason:
2026-10-01T09:18:01+0000 mm-bot python[6123]: 2026-10-01 09:18:01 ERROR   Auto-reconnect disabled, terminating connection
2026-10-01T09:18:26+0000 mm-bot python[6123]: 2026-10-01 09:18:26 ERROR   WebSocket connection closed with code: 1006, reason:
2026-10-01T09:18:26+0000 mm-bot python[6123]: 2026-10-01 09:18:26 ERROR   Auto-reconnect disabled, terminating connection
2026-10-01T09:18:51+0000 mm-bot python[6123]: 2026-10-01 09:18:51 ERROR   WebSocket connection closed with code: 1006, reason:
2026-10-01T09:18:51+0000 mm-bot python[6123]: 2026-10-01 09:18:51 ERROR   Auto-reconnect disabled, terminating connection
2026-10-01T09:19:00+0000 mm-bot python[6123]: 2026-10-01 09:19:00 INFO    tournament is 'draft' (starts 2026-10-01T16:00:00.000Z) - 237/237 books ready - checking again in 60 s
2026-10-01T09:19:16+0000 mm-bot python[6123]: 2026-10-01 09:19:16 ERROR   WebSocket connection closed with code: 1006, reason:
2026-10-01T09:19:16+0000 mm-bot python[6123]: 2026-10-01 09:19:16 ERROR   Auto-reconnect disabled, terminating connection
2026-10-01T09:19:41+0000 mm-bot python[6123]: 2026-10-01 09:19:41 ERROR   WebSocket connection closed with code: 1006, reason:
2026-10-01T09:19:41+0000 mm-bot python[6123]: 2026-10-01 09:19:41 ERROR   Auto-reconnect disabled, terminating connection
2026-10-01T09:20:06+0000 mm-bot python[6123]: 2026-10-01 09:20:06 ERROR   WebSocket connection closed with code: 1006, reason:
2026-10-01T09:20:06+0000 mm-bot python[6123]: 2026-10-01 09:20:06 ERROR   Auto-reconnect disabled, terminating connection
2026-10-01T09:20:07+0000 mm-bot python[6123]: 2026-10-01 09:20:07 INFO    tournament is 'draft' (starts 2026-10-01T16:00:00.000Z) - 237/237 books ready - checking again in 60 s
2026-10-01T09:20:31+0000 mm-bot python[6123]: 2026-10-01 09:20:31 ERROR   WebSocket connection closed with code: 1006, reason:
2026-10-01T09:20:31+0000 mm-bot python[6123]: 2026-10-01 09:20:31 ERROR   Auto-reconnect disabled, terminating connection
2026-10-01T09:20:56+0000 mm-bot python[6123]: 2026-10-01 09:20:56 ERROR   WebSocket connection closed with code: 1006, reason:
2026-10-01T09:20:56+0000 mm-bot python[6123]: 2026-10-01 09:20:56 ERROR   Auto-reconnect disabled, terminating connection
2026-10-01T09:21:14+0000 mm-bot python[6123]: 2026-10-01 09:21:14 INFO    tournament is 'draft' (starts 2026-10-01T16:00:00.000Z) - 237/237 books ready - checking again in 60 s
2026-10-01T09:21:21+0000 mm-bot python[6123]: 2026-10-01 09:21:21 ERROR   WebSocket connection closed with code: 1006, reason:
2026-10-01T09:21:21+0000 mm-bot python[6123]: 2026-10-01 09:21:21 ERROR   Auto-reconnect disabled, terminating connection
2026-10-01T09:21:46+0000 mm-bot python[6123]: 2026-10-01 09:21:46 ERROR   WebSocket connection closed with code: 1006, reason:
2026-10-01T09:21:46+0000 mm-bot python[6123]: 2026-10-01 09:21:46 ERROR   Auto-reconnect disabled, terminating connection
2026-10-01T09:22:11+0000 mm-bot python[6123]: 2026-10-01 09:22:11 ERROR   WebSocket connection closed with code: 1006, reason:
2026-10-01T09:22:11+0000 mm-bot python[6123]: 2026-10-01 09:22:11 ERROR   Auto-reconnect disabled, terminating connection
2026-10-01T09:22:20+0000 mm-bot python[6123]: 2026-10-01 09:22:20 INFO    tournament is 'draft' (starts 2026-10-01T16:00:00.000Z) - 237/237 books ready - checking again in 60 s
2026-10-01T09:22:36+0000 mm-bot python[6123]: 2026-10-01 09:22:36 ERROR   WebSocket connection closed with code: 1006, reason:
2026-10-01T09:22:36+0000 mm-bot python[6123]: 2026-10-01 09:22:36 ERROR   Auto-reconnect disabled, terminating connection
2026-10-01T09:23:01+0000 mm-bot python[6123]: 2026-10-01 09:23:01 ERROR   WebSocket connection closed with code: 1006, reason:
2026-10-01T09:23:01+0000 mm-bot python[6123]: 2026-10-01 09:23:01 ERROR   Auto-reconnect disabled, terminating connection
2026-10-01T09:23:26+0000 mm-bot python[6123]: 2026-10-01 09:23:26 ERROR   WebSocket connection closed with code: 1006, reason:
2026-10-01T09:23:26+0000 mm-bot python[6123]: 2026-10-01 09:23:26 ERROR   Auto-reconnect disabled, terminating connection
2026-10-01T09:23:27+0000 mm-bot python[6123]: 2026-10-01 09:23:27 INFO    tournament is 'draft' (starts 2026-10-01T16:00:00.000Z) - 237/237 books ready - checking again in 60 s
2026-10-01T09:23:51+0000 mm-bot python[6123]: 2026-10-01 09:23:51 ERROR   WebSocket connection closed with code: 1006, reason:
2026-10-01T09:23:51+0000 mm-bot python[6123]: 2026-10-01 09:23:51 ERROR   Auto-reconnect disabled, terminating connection
2026-10-01T09:24:16+0000 mm-bot python[6123]: 2026-10-01 09:24:16 ERROR   WebSocket connection closed with code: 1006, reason:
2026-10-01T09:24:16+0000 mm-bot python[6123]: 2026-10-01 09:24:16 ERROR   Auto-reconnect disabled, terminating connection
2026-10-01T09:24:33+0000 mm-bot python[6123]: 2026-10-01 09:24:33 INFO    tournament is 'draft' (starts 2026-10-01T16:00:00.000Z) - 237/237 books ready - checking again in 60 s
2026-10-01T09:24:41+0000 mm-bot python[6123]: 2026-10-01 09:24:41 ERROR   WebSocket connection closed with code: 1006, reason:
2026-10-01T09:24:41+0000 mm-bot python[6123]: 2026-10-01 09:24:41 ERROR   Auto-reconnect disabled, terminating connection
2026-10-01T09:25:06+0000 mm-bot python[6123]: 2026-10-01 09:25:06 ERROR   WebSocket connection closed with code: 1006, reason:
2026-10-01T09:25:06+0000 mm-bot python[6123]: 2026-10-01 09:25:06 ERROR   Auto-reconnect disabled, terminating connection
2026-10-01T09:25:31+0000 mm-bot python[6123]: 2026-10-01 09:25:31 ERROR   WebSocket connection closed with code: 1006, reason:
2026-10-01T09:25:31+0000 mm-bot python[6123]: 2026-10-01 09:25:31 ERROR   Auto-reconnect disabled, terminating connection
2026-10-01T09:25:40+0000 mm-bot python[6123]: 2026-10-01 09:25:40 INFO    tournament is 'draft' (starts 2026-10-01T16:00:00.000Z) - 237/237 books ready - checking again in 60 s
2026-10-01T09:25:56+0000 mm-bot python[6123]: 2026-10-01 09:25:56 ERROR   WebSocket connection closed with code: 1006, reason:
2026-10-01T09:25:56+0000 mm-bot python[6123]: 2026-10-01 09:25:56 ERROR   Auto-reconnect disabled, terminating connection
2026-10-01T09:26:21+0000 mm-bot python[6123]: 2026-10-01 09:26:21 ERROR   WebSocket connection closed with code: 1006, reason:
2026-10-01T09:26:21+0000 mm-bot python[6123]: 2026-10-01 09:26:21 ERROR   Auto-reconnect disabled, terminating connection
2026-10-01T09:26:46+0000 mm-bot python[6123]: 2026-10-01 09:26:46 ERROR   WebSocket connection closed with code: 1006, reason:
2026-10-01T09:26:46+0000 mm-bot python[6123]: 2026-10-01 09:26:46 ERROR   Auto-reconnect disabled, terminating connection
2026-10-01T09:26:47+0000 mm-bot python[6123]: 2026-10-01 09:26:47 INFO    tournament is 'draft' (starts 2026-10-01T16:00:00.000Z) - 237/237 books ready - checking again in 60 s
2026-10-01T09:27:11+0000 mm-bot python[6123]: 2026-10-01 09:27:11 ERROR   WebSocket connection closed with code: 1006, reason:
2026-10-01T09:27:11+0000 mm-bot python[6123]: 2026-10-01 09:27:11 ERROR   Auto-reconnect disabled, terminating connection
2026-10-01T09:27:36+0000 mm-bot python[6123]: 2026-10-01 09:27:36 ERROR   WebSocket connection closed with code: 1006, reason:
2026-10-01T09:27:36+0000 mm-bot python[6123]: 2026-10-01 09:27:36 ERROR   Auto-reconnect disabled, terminating connection
2026-10-01T09:27:53+0000 mm-bot python[6123]: 2026-10-01 09:27:53 INFO    tournament is 'draft' (starts 2026-10-01T16:00:00.000Z) - 237/237 books ready - checking again in 60 s
2026-10-01T09:28:01+0000 mm-bot python[6123]: 2026-10-01 09:28:01 ERROR   WebSocket connection closed with code: 1006, reason:
2026-10-01T09:28:01+0000 mm-bot python[6123]: 2026-10-01 09:28:01 ERROR   Auto-reconnect disabled, terminating connection
2026-10-01T09:28:26+0000 mm-bot python[6123]: 2026-10-01 09:28:26 ERROR   WebSocket connection closed with code: 1006, reason:
2026-10-01T09:28:26+0000 mm-bot python[6123]: 2026-10-01 09:28:26 ERROR   Auto-reconnect disabled, terminating connection
2026-10-01T09:28:51+0000 mm-bot python[6123]: 2026-10-01 09:28:51 ERROR   WebSocket connection closed with code: 1006, reason:
2026-10-01T09:28:51+0000 mm-bot python[6123]: 2026-10-01 09:28:51 ERROR   Auto-reconnect disabled, terminating connection
2026-10-01T09:29:00+0000 mm-bot python[6123]: 2026-10-01 09:29:00 INFO    tournament is 'draft' (starts 2026-10-01T16:00:00.000Z) - 237/237 books ready - checking again in 60 s
2026-10-01T09:29:16+0000 mm-bot python[6123]: 2026-10-01 09:29:16 ERROR   WebSocket connection closed with code: 1006, reason:
2026-10-01T09:29:16+0000 mm-bot python[6123]: 2026-10-01 09:29:16 ERROR   Auto-reconnect disabled, terminating connection
2026-10-01T09:29:41+0000 mm-bot python[6123]: 2026-10-01 09:29:41 ERROR   WebSocket connection closed with code: 1006, reason:
2026-10-01T09:29:41+0000 mm-bot python[6123]: 2026-10-01 09:29:41 ERROR   Auto-reconnect disabled, terminating connection
2026-10-01T09:30:06+0000 mm-bot python[6123]: 2026-10-01 09:30:06 ERROR   WebSocket connection closed with code: 1006, reason:
2026-10-01T09:30:06+0000 mm-bot python[6123]: 2026-10-01 09:30:06 ERROR   Auto-reconnect disabled, terminating connection
2026-10-01T09:30:06+0000 mm-bot python[6123]: 2026-10-01 09:30:06 INFO    tournament is 'draft' (starts 2026-10-01T16:00:00.000Z) - 237/237 books ready - checking again in 60 s
2026-10-01T09:30:31+0000 mm-bot python[6123]: 2026-10-01 09:30:31 ERROR   WebSocket connection closed with code: 1006, reason:
2026-10-01T09:30:31+0000 mm-bot python[6123]: 2026-10-01 09:30:31 ERROR   Auto-reconnect disabled, terminating connection
2026-10-01T09:30:56+0000 mm-bot python[6123]: 2026-10-01 09:30:56 ERROR   WebSocket connection closed with code: 1006, reason:
2026-10-01T09:30:56+0000 mm-bot python[6123]: 2026-10-01 09:30:56 ERROR   Auto-reconnect disabled, terminating connection
2026-10-01T09:31:13+0000 mm-bot python[6123]: 2026-10-01 09:31:13 INFO    tournament is 'draft' (starts 2026-10-01T16:00:00.000Z) - 237/237 books ready - checking again in 60 s
2026-10-01T09:31:21+0000 mm-bot python[6123]: 2026-10-01 09:31:21 ERROR   WebSocket connection closed with code: 1006, reason:
2026-10-01T09:31:21+0000 mm-bot python[6123]: 2026-10-01 09:31:21 ERROR   Auto-reconnect disabled, terminating connection
2026-10-01T09:31:46+0000 mm-bot python[6123]: 2026-10-01 09:31:46 ERROR   WebSocket connection closed with code: 1006, reason:
2026-10-01T09:31:46+0000 mm-bot python[6123]: 2026-10-01 09:31:46 ERROR   Auto-reconnect disabled, terminating connection
2026-10-01T09:32:11+0000 mm-bot python[6123]: 2026-10-01 09:32:11 ERROR   WebSocket connection closed with code: 1006, reason:
2026-10-01T09:32:11+0000 mm-bot python[6123]: 2026-10-01 09:32:11 ERROR   Auto-reconnect disabled, terminating connection
2026-10-01T09:32:20+0000 mm-bot python[6123]: 2026-10-01 09:32:20 INFO    tournament is 'draft' (starts 2026-10-01T16:00:00.000Z) - 237/237 books ready - checking again in 60 s
2026-10-01T09:32:36+0000 mm-bot python[6123]: 2026-10-01 09:32:36 ERROR   WebSocket connection closed with code: 1006, reason:
2026-10-01T09:32:36+0000 mm-bot python[6123]: 2026-10-01 09:32:36 ERROR   Auto-reconnect disabled, terminating connection
2026-10-01T09:33:01+0000 mm-bot python[6123]: 2026-10-01 09:33:01 ERROR   WebSocket connection closed with code: 1006, reason:
2026-10-01T09:33:01+0000 mm-bot python[6123]: 2026-10-01 09:33:01 ERROR   Auto-reconnect disabled, terminating connection
2026-10-01T09:33:26+0000 mm-bot python[6123]: 2026-10-01 09:33:26 INFO    tournament is 'draft' (starts 2026-10-01T16:00:00.000Z) - 237/237 books ready - checking again in 60 s
2026-10-01T09:33:26+0000 mm-bot python[6123]: 2026-10-01 09:33:26 ERROR   WebSocket connection closed with code: 1006, reason:
2026-10-01T09:33:26+0000 mm-bot python[6123]: 2026-10-01 09:33:26 ERROR   Auto-reconnect disabled, terminating connection
2026-10-01T09:33:51+0000 mm-bot python[6123]: 2026-10-01 09:33:51 ERROR   WebSocket connection closed with code: 1006, reason:
2026-10-01T09:33:51+0000 mm-bot python[6123]: 2026-10-01 09:33:51 ERROR   Auto-reconnect disabled, terminating connection
2026-10-01T09:34:16+0000 mm-bot python[6123]: 2026-10-01 09:34:16 ERROR   WebSocket connection closed with code: 1006, reason:
2026-10-01T09:34:16+0000 mm-bot python[6123]: 2026-10-01 09:34:16 ERROR   Auto-reconnect disabled, terminating connection
2026-10-01T09:34:33+0000 mm-bot python[6123]: 2026-10-01 09:34:33 INFO    tournament is 'draft' (starts 2026-10-01T16:00:00.000Z) - 237/237 books ready - checking again in 60 s
2026-10-01T09:34:41+0000 mm-bot python[6123]: 2026-10-01 09:34:41 ERROR   WebSocket connection closed with code: 1006, reason:
2026-10-01T09:34:41+0000 mm-bot python[6123]: 2026-10-01 09:34:41 ERROR   Auto-reconnect disabled, terminating connection
2026-10-01T09:35:06+0000 mm-bot python[6123]: 2026-10-01 09:35:06 ERROR   WebSocket connection closed with code: 1006, reason:
2026-10-01T09:35:06+0000 mm-bot python[6123]: 2026-10-01 09:35:06 ERROR   Auto-reconnect disabled, terminating connection
2026-10-01T09:35:31+0000 mm-bot python[6123]: 2026-10-01 09:35:31 ERROR   WebSocket connection closed with code: 1006, reason:
2026-10-01T09:35:31+0000 mm-bot python[6123]: 2026-10-01 09:35:31 ERROR   Auto-reconnect disabled, terminating connection
2026-10-01T09:35:39+0000 mm-bot python[6123]: 2026-10-01 09:35:39 INFO    tournament is 'draft' (starts 2026-10-01T16:00:00.000Z) - 237/237 books ready - checking again in 60 s
2026-10-01T09:35:56+0000 mm-bot python[6123]: 2026-10-01 09:35:56 ERROR   WebSocket connection closed with code: 1006, reason:
2026-10-01T09:35:56+0000 mm-bot python[6123]: 2026-10-01 09:35:56 ERROR   Auto-reconnect disabled, terminating connection
2026-10-01T09:36:21+0000 mm-bot python[6123]: 2026-10-01 09:36:21 ERROR   WebSocket connection closed with code: 1006, reason:
2026-10-01T09:36:21+0000 mm-bot python[6123]: 2026-10-01 09:36:21 ERROR   Auto-reconnect disabled, terminating connection
2026-10-01T09:36:46+0000 mm-bot python[6123]: 2026-10-01 09:36:46 INFO    tournament is 'draft' (starts 2026-10-01T16:00:00.000Z) - 237/237 books ready - checking again in 60 s
2026-10-01T09:36:46+0000 mm-bot python[6123]: 2026-10-01 09:36:46 ERROR   WebSocket connection closed with code: 1006, reason:
2026-10-01T09:36:46+0000 mm-bot python[6123]: 2026-10-01 09:36:46 ERROR   Auto-reconnect disabled, terminating connection
2026-10-01T09:37:11+0000 mm-bot python[6123]: 2026-10-01 09:37:11 ERROR   WebSocket connection closed with code: 1006, reason:
2026-10-01T09:37:11+0000 mm-bot python[6123]: 2026-10-01 09:37:11 ERROR   Auto-reconnect disabled, terminating connection
2026-10-01T09:37:36+0000 mm-bot python[6123]: 2026-10-01 09:37:36 ERROR   WebSocket connection closed with code: 1006, reason:
2026-10-01T09:37:36+0000 mm-bot python[6123]: 2026-10-01 09:37:36 ERROR   Auto-reconnect disabled, terminating connection
2026-10-01T09:37:53+0000 mm-bot python[6123]: 2026-10-01 09:37:53 INFO    tournament is 'draft' (starts 2026-10-01T16:00:00.000Z) - 237/237 books ready - checking again in 60 s
2026-10-01T09:38:01+0000 mm-bot python[6123]: 2026-10-01 09:38:01 ERROR   WebSocket connection closed with code: 1006, reason:
2026-10-01T09:38:01+0000 mm-bot python[6123]: 2026-10-01 09:38:01 ERROR   Auto-reconnect disabled, terminating connection
2026-10-01T09:38:26+0000 mm-bot python[6123]: 2026-10-01 09:38:26 ERROR   WebSocket connection closed with code: 1006, reason:
2026-10-01T09:38:26+0000 mm-bot python[6123]: 2026-10-01 09:38:26 ERROR   Auto-reconnect disabled, terminating connection
2026-10-01T09:38:51+0000 mm-bot python[6123]: 2026-10-01 09:38:51 ERROR   WebSocket connection closed with code: 1006, reason:
2026-10-01T09:38:51+0000 mm-bot python[6123]: 2026-10-01 09:38:51 ERROR   Auto-reconnect disabled, terminating connection
2026-10-01T09:38:59+0000 mm-bot python[6123]: 2026-10-01 09:38:59 INFO    tournament is 'draft' (starts 2026-10-01T16:00:00.000Z) - 237/237 books ready - checking again in 60 s
2026-10-01T09:39:16+0000 mm-bot python[6123]: 2026-10-01 09:39:16 ERROR   WebSocket connection closed with code: 1006, reason:
2026-10-01T09:39:16+0000 mm-bot python[6123]: 2026-10-01 09:39:16 ERROR   Auto-reconnect disabled, terminating connection
2026-10-01T09:39:41+0000 mm-bot python[6123]: 2026-10-01 09:39:41 ERROR   WebSocket connection closed with code: 1006, reason:
2026-10-01T09:39:41+0000 mm-bot python[6123]: 2026-10-01 09:39:41 ERROR   Auto-reconnect disabled, terminating connection
2026-10-01T09:40:06+0000 mm-bot python[6123]: 2026-10-01 09:40:06 INFO    tournament is 'draft' (starts 2026-10-01T16:00:00.000Z) - 237/237 books ready - checking again in 60 s
2026-10-01T09:40:06+0000 mm-bot python[6123]: 2026-10-01 09:40:06 ERROR   WebSocket connection closed with code: 1006, reason:
2026-10-01T09:40:06+0000 mm-bot python[6123]: 2026-10-01 09:40:06 ERROR   Auto-reconnect disabled, terminating connection
2026-10-01T09:40:31+0000 mm-bot python[6123]: 2026-10-01 09:40:31 ERROR   WebSocket connection closed with code: 1006, reason:
2026-10-01T09:40:31+0000 mm-bot python[6123]: 2026-10-01 09:40:31 ERROR   Auto-reconnect disabled, terminating connection
2026-10-01T09:40:56+0000 mm-bot python[6123]: 2026-10-01 09:40:56 ERROR   WebSocket connection closed with code: 1006, reason:
2026-10-01T09:40:56+0000 mm-bot python[6123]: 2026-10-01 09:40:56 ERROR   Auto-reconnect disabled, terminating connection
2026-10-01T09:41:12+0000 mm-bot python[6123]: 2026-10-01 09:41:12 INFO    tournament is 'draft' (starts 2026-10-01T16:00:00.000Z) - 237/237 books ready - checking again in 60 s
2026-10-01T09:41:21+0000 mm-bot python[6123]: 2026-10-01 09:41:21 ERROR   WebSocket connection closed with code: 1006, reason:
2026-10-01T09:41:21+0000 mm-bot python[6123]: 2026-10-01 09:41:21 ERROR   Auto-reconnect disabled, terminating connection
2026-10-01T09:41:46+0000 mm-bot python[6123]: 2026-10-01 09:41:46 ERROR   WebSocket connection closed with code: 1006, reason:
2026-10-01T09:41:46+0000 mm-bot python[6123]: 2026-10-01 09:41:46 ERROR   Auto-reconnect disabled, terminating connection
2026-10-01T09:42:11+0000 mm-bot python[6123]: 2026-10-01 09:42:11 ERROR   WebSocket connection closed with code: 1006, reason:
2026-10-01T09:42:11+0000 mm-bot python[6123]: 2026-10-01 09:42:11 ERROR   Auto-reconnect disabled, terminating connection
2026-10-01T09:42:19+0000 mm-bot python[6123]: 2026-10-01 09:42:19 INFO    tournament is 'draft' (starts 2026-10-01T16:00:00.000Z) - 237/237 books ready - checking again in 60 s
2026-10-01T09:42:36+0000 mm-bot python[6123]: 2026-10-01 09:42:36 ERROR   WebSocket connection closed with code: 1006, reason:
2026-10-01T09:42:36+0000 mm-bot python[6123]: 2026-10-01 09:42:36 ERROR   Auto-reconnect disabled, terminating connection
2026-10-01T09:43:01+0000 mm-bot python[6123]: 2026-10-01 09:43:01 ERROR   WebSocket connection closed with code: 1006, reason:
2026-10-01T09:43:01+0000 mm-bot python[6123]: 2026-10-01 09:43:01 ERROR   Auto-reconnect disabled, terminating connection
2026-10-01T09:43:26+0000 mm-bot python[6123]: 2026-10-01 09:43:26 INFO    tournament is 'draft' (starts 2026-10-01T16:00:00.000Z) - 237/237 books ready - checking again in 60 s
2026-10-01T09:43:26+0000 mm-bot python[6123]: 2026-10-01 09:43:26 ERROR   WebSocket connection closed with code: 1006, reason:
2026-10-01T09:43:26+0000 mm-bot python[6123]: 2026-10-01 09:43:26 ERROR   Auto-reconnect disabled, terminating connection
2026-10-01T09:43:51+0000 mm-bot python[6123]: 2026-10-01 09:43:51 ERROR   WebSocket connection closed with code: 1006, reason:
2026-10-01T09:43:51+0000 mm-bot python[6123]: 2026-10-01 09:43:51 ERROR   Auto-reconnect disabled, terminating connection
2026-10-01T09:44:16+0000 mm-bot python[6123]: 2026-10-01 09:44:16 ERROR   WebSocket connection closed with code: 1006, reason:
2026-10-01T09:44:16+0000 mm-bot python[6123]: 2026-10-01 09:44:16 ERROR   Auto-reconnect disabled, terminating connection
2026-10-01T09:44:32+0000 mm-bot python[6123]: 2026-10-01 09:44:32 INFO    tournament is 'draft' (starts 2026-10-01T16:00:00.000Z) - 237/237 books ready - checking again in 60 s
2026-10-01T09:44:41+0000 mm-bot python[6123]: 2026-10-01 09:44:41 ERROR   WebSocket connection closed with code: 1006, reason:
2026-10-01T09:44:41+0000 mm-bot python[6123]: 2026-10-01 09:44:41 ERROR   Auto-reconnect disabled, terminating connection
2026-10-01T09:45:06+0000 mm-bot python[6123]: 2026-10-01 09:45:06 ERROR   WebSocket connection closed with code: 1006, reason:
2026-10-01T09:45:06+0000 mm-bot python[6123]: 2026-10-01 09:45:06 ERROR   Auto-reconnect disabled, terminating connection
2026-10-01T09:45:31+0000 mm-bot python[6123]: 2026-10-01 09:45:31 ERROR   WebSocket connection closed with code: 1006, reason:
2026-10-01T09:45:31+0000 mm-bot python[6123]: 2026-10-01 09:45:31 ERROR   Auto-reconnect disabled, terminating connection
2026-10-01T09:45:39+0000 mm-bot python[6123]: 2026-10-01 09:45:39 INFO    tournament is 'draft' (starts 2026-10-01T16:00:00.000Z) - 237/237 books ready - checking again in 60 s
2026-10-01T09:45:56+0000 mm-bot python[6123]: 2026-10-01 09:45:56 ERROR   WebSocket connection closed with code: 1006, reason:
2026-10-01T09:45:56+0000 mm-bot python[6123]: 2026-10-01 09:45:56 ERROR   Auto-reconnect disabled, terminating connection
2026-10-01T09:46:21+0000 mm-bot python[6123]: 2026-10-01 09:46:21 ERROR   WebSocket connection closed with code: 1006, reason:
2026-10-01T09:46:21+0000 mm-bot python[6123]: 2026-10-01 09:46:21 ERROR   Auto-reconnect disabled, terminating connection
2026-10-01T09:46:45+0000 mm-bot python[6123]: 2026-10-01 09:46:45 INFO    tournament is 'draft' (starts 2026-10-01T16:00:00.000Z) - 237/237 books ready - checking again in 60 s
2026-10-01T09:46:46+0000 mm-bot python[6123]: 2026-10-01 09:46:46 ERROR   WebSocket connection closed with code: 1006, reason:
2026-10-01T09:46:46+0000 mm-bot python[6123]: 2026-10-01 09:46:46 ERROR   Auto-reconnect disabled, terminating connection
2026-10-01T09:47:11+0000 mm-bot python[6123]: 2026-10-01 09:47:11 ERROR   WebSocket connection closed with code: 1006, reason:
2026-10-01T09:47:11+0000 mm-bot python[6123]: 2026-10-01 09:47:11 ERROR   Auto-reconnect disabled, terminating connection
2026-10-01T09:47:36+0000 mm-bot python[6123]: 2026-10-01 09:47:36 ERROR   WebSocket connection closed with code: 1006, reason:
2026-10-01T09:47:37+0000 mm-bot python[6123]: 2026-10-01 09:47:37 ERROR   Auto-reconnect disabled, terminating connection
2026-10-01T09:47:52+0000 mm-bot python[6123]: 2026-10-01 09:47:52 INFO    tournament is 'draft' (starts 2026-10-01T16:00:00.000Z) - 237/237 books ready - checking again in 60 s
2026-10-01T09:48:02+0000 mm-bot python[6123]: 2026-10-01 09:48:02 ERROR   WebSocket connection closed with code: 1006, reason:
2026-10-01T09:48:02+0000 mm-bot python[6123]: 2026-10-01 09:48:02 ERROR   Auto-reconnect disabled, terminating connection
2026-10-01T09:48:27+0000 mm-bot python[6123]: 2026-10-01 09:48:27 ERROR   WebSocket connection closed with code: 1006, reason:
2026-10-01T09:48:27+0000 mm-bot python[6123]: 2026-10-01 09:48:27 ERROR   Auto-reconnect disabled, terminating connection
2026-10-01T09:48:52+0000 mm-bot python[6123]: 2026-10-01 09:48:52 ERROR   WebSocket connection closed with code: 1006, reason:
2026-10-01T09:48:52+0000 mm-bot python[6123]: 2026-10-01 09:48:52 ERROR   Auto-reconnect disabled, terminating connection
2026-10-01T09:48:58+0000 mm-bot python[6123]: 2026-10-01 09:48:58 INFO    tournament is 'draft' (starts 2026-10-01T16:00:00.000Z) - 237/237 books ready - checking again in 60 s
2026-10-01T09:49:17+0000 mm-bot python[6123]: 2026-10-01 09:49:17 ERROR   WebSocket connection closed with code: 1006, reason:
2026-10-01T09:49:17+0000 mm-bot python[6123]: 2026-10-01 09:49:17 ERROR   Auto-reconnect disabled, terminating connection
2026-10-01T09:49:42+0000 mm-bot python[6123]: 2026-10-01 09:49:42 ERROR   WebSocket connection closed with code: 1006, reason:
2026-10-01T09:49:42+0000 mm-bot python[6123]: 2026-10-01 09:49:42 ERROR   Auto-reconnect disabled, terminating connection
2026-10-01T09:50:05+0000 mm-bot python[6123]: 2026-10-01 09:50:05 INFO    tournament is 'draft' (starts 2026-10-01T16:00:00.000Z) - 237/237 books ready - checking again in 60 s
2026-10-01T09:50:07+0000 mm-bot python[6123]: 2026-10-01 09:50:07 ERROR   WebSocket connection closed with code: 1006, reason:
2026-10-01T09:50:07+0000 mm-bot python[6123]: 2026-10-01 09:50:07 ERROR   Auto-reconnect disabled, terminating connection
2026-10-01T09:50:32+0000 mm-bot python[6123]: 2026-10-01 09:50:32 ERROR   WebSocket connection closed with code: 1006, reason:
2026-10-01T09:50:32+0000 mm-bot python[6123]: 2026-10-01 09:50:32 ERROR   Auto-reconnect disabled, terminating connection
2026-10-01T09:50:57+0000 mm-bot python[6123]: 2026-10-01 09:50:57 ERROR   WebSocket connection closed with code: 1006, reason:
2026-10-01T09:50:57+0000 mm-bot python[6123]: 2026-10-01 09:50:57 ERROR   Auto-reconnect disabled, terminating connection
2026-10-01T09:51:12+0000 mm-bot python[6123]: 2026-10-01 09:51:12 INFO    tournament is 'draft' (starts 2026-10-01T16:00:00.000Z) - 237/237 books ready - checking again in 60 s
2026-10-01T09:51:22+0000 mm-bot python[6123]: 2026-10-01 09:51:22 ERROR   WebSocket connection closed with code: 1006, reason:
2026-10-01T09:51:22+0000 mm-bot python[6123]: 2026-10-01 09:51:22 ERROR   Auto-reconnect disabled, terminating connection
2026-10-01T09:51:47+0000 mm-bot python[6123]: 2026-10-01 09:51:47 ERROR   WebSocket connection closed with code: 1006, reason:
2026-10-01T09:51:47+0000 mm-bot python[6123]: 2026-10-01 09:51:47 ERROR   Auto-reconnect disabled, terminating connection
2026-10-01T09:52:12+0000 mm-bot python[6123]: 2026-10-01 09:52:12 ERROR   WebSocket connection closed with code: 1006, reason:
2026-10-01T09:52:12+0000 mm-bot python[6123]: 2026-10-01 09:52:12 ERROR   Auto-reconnect disabled, terminating connection
2026-10-01T09:52:18+0000 mm-bot python[6123]: 2026-10-01 09:52:18 INFO    tournament is 'draft' (starts 2026-10-01T16:00:00.000Z) - 237/237 books ready - checking again in 60 s
2026-10-01T09:52:37+0000 mm-bot python[6123]: 2026-10-01 09:52:37 ERROR   WebSocket connection closed with code: 1006, reason:
2026-10-01T09:52:37+0000 mm-bot python[6123]: 2026-10-01 09:52:37 ERROR   Auto-reconnect disabled, terminating connection
2026-10-01T09:53:02+0000 mm-bot python[6123]: 2026-10-01 09:53:02 ERROR   WebSocket connection closed with code: 1006, reason:
2026-10-01T09:53:02+0000 mm-bot python[6123]: 2026-10-01 09:53:02 ERROR   Auto-reconnect disabled, terminating connection
2026-10-01T09:53:25+0000 mm-bot python[6123]: 2026-10-01 09:53:25 INFO    tournament is 'draft' (starts 2026-10-01T16:00:00.000Z) - 237/237 books ready - checking again in 60 s
2026-10-01T09:53:27+0000 mm-bot python[6123]: 2026-10-01 09:53:27 ERROR   WebSocket connection closed with code: 1006, reason:
2026-10-01T09:53:27+0000 mm-bot python[6123]: 2026-10-01 09:53:27 ERROR   Auto-reconnect disabled, terminating connection
2026-10-01T09:53:52+0000 mm-bot python[6123]: 2026-10-01 09:53:52 ERROR   WebSocket connection closed with code: 1006, reason:
2026-10-01T09:53:52+0000 mm-bot python[6123]: 2026-10-01 09:53:52 ERROR   Auto-reconnect disabled, terminating connection
2026-10-01T09:54:17+0000 mm-bot python[6123]: 2026-10-01 09:54:17 ERROR   WebSocket connection closed with code: 1006, reason:
2026-10-01T09:54:17+0000 mm-bot python[6123]: 2026-10-01 09:54:17 ERROR   Auto-reconnect disabled, terminating connection
2026-10-01T09:54:31+0000 mm-bot python[6123]: 2026-10-01 09:54:31 INFO    tournament is 'draft' (starts 2026-10-01T16:00:00.000Z) - 237/237 books ready - checking again in 60 s
2026-10-01T09:54:42+0000 mm-bot python[6123]: 2026-10-01 09:54:42 ERROR   WebSocket connection closed with code: 1006, reason:
2026-10-01T09:54:42+0000 mm-bot python[6123]: 2026-10-01 09:54:42 ERROR   Auto-reconnect disabled, terminating connection
2026-10-01T09:55:07+0000 mm-bot python[6123]: 2026-10-01 09:55:07 ERROR   WebSocket connection closed with code: 1006, reason:
2026-10-01T09:55:07+0000 mm-bot python[6123]: 2026-10-01 09:55:07 ERROR   Auto-reconnect disabled, terminating connection
2026-10-01T09:55:32+0000 mm-bot python[6123]: 2026-10-01 09:55:32 ERROR   WebSocket connection closed with code: 1006, reason:
2026-10-01T09:55:32+0000 mm-bot python[6123]: 2026-10-01 09:55:32 ERROR   Auto-reconnect disabled, terminating connection
2026-10-01T09:55:38+0000 mm-bot python[6123]: 2026-10-01 09:55:38 INFO    tournament is 'draft' (starts 2026-10-01T16:00:00.000Z) - 237/237 books ready - checking again in 60 s
2026-10-01T09:55:57+0000 mm-bot python[6123]: 2026-10-01 09:55:57 ERROR   WebSocket connection closed with code: 1006, reason:
2026-10-01T09:55:57+0000 mm-bot python[6123]: 2026-10-01 09:55:57 ERROR   Auto-reconnect disabled, terminating connection
2026-10-01T09:56:22+0000 mm-bot python[6123]: 2026-10-01 09:56:22 ERROR   WebSocket connection closed with code: 1006, reason:
2026-10-01T09:56:22+0000 mm-bot python[6123]: 2026-10-01 09:56:22 ERROR   Auto-reconnect disabled, terminating connection
2026-10-01T09:56:45+0000 mm-bot python[6123]: 2026-10-01 09:56:45 INFO    tournament is 'draft' (starts 2026-10-01T16:00:00.000Z) - 237/237 books ready - checking again in 60 s
2026-10-01T09:56:47+0000 mm-bot python[6123]: 2026-10-01 09:56:47 ERROR   WebSocket connection closed with code: 1006, reason:
2026-10-01T09:56:47+0000 mm-bot python[6123]: 2026-10-01 09:56:47 ERROR   Auto-reconnect disabled, terminating connection
2026-10-01T09:57:12+0000 mm-bot python[6123]: 2026-10-01 09:57:12 ERROR   WebSocket connection closed with code: 1006, reason:
2026-10-01T09:57:12+0000 mm-bot python[6123]: 2026-10-01 09:57:12 ERROR   Auto-reconnect disabled, terminating connection
2026-10-01T09:57:37+0000 mm-bot python[6123]: 2026-10-01 09:57:37 ERROR   WebSocket connection closed with code: 1006, reason:
2026-10-01T09:57:37+0000 mm-bot python[6123]: 2026-10-01 09:57:37 ERROR   Auto-reconnect disabled, terminating connection
2026-10-01T09:57:51+0000 mm-bot python[6123]: 2026-10-01 09:57:51 INFO    tournament is 'draft' (starts 2026-10-01T16:00:00.000Z) - 237/237 books ready - checking again in 60 s
2026-10-01T09:58:02+0000 mm-bot python[6123]: 2026-10-01 09:58:02 ERROR   WebSocket connection closed with code: 1006, reason:
2026-10-01T09:58:02+0000 mm-bot python[6123]: 2026-10-01 09:58:02 ERROR   Auto-reconnect disabled, terminating connection
2026-10-01T09:58:27+0000 mm-bot python[6123]: 2026-10-01 09:58:27 ERROR   WebSocket connection closed with code: 1006, reason:
2026-10-01T09:58:27+0000 mm-bot python[6123]: 2026-10-01 09:58:27 ERROR   Auto-reconnect disabled, terminating connection
2026-10-01T09:58:52+0000 mm-bot python[6123]: 2026-10-01 09:58:52 ERROR   WebSocket connection closed with code: 1006, reason:
2026-10-01T09:58:52+0000 mm-bot python[6123]: 2026-10-01 09:58:52 ERROR   Auto-reconnect disabled, terminating connection
2026-10-01T09:58:58+0000 mm-bot python[6123]: 2026-10-01 09:58:58 INFO    tournament is 'draft' (starts 2026-10-01T16:00:00.000Z) - 237/237 books ready - checking again in 60 s
2026-10-01T09:59:17+0000 mm-bot python[6123]: 2026-10-01 09:59:17 ERROR   WebSocket connection closed with code: 1006, reason:
2026-10-01T09:59:17+0000 mm-bot python[6123]: 2026-10-01 09:59:17 ERROR   Auto-reconnect disabled, terminating connection
2026-10-01T09:59:42+0000 mm-bot python[6123]: 2026-10-01 09:59:42 ERROR   WebSocket connection closed with code: 1006, reason:
2026-10-01T09:59:42+0000 mm-bot python[6123]: 2026-10-01 09:59:42 ERROR   Auto-reconnect disabled, terminating connection
2026-10-01T10:00:04+0000 mm-bot python[6123]: 2026-10-01 10:00:04 INFO    tournament is 'draft' (starts 2026-10-01T16:00:00.000Z) - 237/237 books ready - checking again in 60 s
2026-10-01T10:00:06+0000 mm-bot python[6123]: 2026-10-01 10:00:06 INFO    mm_bot: +0 (+0.0%)
2026-10-01T10:00:06+0000 mm-bot python[6123]: Status: OK | waiting for the open (01 Oct 16:00 UTC), 237/237 order books ready
2026-10-01T10:00:06+0000 mm-bot python[6123]: Account 100,000 (+0 total)
2026-10-01T10:00:06+0000 mm-bot python[6123]: Rank: not ranked yet | Smart Score: not scored yet
2026-10-01T10:00:06+0000 mm-bot python[6123]: Last 2h: 0 fills, 0 shares, edge +0.00c, markout +0.00c, 0 arbitrages, 0 takes
2026-10-01T10:00:07+0000 mm-bot python[6123]: 2026-10-01 10:00:07 ERROR   WebSocket connection closed with code: 1006, reason:
2026-10-01T10:00:07+0000 mm-bot python[6123]: 2026-10-01 10:00:07 ERROR   Auto-reconnect disabled, terminating connection
2026-10-01T10:00:32+0000 mm-bot python[6123]: 2026-10-01 10:00:32 ERROR   WebSocket connection closed with code: 1006, reason:
2026-10-01T10:00:32+0000 mm-bot python[6123]: 2026-10-01 10:00:32 ERROR   Auto-reconnect disabled, terminating connection
2026-10-01T10:00:57+0000 mm-bot python[6123]: 2026-10-01 10:00:57 ERROR   WebSocket connection closed with code: 1006, reason:
2026-10-01T10:00:57+0000 mm-bot python[6123]: 2026-10-01 10:00:57 ERROR   Auto-reconnect disabled, terminating connection
2026-10-01T10:01:13+0000 mm-bot python[6123]: 2026-10-01 10:01:13 INFO    tournament is 'draft' (starts 2026-10-01T16:00:00.000Z) - 237/237 books ready - checking again in 60 s
2026-10-01T10:01:22+0000 mm-bot python[6123]: 2026-10-01 10:01:22 ERROR   WebSocket connection closed with code: 1006, reason:
2026-10-01T10:01:22+0000 mm-bot python[6123]: 2026-10-01 10:01:22 ERROR   Auto-reconnect disabled, terminating connection
2026-10-01T10:01:47+0000 mm-bot python[6123]: 2026-10-01 10:01:47 ERROR   WebSocket connection closed with code: 1006, reason:
2026-10-01T10:01:47+0000 mm-bot python[6123]: 2026-10-01 10:01:47 ERROR   Auto-reconnect disabled, terminating connection
2026-10-01T10:02:12+0000 mm-bot python[6123]: 2026-10-01 10:02:12 ERROR   WebSocket connection closed with code: 1006, reason:
2026-10-01T10:02:12+0000 mm-bot python[6123]: 2026-10-01 10:02:12 ERROR   Auto-reconnect disabled, terminating connection
2026-10-01T10:02:19+0000 mm-bot python[6123]: 2026-10-01 10:02:19 INFO    tournament is 'draft' (starts 2026-10-01T16:00:00.000Z) - 237/237 books ready - checking again in 60 s
2026-10-01T10:02:37+0000 mm-bot python[6123]: 2026-10-01 10:02:37 ERROR   WebSocket connection closed with code: 1006, reason:
2026-10-01T10:02:37+0000 mm-bot python[6123]: 2026-10-01 10:02:37 ERROR   Auto-reconnect disabled, terminating connection
2026-10-01T10:03:02+0000 mm-bot python[6123]: 2026-10-01 10:03:02 ERROR   WebSocket connection closed with code: 1006, reason:
2026-10-01T10:03:02+0000 mm-bot python[6123]: 2026-10-01 10:03:02 ERROR   Auto-reconnect disabled, terminating connection
2026-10-01T10:03:26+0000 mm-bot python[6123]: 2026-10-01 10:03:26 INFO    tournament is 'draft' (starts 2026-10-01T16:00:00.000Z) - 237/237 books ready - checking again in 60 s
2026-10-01T10:03:27+0000 mm-bot python[6123]: 2026-10-01 10:03:27 ERROR   WebSocket connection closed with code: 1006, reason:
2026-10-01T10:03:27+0000 mm-bot python[6123]: 2026-10-01 10:03:27 ERROR   Auto-reconnect disabled, terminating connection
2026-10-01T10:03:52+0000 mm-bot python[6123]: 2026-10-01 10:03:52 ERROR   WebSocket connection closed with code: 1006, reason:
2026-10-01T10:03:52+0000 mm-bot python[6123]: 2026-10-01 10:03:52 ERROR   Auto-reconnect disabled, terminating connection
2026-10-01T10:04:17+0000 mm-bot python[6123]: 2026-10-01 10:04:17 ERROR   WebSocket connection closed with code: 1006, reason:
2026-10-01T10:04:17+0000 mm-bot python[6123]: 2026-10-01 10:04:17 ERROR   Auto-reconnect disabled, terminating connection
2026-10-01T10:04:33+0000 mm-bot python[6123]: 2026-10-01 10:04:33 INFO    tournament is 'draft' (starts 2026-10-01T16:00:00.000Z) - 237/237 books ready - checking again in 60 s
2026-10-01T10:04:42+0000 mm-bot python[6123]: 2026-10-01 10:04:42 ERROR   WebSocket connection closed with code: 1006, reason:
2026-10-01T10:04:42+0000 mm-bot python[6123]: 2026-10-01 10:04:42 ERROR   Auto-reconnect disabled, terminating connection
2026-10-01T10:05:07+0000 mm-bot python[6123]: 2026-10-01 10:05:07 ERROR   WebSocket connection closed with code: 1006, reason:
2026-10-01T10:05:07+0000 mm-bot python[6123]: 2026-10-01 10:05:07 ERROR   Auto-reconnect disabled, terminating connection
2026-10-01T10:05:32+0000 mm-bot python[6123]: 2026-10-01 10:05:32 ERROR   WebSocket connection closed with code: 1006, reason:
2026-10-01T10:05:32+0000 mm-bot python[6123]: 2026-10-01 10:05:32 ERROR   Auto-reconnect disabled, terminating connection
2026-10-01T10:05:39+0000 mm-bot python[6123]: 2026-10-01 10:05:39 INFO    tournament is 'draft' (starts 2026-10-01T16:00:00.000Z) - 237/237 books ready - checking again in 60 s
2026-10-01T10:05:57+0000 mm-bot python[6123]: 2026-10-01 10:05:57 ERROR   WebSocket connection closed with code: 1006, reason:
2026-10-01T10:05:57+0000 mm-bot python[6123]: 2026-10-01 10:05:57 ERROR   Auto-reconnect disabled, terminating connection
2026-10-01T10:06:22+0000 mm-bot python[6123]: 2026-10-01 10:06:22 ERROR   WebSocket connection closed with code: 1006, reason:
2026-10-01T10:06:22+0000 mm-bot python[6123]: 2026-10-01 10:06:22 ERROR   Auto-reconnect disabled, terminating connection
2026-10-01T10:06:46+0000 mm-bot python[6123]: 2026-10-01 10:06:46 INFO    tournament is 'draft' (starts 2026-10-01T16:00:00.000Z) - 237/237 books ready - checking again in 60 s
2026-10-01T10:06:47+0000 mm-bot python[6123]: 2026-10-01 10:06:47 ERROR   WebSocket connection closed with code: 1006, reason:
2026-10-01T10:06:47+0000 mm-bot python[6123]: 2026-10-01 10:06:47 ERROR   Auto-reconnect disabled, terminating connection
2026-10-01T10:07:12+0000 mm-bot python[6123]: 2026-10-01 10:07:12 ERROR   WebSocket connection closed with code: 1006, reason:
2026-10-01T10:07:12+0000 mm-bot python[6123]: 2026-10-01 10:07:12 ERROR   Auto-reconnect disabled, terminating connection
2026-10-01T10:07:37+0000 mm-bot python[6123]: 2026-10-01 10:07:37 ERROR   WebSocket connection closed with code: 1006, reason:
2026-10-01T10:07:37+0000 mm-bot python[6123]: 2026-10-01 10:07:37 ERROR   Auto-reconnect disabled, terminating connection
2026-10-01T10:07:53+0000 mm-bot python[6123]: 2026-10-01 10:07:53 INFO    tournament is 'draft' (starts 2026-10-01T16:00:00.000Z) - 237/237 books ready - checking again in 60 s
2026-10-01T10:08:02+0000 mm-bot python[6123]: 2026-10-01 10:08:02 ERROR   WebSocket connection closed with code: 1006, reason:
2026-10-01T10:08:02+0000 mm-bot python[6123]: 2026-10-01 10:08:02 ERROR   Auto-reconnect disabled, terminating connection
2026-10-01T10:08:27+0000 mm-bot python[6123]: 2026-10-01 10:08:27 ERROR   WebSocket connection closed with code: 1006, reason:
2026-10-01T10:08:27+0000 mm-bot python[6123]: 2026-10-01 10:08:27 ERROR   Auto-reconnect disabled, terminating connection
2026-10-01T10:08:52+0000 mm-bot python[6123]: 2026-10-01 10:08:52 ERROR   WebSocket connection closed with code: 1006, reason:
2026-10-01T10:08:52+0000 mm-bot python[6123]: 2026-10-01 10:08:52 ERROR   Auto-reconnect disabled, terminating connection
2026-10-01T10:08:59+0000 mm-bot python[6123]: 2026-10-01 10:08:59 INFO    tournament is 'draft' (starts 2026-10-01T16:00:00.000Z) - 237/237 books ready - checking again in 60 s
2026-10-01T10:09:17+0000 mm-bot python[6123]: 2026-10-01 10:09:17 ERROR   WebSocket connection closed with code: 1006, reason:
2026-10-01T10:09:17+0000 mm-bot python[6123]: 2026-10-01 10:09:17 ERROR   Auto-reconnect disabled, terminating connection
2026-10-01T10:09:42+0000 mm-bot python[6123]: 2026-10-01 10:09:42 ERROR   WebSocket connection closed with code: 1006, reason:
2026-10-01T10:09:42+0000 mm-bot python[6123]: 2026-10-01 10:09:42 ERROR   Auto-reconnect disabled, terminating connection
2026-10-01T10:10:07+0000 mm-bot python[6123]: 2026-10-01 10:10:07 ERROR   WebSocket connection closed with code: 1006, reason:
2026-10-01T10:10:07+0000 mm-bot python[6123]: 2026-10-01 10:10:07 ERROR   Auto-reconnect disabled, terminating connection
2026-10-01T10:10:07+0000 mm-bot python[6123]: 2026-10-01 10:10:07 INFO    tournament is 'draft' (starts 2026-10-01T16:00:00.000Z) - 237/237 books ready - checking again in 60 s
2026-10-01T10:10:32+0000 mm-bot python[6123]: 2026-10-01 10:10:32 ERROR   WebSocket connection closed with code: 1006, reason:
2026-10-01T10:10:32+0000 mm-bot python[6123]: 2026-10-01 10:10:32 ERROR   Auto-reconnect disabled, terminating connection
2026-10-01T10:10:57+0000 mm-bot python[6123]: 2026-10-01 10:10:57 ERROR   WebSocket connection closed with code: 1006, reason:
2026-10-01T10:10:57+0000 mm-bot python[6123]: 2026-10-01 10:10:57 ERROR   Auto-reconnect disabled, terminating connection
2026-10-01T10:11:13+0000 mm-bot python[6123]: 2026-10-01 10:11:13 INFO    tournament is 'draft' (starts 2026-10-01T16:00:00.000Z) - 237/237 books ready - checking again in 60 s
2026-10-01T10:11:22+0000 mm-bot python[6123]: 2026-10-01 10:11:22 ERROR   WebSocket connection closed with code: 1006, reason:
2026-10-01T10:11:22+0000 mm-bot python[6123]: 2026-10-01 10:11:22 ERROR   Auto-reconnect disabled, terminating connection
2026-10-01T10:11:47+0000 mm-bot python[6123]: 2026-10-01 10:11:47 ERROR   WebSocket connection closed with code: 1006, reason:
2026-10-01T10:11:47+0000 mm-bot python[6123]: 2026-10-01 10:11:47 ERROR   Auto-reconnect disabled, terminating connection
2026-10-01T10:12:12+0000 mm-bot python[6123]: 2026-10-01 10:12:12 ERROR   WebSocket connection closed with code: 1006, reason:
2026-10-01T10:12:12+0000 mm-bot python[6123]: 2026-10-01 10:12:12 ERROR   Auto-reconnect disabled, terminating connection
2026-10-01T10:12:20+0000 mm-bot python[6123]: 2026-10-01 10:12:20 INFO    tournament is 'draft' (starts 2026-10-01T16:00:00.000Z) - 237/237 books ready - checking again in 60 s
2026-10-01T10:12:37+0000 mm-bot python[6123]: 2026-10-01 10:12:37 ERROR   WebSocket connection closed with code: 1006, reason:
2026-10-01T10:12:37+0000 mm-bot python[6123]: 2026-10-01 10:12:37 ERROR   Auto-reconnect disabled, terminating connection
2026-10-01T10:13:02+0000 mm-bot python[6123]: 2026-10-01 10:13:02 ERROR   WebSocket connection closed with code: 1006, reason:
2026-10-01T10:13:02+0000 mm-bot python[6123]: 2026-10-01 10:13:02 ERROR   Auto-reconnect disabled, terminating connection
2026-10-01T10:13:27+0000 mm-bot python[6123]: 2026-10-01 10:13:27 INFO    tournament is 'draft' (starts 2026-10-01T16:00:00.000Z) - 237/237 books ready - checking again in 60 s
2026-10-01T10:13:27+0000 mm-bot python[6123]: 2026-10-01 10:13:27 ERROR   WebSocket connection closed with code: 1006, reason:
2026-10-01T10:13:27+0000 mm-bot python[6123]: 2026-10-01 10:13:27 ERROR   Auto-reconnect disabled, terminating connection
2026-10-01T10:13:52+0000 mm-bot python[6123]: 2026-10-01 10:13:52 ERROR   WebSocket connection closed with code: 1006, reason:
2026-10-01T10:13:52+0000 mm-bot python[6123]: 2026-10-01 10:13:52 ERROR   Auto-reconnect disabled, terminating connection
2026-10-01T10:14:17+0000 mm-bot python[6123]: 2026-10-01 10:14:17 ERROR   WebSocket connection closed with code: 1006, reason:
2026-10-01T10:14:17+0000 mm-bot python[6123]: 2026-10-01 10:14:17 ERROR   Auto-reconnect disabled, terminating connection
2026-10-01T10:14:33+0000 mm-bot python[6123]: 2026-10-01 10:14:33 INFO    tournament is 'draft' (starts 2026-10-01T16:00:00.000Z) - 237/237 books ready - checking again in 60 s
2026-10-01T10:14:42+0000 mm-bot python[6123]: 2026-10-01 10:14:42 ERROR   WebSocket connection closed with code: 1006, reason:
2026-10-01T10:14:42+0000 mm-bot python[6123]: 2026-10-01 10:14:42 ERROR   Auto-reconnect disabled, terminating connection
2026-10-01T10:15:07+0000 mm-bot python[6123]: 2026-10-01 10:15:07 ERROR   WebSocket connection closed with code: 1006, reason:
2026-10-01T10:15:07+0000 mm-bot python[6123]: 2026-10-01 10:15:07 ERROR   Auto-reconnect disabled, terminating connection
2026-10-01T10:15:32+0000 mm-bot python[6123]: 2026-10-01 10:15:32 ERROR   WebSocket connection closed with code: 1006, reason:
2026-10-01T10:15:32+0000 mm-bot python[6123]: 2026-10-01 10:15:32 ERROR   Auto-reconnect disabled, terminating connection
2026-10-01T10:15:40+0000 mm-bot python[6123]: 2026-10-01 10:15:40 INFO    tournament is 'draft' (starts 2026-10-01T16:00:00.000Z) - 237/237 books ready - checking again in 60 s
2026-10-01T10:15:57+0000 mm-bot python[6123]: 2026-10-01 10:15:57 ERROR   WebSocket connection closed with code: 1006, reason:
2026-10-01T10:15:57+0000 mm-bot python[6123]: 2026-10-01 10:15:57 ERROR   Auto-reconnect disabled, terminating connection
2026-10-01T10:16:22+0000 mm-bot python[6123]: 2026-10-01 10:16:22 ERROR   WebSocket connection closed with code: 1006, reason:
2026-10-01T10:16:22+0000 mm-bot python[6123]: 2026-10-01 10:16:22 ERROR   Auto-reconnect disabled, terminating connection
2026-10-01T10:16:46+0000 mm-bot python[6123]: 2026-10-01 10:16:46 INFO    tournament is 'draft' (starts 2026-10-01T16:00:00.000Z) - 237/237 books ready - checking again in 60 s
2026-10-01T10:16:47+0000 mm-bot python[6123]: 2026-10-01 10:16:47 ERROR   WebSocket connection closed with code: 1006, reason:
2026-10-01T10:16:47+0000 mm-bot python[6123]: 2026-10-01 10:16:47 ERROR   Auto-reconnect disabled, terminating connection
2026-10-01T10:17:12+0000 mm-bot python[6123]: 2026-10-01 10:17:12 ERROR   WebSocket connection closed with code: 1006, reason:
2026-10-01T10:17:12+0000 mm-bot python[6123]: 2026-10-01 10:17:12 ERROR   Auto-reconnect disabled, terminating connection
2026-10-01T10:17:37+0000 mm-bot python[6123]: 2026-10-01 10:17:37 ERROR   WebSocket connection closed with code: 1006, reason:
2026-10-01T10:17:37+0000 mm-bot python[6123]: 2026-10-01 10:17:37 ERROR   Auto-reconnect disabled, terminating connection
2026-10-01T10:17:53+0000 mm-bot python[6123]: 2026-10-01 10:17:53 INFO    tournament is 'draft' (starts 2026-10-01T16:00:00.000Z) - 237/237 books ready - checking again in 60 s
2026-10-01T10:18:02+0000 mm-bot python[6123]: 2026-10-01 10:18:02 ERROR   WebSocket connection closed with code: 1006, reason:
2026-10-01T10:18:02+0000 mm-bot python[6123]: 2026-10-01 10:18:02 ERROR   Auto-reconnect disabled, terminating connection
2026-10-01T10:18:27+0000 mm-bot python[6123]: 2026-10-01 10:18:27 ERROR   WebSocket connection closed with code: 1006, reason:
2026-10-01T10:18:27+0000 mm-bot python[6123]: 2026-10-01 10:18:27 ERROR   Auto-reconnect disabled, terminating connection
2026-10-01T10:18:52+0000 mm-bot python[6123]: 2026-10-01 10:18:52 ERROR   WebSocket connection closed with code: 1006, reason:
2026-10-01T10:18:52+0000 mm-bot python[6123]: 2026-10-01 10:18:52 ERROR   Auto-reconnect disabled, terminating connection
2026-10-01T10:19:00+0000 mm-bot python[6123]: 2026-10-01 10:19:00 INFO    tournament is 'draft' (starts 2026-10-01T16:00:00.000Z) - 237/237 books ready - checking again in 60 s
2026-10-01T10:19:17+0000 mm-bot python[6123]: 2026-10-01 10:19:17 ERROR   WebSocket connection closed with code: 1006, reason:
2026-10-01T10:19:17+0000 mm-bot python[6123]: 2026-10-01 10:19:17 ERROR   Auto-reconnect disabled, terminating connection
2026-10-01T10:19:42+0000 mm-bot python[6123]: 2026-10-01 10:19:42 ERROR   WebSocket connection closed with code: 1006, reason:
2026-10-01T10:19:42+0000 mm-bot python[6123]: 2026-10-01 10:19:42 ERROR   Auto-reconnect disabled, terminating connection
2026-10-01T10:20:06+0000 mm-bot python[6123]: 2026-10-01 10:20:06 INFO    tournament is 'draft' (starts 2026-10-01T16:00:00.000Z) - 237/237 books ready - checking again in 60 s
2026-10-01T10:20:07+0000 mm-bot python[6123]: 2026-10-01 10:20:07 ERROR   WebSocket connection closed with code: 1006, reason:
2026-10-01T10:20:07+0000 mm-bot python[6123]: 2026-10-01 10:20:07 ERROR   Auto-reconnect disabled, terminating connection
2026-10-01T10:20:32+0000 mm-bot python[6123]: 2026-10-01 10:20:32 ERROR   WebSocket connection closed with code: 1006, reason:
2026-10-01T10:20:32+0000 mm-bot python[6123]: 2026-10-01 10:20:32 ERROR   Auto-reconnect disabled, terminating connection
2026-10-01T10:20:57+0000 mm-bot python[6123]: 2026-10-01 10:20:57 ERROR   WebSocket connection closed with code: 1006, reason:
2026-10-01T10:20:57+0000 mm-bot python[6123]: 2026-10-01 10:20:57 ERROR   Auto-reconnect disabled, terminating connection
2026-10-01T10:21:13+0000 mm-bot python[6123]: 2026-10-01 10:21:13 INFO    tournament is 'draft' (starts 2026-10-01T16:00:00.000Z) - 237/237 books ready - checking again in 60 s
2026-10-01T10:21:22+0000 mm-bot python[6123]: 2026-10-01 10:21:22 ERROR   WebSocket connection closed with code: 1006, reason:
2026-10-01T10:21:22+0000 mm-bot python[6123]: 2026-10-01 10:21:22 ERROR   Auto-reconnect disabled, terminating connection
2026-10-01T10:21:47+0000 mm-bot python[6123]: 2026-10-01 10:21:47 ERROR   WebSocket connection closed with code: 1006, reason:
2026-10-01T10:21:47+0000 mm-bot python[6123]: 2026-10-01 10:21:47 ERROR   Auto-reconnect disabled, terminating connection
2026-10-01T10:22:12+0000 mm-bot python[6123]: 2026-10-01 10:22:12 ERROR   WebSocket connection closed with code: 1006, reason:
2026-10-01T10:22:12+0000 mm-bot python[6123]: 2026-10-01 10:22:12 ERROR   Auto-reconnect disabled, terminating connection
2026-10-01T10:22:19+0000 mm-bot python[6123]: 2026-10-01 10:22:19 INFO    tournament is 'draft' (starts 2026-10-01T16:00:00.000Z) - 237/237 books ready - checking again in 60 s
2026-10-01T10:22:37+0000 mm-bot python[6123]: 2026-10-01 10:22:37 ERROR   WebSocket connection closed with code: 1006, reason:
2026-10-01T10:22:37+0000 mm-bot python[6123]: 2026-10-01 10:22:37 ERROR   Auto-reconnect disabled, terminating connection
2026-10-01T10:23:02+0000 mm-bot python[6123]: 2026-10-01 10:23:02 ERROR   WebSocket connection closed with code: 1006, reason:
2026-10-01T10:23:02+0000 mm-bot python[6123]: 2026-10-01 10:23:02 ERROR   Auto-reconnect disabled, terminating connection
2026-10-01T10:23:26+0000 mm-bot python[6123]: 2026-10-01 10:23:26 INFO    tournament is 'draft' (starts 2026-10-01T16:00:00.000Z) - 237/237 books ready - checking again in 60 s
2026-10-01T10:23:27+0000 mm-bot python[6123]: 2026-10-01 10:23:27 ERROR   WebSocket connection closed with code: 1006, reason:
2026-10-01T10:23:27+0000 mm-bot python[6123]: 2026-10-01 10:23:27 ERROR   Auto-reconnect disabled, terminating connection
2026-10-01T10:23:52+0000 mm-bot python[6123]: 2026-10-01 10:23:52 ERROR   WebSocket connection closed with code: 1006, reason:
2026-10-01T10:23:52+0000 mm-bot python[6123]: 2026-10-01 10:23:52 ERROR   Auto-reconnect disabled, terminating connection
2026-10-01T10:24:17+0000 mm-bot python[6123]: 2026-10-01 10:24:17 ERROR   WebSocket connection closed with code: 1006, reason:
2026-10-01T10:24:17+0000 mm-bot python[6123]: 2026-10-01 10:24:17 ERROR   Auto-reconnect disabled, terminating connection
2026-10-01T10:24:33+0000 mm-bot python[6123]: 2026-10-01 10:24:33 INFO    tournament is 'draft' (starts 2026-10-01T16:00:00.000Z) - 237/237 books ready - checking again in 60 s
2026-10-01T10:24:42+0000 mm-bot python[6123]: 2026-10-01 10:24:42 ERROR   WebSocket connection closed with code: 1006, reason:
2026-10-01T10:24:42+0000 mm-bot python[6123]: 2026-10-01 10:24:42 ERROR   Auto-reconnect disabled, terminating connection
2026-10-01T10:25:07+0000 mm-bot python[6123]: 2026-10-01 10:25:07 ERROR   WebSocket connection closed with code: 1006, reason:
2026-10-01T10:25:07+0000 mm-bot python[6123]: 2026-10-01 10:25:07 ERROR   Auto-reconnect disabled, terminating connection
2026-10-01T10:25:08+0000 mm-bot python[6123]: 2026-10-01 10:25:08 INFO    stop requested - finishing the current request, then cancelling all orders (Ctrl+C again to force)
2026-10-01T10:25:08+0000 mm-bot systemd[1]: Stopping SIG Predictions Cup market-making bot...
2026-10-01T10:25:09+0000 mm-bot python[6123]: 2026-10-01 10:25:09 INFO    all orders cancelled
2026-10-01T10:25:09+0000 mm-bot python[6123]: 2026-10-01 10:25:09 WARNING ALERT: bot stopped, all orders cancelled
2026-10-01T10:25:09+0000 mm-bot systemd[1]: mmbot.service: Deactivated successfully.
2026-10-01T10:25:09+0000 mm-bot systemd[1]: Stopped SIG Predictions Cup market-making bot.
2026-10-01T10:25:09+0000 mm-bot systemd[1]: mmbot.service: Consumed 4h 42min 50.801s CPU time.
2026-10-01T10:25:09+0000 mm-bot systemd[1]: Started SIG Predictions Cup market-making bot.
2026-10-01T10:25:09+0000 mm-bot python[28162]: 2026-10-01 10:25:09 INFO    Mode: LIVE
2026-10-01T10:25:10+0000 mm-bot python[28162]: 2026-10-01 10:25:10 INFO    reference prices on: 229 contracts mapped in /opt/mmbot/ref_map.json
2026-10-01T10:25:11+0000 mm-bot python[28162]: 2026-10-01 10:25:11 INFO    Tracking 237 exchanges in 117 races
2026-10-01T10:25:11+0000 mm-bot python[28162]: 2026-10-01 10:25:11 WARNING ALERT: bot starting (live)
2026-10-01T10:25:12+0000 mm-bot python[28162]: 2026-10-01 10:25:12 INFO    realtime feed connected - reacting to pushed updates
2026-10-01T10:25:12+0000 mm-bot python[28162]: 2026-10-01 10:25:12 INFO    realtime: subscribed to tournament - full resync next cycle
2026-10-01T10:25:12+0000 mm-bot python[28162]: 2026-10-01 10:25:12 INFO    realtime: subscribed to user - full resync next cycle
2026-10-01T10:25:19+0000 mm-bot python[28162]: 2026-10-01 10:25:19 INFO    tournament is 'draft' (starts 2026-10-01T16:00:00.000Z) - 10/237 books ready - checking again in 60 s
2026-10-01T10:25:20+0000 mm-bot python[28162]: 2026-10-01 10:25:20 INFO    mm_bot: +0 (+0.0%)
2026-10-01T10:25:20+0000 mm-bot python[28162]: Status: OK | waiting for the open (01 Oct 16:00 UTC), 10/237 order books ready
2026-10-01T10:25:20+0000 mm-bot python[28162]: Account 100,000 (+0 total)
2026-10-01T10:25:20+0000 mm-bot python[28162]: Rank: not ranked yet | Smart Score: not scored yet
2026-10-01T10:25:20+0000 mm-bot python[28162]: Last 2h: 0 fills, 0 shares, edge +0.00c, markout +0.00c, 0 arbitrages, 0 takes
2026-10-01T10:26:27+0000 mm-bot python[28162]: 2026-10-01 10:26:27 INFO    tournament is 'draft' (starts 2026-10-01T16:00:00.000Z) - 20/237 books ready - checking again in 60 s
2026-10-01T10:27:23+0000 mm-bot python[28162]: 2026-10-01 10:27:23 INFO    stop requested - finishing the current request, then cancelling all orders (Ctrl+C again to force)
2026-10-01T10:27:23+0000 mm-bot systemd[1]: Stopping SIG Predictions Cup market-making bot...
2026-10-01T10:27:24+0000 mm-bot python[28162]: 2026-10-01 10:27:24 INFO    all orders cancelled
2026-10-01T10:27:24+0000 mm-bot python[28162]: 2026-10-01 10:27:24 WARNING ALERT: bot stopped, all orders cancelled
2026-10-01T10:27:24+0000 mm-bot systemd[1]: mmbot.service: Deactivated successfully.
2026-10-01T10:27:24+0000 mm-bot systemd[1]: Stopped SIG Predictions Cup market-making bot.
2026-10-01T10:27:24+0000 mm-bot systemd[1]: mmbot.service: Consumed 10.180s CPU time.
2026-10-01T10:27:24+0000 mm-bot systemd[1]: Started SIG Predictions Cup market-making bot.
2026-10-01T10:27:24+0000 mm-bot python[28561]: 2026-10-01 10:27:24 INFO    Mode: LIVE
2026-10-01T10:27:24+0000 mm-bot python[28561]: 2026-10-01 10:27:24 INFO    reference prices on: 229 contracts mapped in /opt/mmbot/ref_map.json
2026-10-01T10:27:26+0000 mm-bot python[28561]: 2026-10-01 10:27:26 INFO    Tracking 237 exchanges in 117 races
2026-10-01T10:27:26+0000 mm-bot python[28561]: 2026-10-01 10:27:26 WARNING ALERT: bot starting (live)
2026-10-01T10:27:26+0000 mm-bot python[28561]: 2026-10-01 10:27:26 INFO    realtime feed connected - reacting to pushed updates
2026-10-01T10:27:26+0000 mm-bot python[28561]: 2026-10-01 10:27:26 INFO    realtime: subscribed to tournament - full resync next cycle
2026-10-01T10:27:26+0000 mm-bot python[28561]: 2026-10-01 10:27:26 INFO    realtime: subscribed to user - full resync next cycle
2026-10-01T10:27:33+0000 mm-bot python[28561]: 2026-10-01 10:27:33 INFO    tournament is 'draft' (starts 2026-10-01T16:00:00.000Z) - 10/237 books ready - checking again in 60 s
2026-10-01T10:27:35+0000 mm-bot python[28561]: 2026-10-01 10:27:35 INFO    mm_bot: +0 (+0.0%)
2026-10-01T10:27:35+0000 mm-bot python[28561]: Status: OK | waiting for the open (01 Oct 16:00 UTC), 10/237 order books ready
2026-10-01T10:27:35+0000 mm-bot python[28561]: Account 100,000 (+0 total)
2026-10-01T10:27:35+0000 mm-bot python[28561]: Rank: not ranked yet | Smart Score: not scored yet
2026-10-01T10:27:35+0000 mm-bot python[28561]: Last 2h: 0 fills, 0 shares, edge +0.00c, markout +0.00c, 0 arbitrages, 0 takes
2026-10-01T10:28:42+0000 mm-bot python[28561]: 2026-10-01 10:28:42 INFO    tournament is 'draft' (starts 2026-10-01T16:00:00.000Z) - 20/237 books ready - checking again in 60 s
2026-10-01T10:29:48+0000 mm-bot python[28561]: 2026-10-01 10:29:48 INFO    tournament is 'draft' (starts 2026-10-01T16:00:00.000Z) - 30/237 books ready - checking again in 60 s
2026-10-01T10:30:55+0000 mm-bot python[28561]: 2026-10-01 10:30:55 INFO    tournament is 'draft' (starts 2026-10-01T16:00:00.000Z) - 40/237 books ready - checking again in 60 s
2026-10-01T10:32:01+0000 mm-bot python[28561]: 2026-10-01 10:32:01 INFO    tournament is 'draft' (starts 2026-10-01T16:00:00.000Z) - 50/237 books ready - checking again in 60 s
2026-10-01T10:33:08+0000 mm-bot python[28561]: 2026-10-01 10:33:08 INFO    tournament is 'draft' (starts 2026-10-01T16:00:00.000Z) - 60/237 books ready - checking again in 60 s
2026-10-01T10:34:15+0000 mm-bot python[28561]: 2026-10-01 10:34:15 INFO    tournament is 'draft' (starts 2026-10-01T16:00:00.000Z) - 70/237 books ready - checking again in 60 s
2026-10-01T10:35:21+0000 mm-bot python[28561]: 2026-10-01 10:35:21 INFO    tournament is 'draft' (starts 2026-10-01T16:00:00.000Z) - 80/237 books ready - checking again in 60 s
2026-10-01T10:36:28+0000 mm-bot python[28561]: 2026-10-01 10:36:28 INFO    tournament is 'draft' (starts 2026-10-01T16:00:00.000Z) - 90/237 books ready - checking again in 60 s
2026-10-01T10:37:34+0000 mm-bot python[28561]: 2026-10-01 10:37:34 INFO    tournament is 'draft' (starts 2026-10-01T16:00:00.000Z) - 100/237 books ready - checking again in 60 s
2026-10-01T10:38:41+0000 mm-bot python[28561]: 2026-10-01 10:38:41 INFO    tournament is 'draft' (starts 2026-10-01T16:00:00.000Z) - 110/237 books ready - checking again in 60 s
2026-10-01T10:39:48+0000 mm-bot python[28561]: 2026-10-01 10:39:48 INFO    tournament is 'draft' (starts 2026-10-01T16:00:00.000Z) - 120/237 books ready - checking again in 60 s
2026-10-01T10:40:54+0000 mm-bot python[28561]: 2026-10-01 10:40:54 INFO    tournament is 'draft' (starts 2026-10-01T16:00:00.000Z) - 130/237 books ready - checking again in 60 s
2026-10-01T10:42:01+0000 mm-bot python[28561]: 2026-10-01 10:42:01 INFO    tournament is 'draft' (starts 2026-10-01T16:00:00.000Z) - 140/237 books ready - checking again in 60 s
2026-10-01T10:43:07+0000 mm-bot python[28561]: 2026-10-01 10:43:07 INFO    tournament is 'draft' (starts 2026-10-01T16:00:00.000Z) - 150/237 books ready - checking again in 60 s
2026-10-01T10:44:14+0000 mm-bot python[28561]: 2026-10-01 10:44:14 INFO    tournament is 'draft' (starts 2026-10-01T16:00:00.000Z) - 160/237 books ready - checking again in 60 s
2026-10-01T10:45:21+0000 mm-bot python[28561]: 2026-10-01 10:45:21 INFO    tournament is 'draft' (starts 2026-10-01T16:00:00.000Z) - 170/237 books ready - checking again in 60 s
2026-10-01T10:46:27+0000 mm-bot python[28561]: 2026-10-01 10:46:27 INFO    tournament is 'draft' (starts 2026-10-01T16:00:00.000Z) - 180/237 books ready - checking again in 60 s
2026-10-01T10:47:34+0000 mm-bot python[28561]: 2026-10-01 10:47:34 INFO    tournament is 'draft' (starts 2026-10-01T16:00:00.000Z) - 190/237 books ready - checking again in 60 s
2026-10-01T10:48:40+0000 mm-bot python[28561]: 2026-10-01 10:48:40 INFO    tournament is 'draft' (starts 2026-10-01T16:00:00.000Z) - 200/237 books ready - checking again in 60 s
2026-10-01T10:49:47+0000 mm-bot python[28561]: 2026-10-01 10:49:47 INFO    tournament is 'draft' (starts 2026-10-01T16:00:00.000Z) - 210/237 books ready - checking again in 60 s
2026-10-01T10:50:54+0000 mm-bot python[28561]: 2026-10-01 10:50:54 INFO    tournament is 'draft' (starts 2026-10-01T16:00:00.000Z) - 220/237 books ready - checking again in 60 s
2026-10-01T10:52:00+0000 mm-bot python[28561]: 2026-10-01 10:52:00 INFO    tournament is 'draft' (starts 2026-10-01T16:00:00.000Z) - 230/237 books ready - checking again in 60 s
2026-10-01T10:53:07+0000 mm-bot python[28561]: 2026-10-01 10:53:07 INFO    tournament is 'draft' (starts 2026-10-01T16:00:00.000Z) - 237/237 books ready - checking again in 60 s
2026-10-01T10:54:13+0000 mm-bot python[28561]: 2026-10-01 10:54:13 INFO    tournament is 'draft' (starts 2026-10-01T16:00:00.000Z) - 237/237 books ready - checking again in 60 s
2026-10-01T10:55:20+0000 mm-bot python[28561]: 2026-10-01 10:55:20 INFO    tournament is 'draft' (starts 2026-10-01T16:00:00.000Z) - 237/237 books ready - checking again in 60 s
2026-10-01T10:56:27+0000 mm-bot python[28561]: 2026-10-01 10:56:27 INFO    tournament is 'draft' (starts 2026-10-01T16:00:00.000Z) - 237/237 books ready - checking again in 60 s
2026-10-01T10:57:33+0000 mm-bot python[28561]: 2026-10-01 10:57:33 INFO    tournament is 'draft' (starts 2026-10-01T16:00:00.000Z) - 237/237 books ready - checking again in 60 s
2026-10-01T10:58:40+0000 mm-bot python[28561]: 2026-10-01 10:58:40 INFO    tournament is 'draft' (starts 2026-10-01T16:00:00.000Z) - 237/237 books ready - checking again in 60 s
2026-10-01T10:59:46+0000 mm-bot python[28561]: 2026-10-01 10:59:46 INFO    tournament is 'draft' (starts 2026-10-01T16:00:00.000Z) - 237/237 books ready - checking again in 60 s
2026-10-01T11:00:53+0000 mm-bot python[28561]: 2026-10-01 11:00:53 INFO    tournament is 'draft' (starts 2026-10-01T16:00:00.000Z) - 237/237 books ready - checking again in 60 s
2026-10-01T11:02:00+0000 mm-bot python[28561]: 2026-10-01 11:02:00 INFO    tournament is 'draft' (starts 2026-10-01T16:00:00.000Z) - 237/237 books ready - checking again in 60 s
2026-10-01T11:03:06+0000 mm-bot python[28561]: 2026-10-01 11:03:06 INFO    tournament is 'draft' (starts 2026-10-01T16:00:00.000Z) - 237/237 books ready - checking again in 60 s
2026-10-01T11:04:12+0000 mm-bot python[28561]: 2026-10-01 11:04:12 INFO    tournament is 'draft' (starts 2026-10-01T16:00:00.000Z) - 237/237 books ready - checking again in 60 s
2026-10-01T11:05:19+0000 mm-bot python[28561]: 2026-10-01 11:05:19 INFO    tournament is 'draft' (starts 2026-10-01T16:00:00.000Z) - 237/237 books ready - checking again in 60 s
2026-10-01T11:06:25+0000 mm-bot python[28561]: 2026-10-01 11:06:25 INFO    tournament is 'draft' (starts 2026-10-01T16:00:00.000Z) - 237/237 books ready - checking again in 60 s
2026-10-01T11:07:32+0000 mm-bot python[28561]: 2026-10-01 11:07:32 INFO    tournament is 'draft' (starts 2026-10-01T16:00:00.000Z) - 237/237 books ready - checking again in 60 s
2026-10-01T11:08:38+0000 mm-bot python[28561]: 2026-10-01 11:08:38 INFO    tournament is 'draft' (starts 2026-10-01T16:00:00.000Z) - 237/237 books ready - checking again in 60 s
2026-10-01T11:09:45+0000 mm-bot python[28561]: 2026-10-01 11:09:45 INFO    tournament is 'draft' (starts 2026-10-01T16:00:00.000Z) - 237/237 books ready - checking again in 60 s
2026-10-01T11:10:52+0000 mm-bot python[28561]: 2026-10-01 11:10:52 INFO    tournament is 'draft' (starts 2026-10-01T16:00:00.000Z) - 237/237 books ready - checking again in 60 s
2026-10-01T11:11:58+0000 mm-bot python[28561]: 2026-10-01 11:11:58 INFO    tournament is 'draft' (starts 2026-10-01T16:00:00.000Z) - 237/237 books ready - checking again in 60 s
2026-10-01T11:13:05+0000 mm-bot python[28561]: 2026-10-01 11:13:05 INFO    tournament is 'draft' (starts 2026-10-01T16:00:00.000Z) - 237/237 books ready - checking again in 60 s
2026-10-01T11:14:11+0000 mm-bot python[28561]: 2026-10-01 11:14:11 INFO    tournament is 'draft' (starts 2026-10-01T16:00:00.000Z) - 237/237 books ready - checking again in 60 s
2026-10-01T11:15:18+0000 mm-bot python[28561]: 2026-10-01 11:15:18 INFO    tournament is 'draft' (starts 2026-10-01T16:00:00.000Z) - 237/237 books ready - checking again in 60 s
2026-10-01T11:16:25+0000 mm-bot python[28561]: 2026-10-01 11:16:25 INFO    tournament is 'draft' (starts 2026-10-01T16:00:00.000Z) - 237/237 books ready - checking again in 60 s
2026-10-01T11:17:31+0000 mm-bot python[28561]: 2026-10-01 11:17:31 INFO    tournament is 'draft' (starts 2026-10-01T16:00:00.000Z) - 237/237 books ready - checking again in 60 s
2026-10-01T11:18:42+0000 mm-bot python[28561]: 2026-10-01 11:18:42 INFO    tournament is 'draft' (starts 2026-10-01T16:00:00.000Z) - 237/237 books ready - checking again in 60 s
2026-10-01T11:19:49+0000 mm-bot python[28561]: 2026-10-01 11:19:49 INFO    tournament is 'draft' (starts 2026-10-01T16:00:00.000Z) - 237/237 books ready - checking again in 60 s
2026-10-01T11:20:55+0000 mm-bot python[28561]: 2026-10-01 11:20:55 INFO    tournament is 'draft' (starts 2026-10-01T16:00:00.000Z) - 237/237 books ready - checking again in 60 s
2026-10-01T11:22:02+0000 mm-bot python[28561]: 2026-10-01 11:22:02 INFO    tournament is 'draft' (starts 2026-10-01T16:00:00.000Z) - 237/237 books ready - checking again in 60 s
2026-10-01T11:23:09+0000 mm-bot python[28561]: 2026-10-01 11:23:09 INFO    tournament is 'draft' (starts 2026-10-01T16:00:00.000Z) - 237/237 books ready - checking again in 60 s
2026-10-01T11:24:15+0000 mm-bot python[28561]: 2026-10-01 11:24:15 INFO    tournament is 'draft' (starts 2026-10-01T16:00:00.000Z) - 237/237 books ready - checking again in 60 s
2026-10-01T11:25:22+0000 mm-bot python[28561]: 2026-10-01 11:25:22 INFO    tournament is 'draft' (starts 2026-10-01T16:00:00.000Z) - 237/237 books ready - checking again in 60 s
2026-10-01T11:26:28+0000 mm-bot python[28561]: 2026-10-01 11:26:28 INFO    tournament is 'draft' (starts 2026-10-01T16:00:00.000Z) - 237/237 books ready - checking again in 60 s
2026-10-01T11:27:27+0000 mm-bot python[28561]: 2026-10-01 11:27:27 INFO    realtime: renewing the session (fresh login, full resync)
2026-10-01T11:27:28+0000 mm-bot python[28561]: 2026-10-01 11:27:28 INFO    realtime feed connected - reacting to pushed updates
2026-10-01T11:27:28+0000 mm-bot python[28561]: 2026-10-01 11:27:28 INFO    realtime: subscribed to tournament - full resync next cycle
2026-10-01T11:27:28+0000 mm-bot python[28561]: 2026-10-01 11:27:28 INFO    realtime: subscribed to user - full resync next cycle
2026-10-01T11:27:35+0000 mm-bot python[28561]: 2026-10-01 11:27:35 INFO    tournament is 'draft' (starts 2026-10-01T16:00:00.000Z) - 237/237 books ready - checking again in 60 s
2026-10-01T11:28:42+0000 mm-bot python[28561]: 2026-10-01 11:28:42 INFO    tournament is 'draft' (starts 2026-10-01T16:00:00.000Z) - 237/237 books ready - checking again in 60 s
2026-10-01T11:29:48+0000 mm-bot python[28561]: 2026-10-01 11:29:48 INFO    tournament is 'draft' (starts 2026-10-01T16:00:00.000Z) - 237/237 books ready - checking again in 60 s
2026-10-01T11:30:55+0000 mm-bot python[28561]: 2026-10-01 11:30:55 INFO    tournament is 'draft' (starts 2026-10-01T16:00:00.000Z) - 237/237 books ready - checking again in 60 s
2026-10-01T11:32:02+0000 mm-bot python[28561]: 2026-10-01 11:32:02 INFO    tournament is 'draft' (starts 2026-10-01T16:00:00.000Z) - 237/237 books ready - checking again in 60 s
2026-10-01T11:33:08+0000 mm-bot python[28561]: 2026-10-01 11:33:08 INFO    tournament is 'draft' (starts 2026-10-01T16:00:00.000Z) - 237/237 books ready - checking again in 60 s
2026-10-01T11:34:15+0000 mm-bot python[28561]: 2026-10-01 11:34:15 INFO    tournament is 'draft' (starts 2026-10-01T16:00:00.000Z) - 237/237 books ready - checking again in 60 s
2026-10-01T11:35:21+0000 mm-bot python[28561]: 2026-10-01 11:35:21 INFO    tournament is 'draft' (starts 2026-10-01T16:00:00.000Z) - 237/237 books ready - checking again in 60 s
2026-10-01T11:36:28+0000 mm-bot python[28561]: 2026-10-01 11:36:28 INFO    tournament is 'draft' (starts 2026-10-01T16:00:00.000Z) - 237/237 books ready - checking again in 60 s
2026-10-01T11:37:35+0000 mm-bot python[28561]: 2026-10-01 11:37:35 INFO    tournament is 'draft' (starts 2026-10-01T16:00:00.000Z) - 237/237 books ready - checking again in 60 s
2026-10-01T11:38:41+0000 mm-bot python[28561]: 2026-10-01 11:38:41 INFO    tournament is 'draft' (starts 2026-10-01T16:00:00.000Z) - 237/237 books ready - checking again in 60 s
2026-10-01T11:39:48+0000 mm-bot python[28561]: 2026-10-01 11:39:48 INFO    tournament is 'draft' (starts 2026-10-01T16:00:00.000Z) - 237/237 books ready - checking again in 60 s
2026-10-01T11:40:54+0000 mm-bot python[28561]: 2026-10-01 11:40:54 INFO    tournament is 'draft' (starts 2026-10-01T16:00:00.000Z) - 237/237 books ready - checking again in 60 s
2026-10-01T11:42:01+0000 mm-bot python[28561]: 2026-10-01 11:42:01 INFO    tournament is 'draft' (starts 2026-10-01T16:00:00.000Z) - 237/237 books ready - checking again in 60 s
2026-10-01T11:43:08+0000 mm-bot python[28561]: 2026-10-01 11:43:08 INFO    tournament is 'draft' (starts 2026-10-01T16:00:00.000Z) - 237/237 books ready - checking again in 60 s
2026-10-01T11:44:14+0000 mm-bot python[28561]: 2026-10-01 11:44:14 INFO    tournament is 'draft' (starts 2026-10-01T16:00:00.000Z) - 237/237 books ready - checking again in 60 s
2026-10-01T11:45:21+0000 mm-bot python[28561]: 2026-10-01 11:45:21 INFO    tournament is 'draft' (starts 2026-10-01T16:00:00.000Z) - 237/237 books ready - checking again in 60 s
2026-10-01T11:46:27+0000 mm-bot python[28561]: 2026-10-01 11:46:27 INFO    tournament is 'draft' (starts 2026-10-01T16:00:00.000Z) - 237/237 books ready - checking again in 60 s
2026-10-01T11:47:34+0000 mm-bot python[28561]: 2026-10-01 11:47:34 INFO    tournament is 'draft' (starts 2026-10-01T16:00:00.000Z) - 237/237 books ready - checking again in 60 s
2026-10-01T11:48:41+0000 mm-bot python[28561]: 2026-10-01 11:48:41 INFO    tournament is 'draft' (starts 2026-10-01T16:00:00.000Z) - 237/237 books ready - checking again in 60 s
2026-10-01T11:49:47+0000 mm-bot python[28561]: 2026-10-01 11:49:47 INFO    tournament is 'draft' (starts 2026-10-01T16:00:00.000Z) - 237/237 books ready - checking again in 60 s
2026-10-01T11:50:54+0000 mm-bot python[28561]: 2026-10-01 11:50:54 INFO    tournament is 'draft' (starts 2026-10-01T16:00:00.000Z) - 237/237 books ready - checking again in 60 s
2026-10-01T11:52:00+0000 mm-bot python[28561]: 2026-10-01 11:52:00 INFO    tournament is 'draft' (starts 2026-10-01T16:00:00.000Z) - 237/237 books ready - checking again in 60 s
2026-10-01T11:53:07+0000 mm-bot python[28561]: 2026-10-01 11:53:07 INFO    tournament is 'draft' (starts 2026-10-01T16:00:00.000Z) - 237/237 books ready - checking again in 60 s
2026-10-01T11:54:14+0000 mm-bot python[28561]: 2026-10-01 11:54:14 INFO    tournament is 'draft' (starts 2026-10-01T16:00:00.000Z) - 237/237 books ready - checking again in 60 s
2026-10-01T11:55:20+0000 mm-bot python[28561]: 2026-10-01 11:55:20 INFO    tournament is 'draft' (starts 2026-10-01T16:00:00.000Z) - 237/237 books ready - checking again in 60 s
2026-10-01T11:56:27+0000 mm-bot python[28561]: 2026-10-01 11:56:27 INFO    tournament is 'draft' (starts 2026-10-01T16:00:00.000Z) - 237/237 books ready - checking again in 60 s
2026-10-01T11:57:33+0000 mm-bot python[28561]: 2026-10-01 11:57:33 INFO    tournament is 'draft' (starts 2026-10-01T16:00:00.000Z) - 237/237 books ready - checking again in 60 s
2026-10-01T11:58:40+0000 mm-bot python[28561]: 2026-10-01 11:58:40 INFO    tournament is 'draft' (starts 2026-10-01T16:00:00.000Z) - 237/237 books ready - checking again in 60 s
2026-10-01T11:59:47+0000 mm-bot python[28561]: 2026-10-01 11:59:47 INFO    tournament is 'draft' (starts 2026-10-01T16:00:00.000Z) - 237/237 books ready - checking again in 60 s
2026-10-01T12:00:53+0000 mm-bot python[28561]: 2026-10-01 12:00:53 INFO    tournament is 'draft' (starts 2026-10-01T16:00:00.000Z) - 237/237 books ready - checking again in 60 s
2026-10-01T12:00:55+0000 mm-bot python[28561]: 2026-10-01 12:00:55 INFO    mm_bot: +0 (+0.0%)
2026-10-01T12:00:55+0000 mm-bot python[28561]: Status: OK | waiting for the open (01 Oct 16:00 UTC), 237/237 order books ready
2026-10-01T12:00:55+0000 mm-bot python[28561]: Account 100,000 (+0 total)
2026-10-01T12:00:55+0000 mm-bot python[28561]: Rank: not ranked yet | Smart Score: not scored yet
2026-10-01T12:00:55+0000 mm-bot python[28561]: Last 2h: 0 fills, 0 shares, edge +0.00c, markout +0.00c, 0 arbitrages, 0 takes
2026-10-01T12:02:02+0000 mm-bot python[28561]: 2026-10-01 12:02:02 INFO    tournament is 'draft' (starts 2026-10-01T16:00:00.000Z) - 237/237 books ready - checking again in 60 s
2026-10-01T12:03:08+0000 mm-bot python[28561]: 2026-10-01 12:03:08 INFO    tournament is 'draft' (starts 2026-10-01T16:00:00.000Z) - 237/237 books ready - checking again in 60 s
2026-10-01T12:04:15+0000 mm-bot python[28561]: 2026-10-01 12:04:15 INFO    tournament is 'draft' (starts 2026-10-01T16:00:00.000Z) - 237/237 books ready - checking again in 60 s
2026-10-01T12:05:21+0000 mm-bot python[28561]: 2026-10-01 12:05:21 INFO    tournament is 'draft' (starts 2026-10-01T16:00:00.000Z) - 237/237 books ready - checking again in 60 s
2026-10-01T12:06:28+0000 mm-bot python[28561]: 2026-10-01 12:06:28 INFO    tournament is 'draft' (starts 2026-10-01T16:00:00.000Z) - 237/237 books ready - checking again in 60 s
2026-10-01T12:07:34+0000 mm-bot python[28561]: 2026-10-01 12:07:34 INFO    tournament is 'draft' (starts 2026-10-01T16:00:00.000Z) - 237/237 books ready - checking again in 60 s
2026-10-01T12:08:41+0000 mm-bot python[28561]: 2026-10-01 12:08:41 INFO    tournament is 'draft' (starts 2026-10-01T16:00:00.000Z) - 237/237 books ready - checking again in 60 s
2026-10-01T12:09:48+0000 mm-bot python[28561]: 2026-10-01 12:09:48 INFO    tournament is 'draft' (starts 2026-10-01T16:00:00.000Z) - 237/237 books ready - checking again in 60 s
2026-10-01T12:10:54+0000 mm-bot python[28561]: 2026-10-01 12:10:54 INFO    tournament is 'draft' (starts 2026-10-01T16:00:00.000Z) - 237/237 books ready - checking again in 60 s
2026-10-01T12:12:01+0000 mm-bot python[28561]: 2026-10-01 12:12:01 INFO    tournament is 'draft' (starts 2026-10-01T16:00:00.000Z) - 237/237 books ready - checking again in 60 s
2026-10-01T12:13:07+0000 mm-bot python[28561]: 2026-10-01 12:13:07 INFO    tournament is 'draft' (starts 2026-10-01T16:00:00.000Z) - 237/237 books ready - checking again in 60 s
2026-10-01T12:14:14+0000 mm-bot python[28561]: 2026-10-01 12:14:14 INFO    tournament is 'draft' (starts 2026-10-01T16:00:00.000Z) - 237/237 books ready - checking again in 60 s
2026-10-01T12:15:21+0000 mm-bot python[28561]: 2026-10-01 12:15:21 INFO    tournament is 'draft' (starts 2026-10-01T16:00:00.000Z) - 237/237 books ready - checking again in 60 s
2026-10-01T12:15:44+0000 mm-bot python[28561]: 2026-10-01 12:15:44 ERROR   WebSocket connection closed with code: 1006, reason:
2026-10-01T12:15:44+0000 mm-bot python[28561]: 2026-10-01 12:15:44 ERROR   Auto-reconnect disabled, terminating connection
2026-10-01T12:15:44+0000 mm-bot python[28561]: 2026-10-01 12:15:44 WARNING realtime feed down (socket closed) - polling meanwhile, reconnecting in 2 s
2026-10-01T12:15:46+0000 mm-bot python[28561]: 2026-10-01 12:15:46 INFO    realtime feed connected - reacting to pushed updates
2026-10-01T12:15:46+0000 mm-bot python[28561]: 2026-10-01 12:15:46 INFO    realtime: subscribed to tournament - full resync next cycle
2026-10-01T12:15:46+0000 mm-bot python[28561]: 2026-10-01 12:15:46 INFO    realtime: subscribed to user - full resync next cycle
2026-10-01T12:16:27+0000 mm-bot python[28561]: 2026-10-01 12:16:27 INFO    tournament is 'draft' (starts 2026-10-01T16:00:00.000Z) - 237/237 books ready - checking again in 60 s
2026-10-01T12:17:34+0000 mm-bot python[28561]: 2026-10-01 12:17:34 INFO    tournament is 'draft' (starts 2026-10-01T16:00:00.000Z) - 237/237 books ready - checking again in 60 s
2026-10-01T12:18:40+0000 mm-bot python[28561]: 2026-10-01 12:18:40 INFO    tournament is 'draft' (starts 2026-10-01T16:00:00.000Z) - 237/237 books ready - checking again in 60 s
2026-10-01T12:19:47+0000 mm-bot python[28561]: 2026-10-01 12:19:47 INFO    tournament is 'draft' (starts 2026-10-01T16:00:00.000Z) - 237/237 books ready - checking again in 60 s
2026-10-01T12:20:54+0000 mm-bot python[28561]: 2026-10-01 12:20:54 INFO    tournament is 'draft' (starts 2026-10-01T16:00:00.000Z) - 237/237 books ready - checking again in 60 s
2026-10-01T12:22:00+0000 mm-bot python[28561]: 2026-10-01 12:22:00 INFO    tournament is 'draft' (starts 2026-10-01T16:00:00.000Z) - 237/237 books ready - checking again in 60 s
2026-10-01T12:23:07+0000 mm-bot python[28561]: 2026-10-01 12:23:07 INFO    tournament is 'draft' (starts 2026-10-01T16:00:00.000Z) - 237/237 books ready - checking again in 60 s
2026-10-01T12:24:13+0000 mm-bot python[28561]: 2026-10-01 12:24:13 INFO    tournament is 'draft' (starts 2026-10-01T16:00:00.000Z) - 237/237 books ready - checking again in 60 s
2026-10-01T12:25:20+0000 mm-bot python[28561]: 2026-10-01 12:25:20 INFO    tournament is 'draft' (starts 2026-10-01T16:00:00.000Z) - 237/237 books ready - checking again in 60 s
2026-10-01T12:26:27+0000 mm-bot python[28561]: 2026-10-01 12:26:27 INFO    tournament is 'draft' (starts 2026-10-01T16:00:00.000Z) - 237/237 books ready - checking again in 60 s
2026-10-01T12:27:33+0000 mm-bot python[28561]: 2026-10-01 12:27:33 INFO    tournament is 'draft' (starts 2026-10-01T16:00:00.000Z) - 237/237 books ready - checking again in 60 s
2026-10-01T12:28:40+0000 mm-bot python[28561]: 2026-10-01 12:28:40 INFO    tournament is 'draft' (starts 2026-10-01T16:00:00.000Z) - 237/237 books ready - checking again in 60 s
2026-10-01T12:29:46+0000 mm-bot python[28561]: 2026-10-01 12:29:46 INFO    tournament is 'draft' (starts 2026-10-01T16:00:00.000Z) - 237/237 books ready - checking again in 60 s
2026-10-01T12:30:53+0000 mm-bot python[28561]: 2026-10-01 12:30:53 INFO    tournament is 'draft' (starts 2026-10-01T16:00:00.000Z) - 237/237 books ready - checking again in 60 s
2026-10-01T12:32:00+0000 mm-bot python[28561]: 2026-10-01 12:32:00 INFO    tournament is 'draft' (starts 2026-10-01T16:00:00.000Z) - 237/237 books ready - checking again in 60 s
2026-10-01T12:33:06+0000 mm-bot python[28561]: 2026-10-01 12:33:06 INFO    tournament is 'draft' (starts 2026-10-01T16:00:00.000Z) - 237/237 books ready - checking again in 60 s
2026-10-01T12:34:13+0000 mm-bot python[28561]: 2026-10-01 12:34:13 INFO    tournament is 'draft' (starts 2026-10-01T16:00:00.000Z) - 237/237 books ready - checking again in 60 s
2026-10-01T12:35:20+0000 mm-bot python[28561]: 2026-10-01 12:35:20 INFO    tournament is 'draft' (starts 2026-10-01T16:00:00.000Z) - 237/237 books ready - checking again in 60 s
2026-10-01T12:36:26+0000 mm-bot python[28561]: 2026-10-01 12:36:26 INFO    tournament is 'draft' (starts 2026-10-01T16:00:00.000Z) - 237/237 books ready - checking again in 60 s
2026-10-01T12:37:33+0000 mm-bot python[28561]: 2026-10-01 12:37:33 INFO    tournament is 'draft' (starts 2026-10-01T16:00:00.000Z) - 237/237 books ready - checking again in 60 s
2026-10-01T12:38:39+0000 mm-bot python[28561]: 2026-10-01 12:38:39 INFO    tournament is 'draft' (starts 2026-10-01T16:00:00.000Z) - 237/237 books ready - checking again in 60 s
2026-10-01T12:39:46+0000 mm-bot python[28561]: 2026-10-01 12:39:46 INFO    tournament is 'draft' (starts 2026-10-01T16:00:00.000Z) - 237/237 books ready - checking again in 60 s
2026-10-01T12:40:53+0000 mm-bot python[28561]: 2026-10-01 12:40:53 INFO    tournament is 'draft' (starts 2026-10-01T16:00:00.000Z) - 237/237 books ready - checking again in 60 s
2026-10-01T12:41:59+0000 mm-bot python[28561]: 2026-10-01 12:41:59 INFO    tournament is 'draft' (starts 2026-10-01T16:00:00.000Z) - 237/237 books ready - checking again in 60 s
2026-10-01T12:43:06+0000 mm-bot python[28561]: 2026-10-01 12:43:06 INFO    tournament is 'draft' (starts 2026-10-01T16:00:00.000Z) - 237/237 books ready - checking again in 60 s
2026-10-01T12:44:13+0000 mm-bot python[28561]: 2026-10-01 12:44:13 INFO    tournament is 'draft' (starts 2026-10-01T16:00:00.000Z) - 237/237 books ready - checking again in 60 s
2026-10-01T12:45:19+0000 mm-bot python[28561]: 2026-10-01 12:45:19 INFO    tournament is 'draft' (starts 2026-10-01T16:00:00.000Z) - 237/237 books ready - checking again in 60 s
2026-10-01T12:46:26+0000 mm-bot python[28561]: 2026-10-01 12:46:26 INFO    tournament is 'draft' (starts 2026-10-01T16:00:00.000Z) - 237/237 books ready - checking again in 60 s
2026-10-01T12:47:33+0000 mm-bot python[28561]: 2026-10-01 12:47:33 INFO    tournament is 'draft' (starts 2026-10-01T16:00:00.000Z) - 237/237 books ready - checking again in 60 s
2026-10-01T12:48:39+0000 mm-bot python[28561]: 2026-10-01 12:48:39 INFO    tournament is 'draft' (starts 2026-10-01T16:00:00.000Z) - 237/237 books ready - checking again in 60 s
2026-10-01T12:49:46+0000 mm-bot python[28561]: 2026-10-01 12:49:46 INFO    tournament is 'draft' (starts 2026-10-01T16:00:00.000Z) - 237/237 books ready - checking again in 60 s
2026-10-01T12:50:53+0000 mm-bot python[28561]: 2026-10-01 12:50:53 INFO    tournament is 'draft' (starts 2026-10-01T16:00:00.000Z) - 237/237 books ready - checking again in 60 s
2026-10-01T12:51:59+0000 mm-bot python[28561]: 2026-10-01 12:51:59 INFO    tournament is 'draft' (starts 2026-10-01T16:00:00.000Z) - 237/237 books ready - checking again in 60 s
2026-10-01T12:53:06+0000 mm-bot python[28561]: 2026-10-01 12:53:06 INFO    tournament is 'draft' (starts 2026-10-01T16:00:00.000Z) - 237/237 books ready - checking again in 60 s
2026-10-01T12:54:12+0000 mm-bot python[28561]: 2026-10-01 12:54:12 INFO    tournament is 'draft' (starts 2026-10-01T16:00:00.000Z) - 237/237 books ready - checking again in 60 s
2026-10-01T12:55:19+0000 mm-bot python[28561]: 2026-10-01 12:55:19 INFO    tournament is 'draft' (starts 2026-10-01T16:00:00.000Z) - 237/237 books ready - checking again in 60 s
2026-10-01T12:56:25+0000 mm-bot python[28561]: 2026-10-01 12:56:25 INFO    tournament is 'draft' (starts 2026-10-01T16:00:00.000Z) - 237/237 books ready - checking again in 60 s
2026-10-01T12:57:32+0000 mm-bot python[28561]: 2026-10-01 12:57:32 INFO    tournament is 'draft' (starts 2026-10-01T16:00:00.000Z) - 237/237 books ready - checking again in 60 s
2026-10-01T12:58:39+0000 mm-bot python[28561]: 2026-10-01 12:58:39 INFO    tournament is 'draft' (starts 2026-10-01T16:00:00.000Z) - 237/237 books ready - checking again in 60 s
2026-10-01T12:59:45+0000 mm-bot python[28561]: 2026-10-01 12:59:45 INFO    tournament is 'draft' (starts 2026-10-01T16:00:00.000Z) - 237/237 books ready - checking again in 60 s
2026-10-01T13:00:52+0000 mm-bot python[28561]: 2026-10-01 13:00:52 INFO    tournament is 'draft' (starts 2026-10-01T16:00:00.000Z) - 237/237 books ready - checking again in 60 s
2026-10-01T13:01:58+0000 mm-bot python[28561]: 2026-10-01 13:01:58 INFO    tournament is 'draft' (starts 2026-10-01T16:00:00.000Z) - 237/237 books ready - checking again in 60 s
2026-10-01T13:03:05+0000 mm-bot python[28561]: 2026-10-01 13:03:05 INFO    tournament is 'draft' (starts 2026-10-01T16:00:00.000Z) - 237/237 books ready - checking again in 60 s
2026-10-01T13:04:12+0000 mm-bot python[28561]: 2026-10-01 13:04:12 INFO    tournament is 'draft' (starts 2026-10-01T16:00:00.000Z) - 237/237 books ready - checking again in 60 s
2026-10-01T13:05:18+0000 mm-bot python[28561]: 2026-10-01 13:05:18 INFO    tournament is 'draft' (starts 2026-10-01T16:00:00.000Z) - 237/237 books ready - checking again in 60 s
2026-10-01T13:06:25+0000 mm-bot python[28561]: 2026-10-01 13:06:25 INFO    tournament is 'draft' (starts 2026-10-01T16:00:00.000Z) - 237/237 books ready - checking again in 60 s
2026-10-01T13:07:31+0000 mm-bot python[28561]: 2026-10-01 13:07:31 INFO    tournament is 'draft' (starts 2026-10-01T16:00:00.000Z) - 237/237 books ready - checking again in 60 s
2026-10-01T13:07:56+0000 mm-bot python[28561]: 2026-10-01 13:07:56 ERROR   WebSocket connection closed with code: 1006, reason:
2026-10-01T13:07:56+0000 mm-bot python[28561]: 2026-10-01 13:07:56 ERROR   Auto-reconnect disabled, terminating connection
2026-10-01T13:07:56+0000 mm-bot python[28561]: 2026-10-01 13:07:56 WARNING realtime feed down (socket closed) - polling meanwhile, reconnecting in 4 s
2026-10-01T13:08:00+0000 mm-bot python[28561]: 2026-10-01 13:08:00 INFO    realtime feed connected - reacting to pushed updates
2026-10-01T13:08:00+0000 mm-bot python[28561]: 2026-10-01 13:08:00 INFO    realtime: subscribed to tournament - full resync next cycle
2026-10-01T13:08:00+0000 mm-bot python[28561]: 2026-10-01 13:08:00 INFO    realtime: subscribed to user - full resync next cycle
2026-10-01T13:08:38+0000 mm-bot python[28561]: 2026-10-01 13:08:38 INFO    tournament is 'draft' (starts 2026-10-01T16:00:00.000Z) - 237/237 books ready - checking again in 60 s
2026-10-01T13:09:45+0000 mm-bot python[28561]: 2026-10-01 13:09:45 INFO    tournament is 'draft' (starts 2026-10-01T16:00:00.000Z) - 237/237 books ready - checking again in 60 s
2026-10-01T13:10:51+0000 mm-bot python[28561]: 2026-10-01 13:10:51 INFO    tournament is 'draft' (starts 2026-10-01T16:00:00.000Z) - 237/237 books ready - checking again in 60 s
2026-10-01T13:11:58+0000 mm-bot python[28561]: 2026-10-01 13:11:58 INFO    tournament is 'draft' (starts 2026-10-01T16:00:00.000Z) - 237/237 books ready - checking again in 60 s
2026-10-01T13:13:05+0000 mm-bot python[28561]: 2026-10-01 13:13:05 INFO    tournament is 'draft' (starts 2026-10-01T16:00:00.000Z) - 237/237 books ready - checking again in 60 s
2026-10-01T13:14:11+0000 mm-bot python[28561]: 2026-10-01 13:14:11 INFO    tournament is 'draft' (starts 2026-10-01T16:00:00.000Z) - 237/237 books ready - checking again in 60 s
2026-10-01T13:15:18+0000 mm-bot python[28561]: 2026-10-01 13:15:18 INFO    tournament is 'draft' (starts 2026-10-01T16:00:00.000Z) - 237/237 books ready - checking again in 60 s
2026-10-01T13:16:24+0000 mm-bot python[28561]: 2026-10-01 13:16:24 INFO    tournament is 'draft' (starts 2026-10-01T16:00:00.000Z) - 237/237 books ready - checking again in 60 s
2026-10-01T13:17:31+0000 mm-bot python[28561]: 2026-10-01 13:17:31 INFO    tournament is 'draft' (starts 2026-10-01T16:00:00.000Z) - 237/237 books ready - checking again in 60 s
2026-10-01T13:18:38+0000 mm-bot python[28561]: 2026-10-01 13:18:38 INFO    tournament is 'draft' (starts 2026-10-01T16:00:00.000Z) - 237/237 books ready - checking again in 60 s
2026-10-01T13:19:44+0000 mm-bot python[28561]: 2026-10-01 13:19:44 INFO    tournament is 'draft' (starts 2026-10-01T16:00:00.000Z) - 237/237 books ready - checking again in 60 s
2026-10-01T13:20:51+0000 mm-bot python[28561]: 2026-10-01 13:20:51 INFO    tournament is 'draft' (starts 2026-10-01T16:00:00.000Z) - 237/237 books ready - checking again in 60 s
2026-10-01T13:21:58+0000 mm-bot python[28561]: 2026-10-01 13:21:58 INFO    tournament is 'draft' (starts 2026-10-01T16:00:00.000Z) - 237/237 books ready - checking again in 60 s
2026-10-01T13:23:04+0000 mm-bot python[28561]: 2026-10-01 13:23:04 INFO    tournament is 'draft' (starts 2026-10-01T16:00:00.000Z) - 237/237 books ready - checking again in 60 s
2026-10-01T13:24:11+0000 mm-bot python[28561]: 2026-10-01 13:24:11 INFO    tournament is 'draft' (starts 2026-10-01T16:00:00.000Z) - 237/237 books ready - checking again in 60 s
2026-10-01T13:25:17+0000 mm-bot python[28561]: 2026-10-01 13:25:17 INFO    tournament is 'draft' (starts 2026-10-01T16:00:00.000Z) - 237/237 books ready - checking again in 60 s
2026-10-01T13:26:24+0000 mm-bot python[28561]: 2026-10-01 13:26:24 INFO    tournament is 'draft' (starts 2026-10-01T16:00:00.000Z) - 237/237 books ready - checking again in 60 s
2026-10-01T13:27:31+0000 mm-bot python[28561]: 2026-10-01 13:27:31 INFO    tournament is 'draft' (starts 2026-10-01T16:00:00.000Z) - 237/237 books ready - checking again in 60 s
2026-10-01T13:28:37+0000 mm-bot python[28561]: 2026-10-01 13:28:37 INFO    tournament is 'draft' (starts 2026-10-01T16:00:00.000Z) - 237/237 books ready - checking again in 60 s
2026-10-01T13:29:44+0000 mm-bot python[28561]: 2026-10-01 13:29:44 INFO    tournament is 'draft' (starts 2026-10-01T16:00:00.000Z) - 237/237 books ready - checking again in 60 s
2026-10-01T13:30:50+0000 mm-bot python[28561]: 2026-10-01 13:30:50 INFO    tournament is 'draft' (starts 2026-10-01T16:00:00.000Z) - 237/237 books ready - checking again in 60 s
2026-10-01T13:31:57+0000 mm-bot python[28561]: 2026-10-01 13:31:57 INFO    tournament is 'draft' (starts 2026-10-01T16:00:00.000Z) - 237/237 books ready - checking again in 60 s
2026-10-01T13:33:03+0000 mm-bot python[28561]: 2026-10-01 13:33:03 INFO    tournament is 'draft' (starts 2026-10-01T16:00:00.000Z) - 237/237 books ready - checking again in 60 s
2026-10-01T13:34:10+0000 mm-bot python[28561]: 2026-10-01 13:34:10 INFO    tournament is 'draft' (starts 2026-10-01T16:00:00.000Z) - 237/237 books ready - checking again in 60 s
2026-10-01T13:35:17+0000 mm-bot python[28561]: 2026-10-01 13:35:17 INFO    tournament is 'draft' (starts 2026-10-01T16:00:00.000Z) - 237/237 books ready - checking again in 60 s
2026-10-01T13:36:23+0000 mm-bot python[28561]: 2026-10-01 13:36:23 INFO    tournament is 'draft' (starts 2026-10-01T16:00:00.000Z) - 237/237 books ready - checking again in 60 s
2026-10-01T13:37:30+0000 mm-bot python[28561]: 2026-10-01 13:37:30 INFO    tournament is 'draft' (starts 2026-10-01T16:00:00.000Z) - 237/237 books ready - checking again in 60 s
2026-10-01T13:38:36+0000 mm-bot python[28561]: 2026-10-01 13:38:36 INFO    tournament is 'draft' (starts 2026-10-01T16:00:00.000Z) - 237/237 books ready - checking again in 60 s
2026-10-01T13:39:43+0000 mm-bot python[28561]: 2026-10-01 13:39:43 INFO    tournament is 'draft' (starts 2026-10-01T16:00:00.000Z) - 237/237 books ready - checking again in 60 s
2026-10-01T13:40:50+0000 mm-bot python[28561]: 2026-10-01 13:40:50 INFO    tournament is 'draft' (starts 2026-10-01T16:00:00.000Z) - 237/237 books ready - checking again in 60 s
2026-10-01T13:41:56+0000 mm-bot python[28561]: 2026-10-01 13:41:56 INFO    tournament is 'draft' (starts 2026-10-01T16:00:00.000Z) - 237/237 books ready - checking again in 60 s
2026-10-01T13:43:03+0000 mm-bot python[28561]: 2026-10-01 13:43:03 INFO    tournament is 'draft' (starts 2026-10-01T16:00:00.000Z) - 237/237 books ready - checking again in 60 s
2026-10-01T13:44:09+0000 mm-bot python[28561]: 2026-10-01 13:44:09 INFO    tournament is 'draft' (starts 2026-10-01T16:00:00.000Z) - 237/237 books ready - checking again in 60 s
2026-10-01T13:45:16+0000 mm-bot python[28561]: 2026-10-01 13:45:16 INFO    tournament is 'draft' (starts 2026-10-01T16:00:00.000Z) - 237/237 books ready - checking again in 60 s
2026-10-01T13:46:23+0000 mm-bot python[28561]: 2026-10-01 13:46:23 INFO    tournament is 'draft' (starts 2026-10-01T16:00:00.000Z) - 237/237 books ready - checking again in 60 s
2026-10-01T13:47:29+0000 mm-bot python[28561]: 2026-10-01 13:47:29 INFO    tournament is 'draft' (starts 2026-10-01T16:00:00.000Z) - 237/237 books ready - checking again in 60 s
2026-10-01T13:48:36+0000 mm-bot python[28561]: 2026-10-01 13:48:36 INFO    tournament is 'draft' (starts 2026-10-01T16:00:00.000Z) - 237/237 books ready - checking again in 60 s
2026-10-01T13:48:39+0000 mm-bot python[28561]: 2026-10-01 13:48:39 ERROR   WebSocket connection closed with code: 1006, reason:
2026-10-01T13:48:39+0000 mm-bot python[28561]: 2026-10-01 13:48:39 ERROR   Auto-reconnect disabled, terminating connection
2026-10-01T13:48:40+0000 mm-bot python[28561]: 2026-10-01 13:48:40 WARNING realtime feed down (socket closed) - polling meanwhile, reconnecting in 8 s
2026-10-01T13:48:48+0000 mm-bot python[28561]: 2026-10-01 13:48:48 INFO    realtime feed connected - reacting to pushed updates
2026-10-01T13:48:48+0000 mm-bot python[28561]: 2026-10-01 13:48:48 INFO    realtime: subscribed to tournament - full resync next cycle
2026-10-01T13:48:48+0000 mm-bot python[28561]: 2026-10-01 13:48:48 INFO    realtime: subscribed to user - full resync next cycle
2026-10-01T13:49:42+0000 mm-bot python[28561]: 2026-10-01 13:49:42 INFO    tournament is 'draft' (starts 2026-10-01T16:00:00.000Z) - 237/237 books ready - checking again in 60 s
2026-10-01T13:50:49+0000 mm-bot python[28561]: 2026-10-01 13:50:49 INFO    tournament is 'draft' (starts 2026-10-01T16:00:00.000Z) - 237/237 books ready - checking again in 60 s
2026-10-01T13:51:56+0000 mm-bot python[28561]: 2026-10-01 13:51:56 INFO    tournament is 'draft' (starts 2026-10-01T16:00:00.000Z) - 237/237 books ready - checking again in 60 s
2026-10-01T13:53:02+0000 mm-bot python[28561]: 2026-10-01 13:53:02 INFO    tournament is 'draft' (starts 2026-10-01T16:00:00.000Z) - 237/237 books ready - checking again in 60 s
2026-10-01T13:54:09+0000 mm-bot python[28561]: 2026-10-01 13:54:09 INFO    tournament is 'draft' (starts 2026-10-01T16:00:00.000Z) - 237/237 books ready - checking again in 60 s
2026-10-01T13:55:16+0000 mm-bot python[28561]: 2026-10-01 13:55:16 INFO    tournament is 'draft' (starts 2026-10-01T16:00:00.000Z) - 237/237 books ready - checking again in 60 s
2026-10-01T13:56:22+0000 mm-bot python[28561]: 2026-10-01 13:56:22 INFO    tournament is 'draft' (starts 2026-10-01T16:00:00.000Z) - 237/237 books ready - checking again in 60 s
2026-10-01T13:57:29+0000 mm-bot python[28561]: 2026-10-01 13:57:29 INFO    tournament is 'draft' (starts 2026-10-01T16:00:00.000Z) - 237/237 books ready - checking again in 60 s
2026-10-01T13:58:35+0000 mm-bot python[28561]: 2026-10-01 13:58:35 INFO    tournament is 'draft' (starts 2026-10-01T16:00:00.000Z) - 237/237 books ready - checking again in 60 s
2026-10-01T13:59:42+0000 mm-bot python[28561]: 2026-10-01 13:59:42 INFO    tournament is 'draft' (starts 2026-10-01T16:00:00.000Z) - 237/237 books ready - checking again in 60 s
2026-10-01T14:00:49+0000 mm-bot python[28561]: 2026-10-01 14:00:49 INFO    tournament is 'draft' (starts 2026-10-01T16:00:00.000Z) - 237/237 books ready - checking again in 60 s
2026-10-01T14:01:00+0000 mm-bot python[28561]: 2026-10-01 14:01:00 INFO    mm_bot: +0 (+0.0%)
2026-10-01T14:01:00+0000 mm-bot python[28561]: Status: OK | waiting for the open (01 Oct 16:00 UTC), 237/237 order books ready
2026-10-01T14:01:00+0000 mm-bot python[28561]: Account 100,000 (+0 total)
2026-10-01T14:01:00+0000 mm-bot python[28561]: Rank: not ranked yet | Smart Score: not scored yet
2026-10-01T14:01:00+0000 mm-bot python[28561]: Last 2h: 0 fills, 0 shares, edge +0.00c, markout +0.00c, 0 arbitrages, 0 takes
2026-10-01T14:02:07+0000 mm-bot python[28561]: 2026-10-01 14:02:07 INFO    tournament is 'draft' (starts 2026-10-01T16:00:00.000Z) - 237/237 books ready - checking again in 60 s
2026-10-01T14:03:14+0000 mm-bot python[28561]: 2026-10-01 14:03:14 INFO    tournament is 'draft' (starts 2026-10-01T16:00:00.000Z) - 237/237 books ready - checking again in 60 s
2026-10-01T14:04:20+0000 mm-bot python[28561]: 2026-10-01 14:04:20 INFO    tournament is 'draft' (starts 2026-10-01T16:00:00.000Z) - 237/237 books ready - checking again in 60 s
2026-10-01T14:05:27+0000 mm-bot python[28561]: 2026-10-01 14:05:27 INFO    tournament is 'draft' (starts 2026-10-01T16:00:00.000Z) - 237/237 books ready - checking again in 60 s
2026-10-01T14:06:33+0000 mm-bot python[28561]: 2026-10-01 14:06:33 INFO    tournament is 'draft' (starts 2026-10-01T16:00:00.000Z) - 237/237 books ready - checking again in 60 s
2026-10-01T14:07:40+0000 mm-bot python[28561]: 2026-10-01 14:07:40 INFO    tournament is 'draft' (starts 2026-10-01T16:00:00.000Z) - 237/237 books ready - checking again in 60 s
2026-10-01T14:08:47+0000 mm-bot python[28561]: 2026-10-01 14:08:47 INFO    tournament is 'draft' (starts 2026-10-01T16:00:00.000Z) - 237/237 books ready - checking again in 60 s
2026-10-01T14:09:06+0000 mm-bot python[28561]: 2026-10-01 14:09:06 ERROR   WebSocket connection closed with code: 1006, reason:
2026-10-01T14:09:06+0000 mm-bot python[28561]: 2026-10-01 14:09:06 ERROR   Auto-reconnect disabled, terminating connection
2026-10-01T14:09:06+0000 mm-bot python[28561]: 2026-10-01 14:09:06 WARNING realtime feed down (socket closed) - polling meanwhile, reconnecting in 16 s
2026-10-01T14:09:23+0000 mm-bot python[28561]: 2026-10-01 14:09:23 INFO    realtime feed connected - reacting to pushed updates
2026-10-01T14:09:23+0000 mm-bot python[28561]: 2026-10-01 14:09:23 INFO    realtime: subscribed to tournament - full resync next cycle
2026-10-01T14:09:23+0000 mm-bot python[28561]: 2026-10-01 14:09:23 INFO    realtime: subscribed to user - full resync next cycle
2026-10-01T14:09:53+0000 mm-bot python[28561]: 2026-10-01 14:09:53 INFO    tournament is 'draft' (starts 2026-10-01T16:00:00.000Z) - 237/237 books ready - checking again in 60 s
2026-10-01T14:11:00+0000 mm-bot python[28561]: 2026-10-01 14:11:00 INFO    tournament is 'draft' (starts 2026-10-01T16:00:00.000Z) - 237/237 books ready - checking again in 60 s
2026-10-01T14:12:06+0000 mm-bot python[28561]: 2026-10-01 14:12:06 INFO    tournament is 'draft' (starts 2026-10-01T16:00:00.000Z) - 237/237 books ready - checking again in 60 s
2026-10-01T14:13:13+0000 mm-bot python[28561]: 2026-10-01 14:13:13 INFO    tournament is 'draft' (starts 2026-10-01T16:00:00.000Z) - 237/237 books ready - checking again in 60 s
2026-10-01T14:14:20+0000 mm-bot python[28561]: 2026-10-01 14:14:20 INFO    tournament is 'draft' (starts 2026-10-01T16:00:00.000Z) - 237/237 books ready - checking again in 60 s
2026-10-01T14:15:26+0000 mm-bot python[28561]: 2026-10-01 14:15:26 INFO    tournament is 'draft' (starts 2026-10-01T16:00:00.000Z) - 237/237 books ready - checking again in 60 s
2026-10-01T14:16:33+0000 mm-bot python[28561]: 2026-10-01 14:16:33 INFO    tournament is 'draft' (starts 2026-10-01T16:00:00.000Z) - 237/237 books ready - checking again in 60 s
2026-10-01T14:17:39+0000 mm-bot python[28561]: 2026-10-01 14:17:39 INFO    tournament is 'draft' (starts 2026-10-01T16:00:00.000Z) - 237/237 books ready - checking again in 60 s
2026-10-01T14:18:46+0000 mm-bot python[28561]: 2026-10-01 14:18:46 INFO    tournament is 'draft' (starts 2026-10-01T16:00:00.000Z) - 237/237 books ready - checking again in 60 s
2026-10-01T14:19:53+0000 mm-bot python[28561]: 2026-10-01 14:19:53 INFO    tournament is 'draft' (starts 2026-10-01T16:00:00.000Z) - 237/237 books ready - checking again in 60 s
2026-10-01T14:20:59+0000 mm-bot python[28561]: 2026-10-01 14:20:59 INFO    tournament is 'draft' (starts 2026-10-01T16:00:00.000Z) - 237/237 books ready - checking again in 60 s
2026-10-01T14:22:06+0000 mm-bot python[28561]: 2026-10-01 14:22:06 INFO    tournament is 'draft' (starts 2026-10-01T16:00:00.000Z) - 237/237 books ready - checking again in 60 s
2026-10-01T14:23:13+0000 mm-bot python[28561]: 2026-10-01 14:23:13 INFO    tournament is 'draft' (starts 2026-10-01T16:00:00.000Z) - 237/237 books ready - checking again in 60 s
2026-10-01T14:24:19+0000 mm-bot python[28561]: 2026-10-01 14:24:19 INFO    tournament is 'draft' (starts 2026-10-01T16:00:00.000Z) - 237/237 books ready - checking again in 60 s
2026-10-01T14:25:26+0000 mm-bot python[28561]: 2026-10-01 14:25:26 INFO    tournament is 'draft' (starts 2026-10-01T16:00:00.000Z) - 237/237 books ready - checking again in 60 s
2026-10-01T14:26:32+0000 mm-bot python[28561]: 2026-10-01 14:26:32 INFO    tournament is 'draft' (starts 2026-10-01T16:00:00.000Z) - 237/237 books ready - checking again in 60 s
2026-10-01T14:27:40+0000 mm-bot python[28561]: 2026-10-01 14:27:40 INFO    tournament is 'draft' (starts 2026-10-01T16:00:00.000Z) - 237/237 books ready - checking again in 60 s
2026-10-01T14:28:46+0000 mm-bot python[28561]: 2026-10-01 14:28:46 INFO    tournament is 'draft' (starts 2026-10-01T16:00:00.000Z) - 237/237 books ready - checking again in 60 s
2026-10-01T14:29:53+0000 mm-bot python[28561]: 2026-10-01 14:29:53 INFO    tournament is 'draft' (starts 2026-10-01T16:00:00.000Z) - 237/237 books ready - checking again in 60 s
2026-10-01T14:31:00+0000 mm-bot python[28561]: 2026-10-01 14:31:00 INFO    tournament is 'draft' (starts 2026-10-01T16:00:00.000Z) - 237/237 books ready - checking again in 60 s
2026-10-01T14:32:06+0000 mm-bot python[28561]: 2026-10-01 14:32:06 INFO    tournament is 'draft' (starts 2026-10-01T16:00:00.000Z) - 237/237 books ready - checking again in 60 s
2026-10-01T14:33:13+0000 mm-bot python[28561]: 2026-10-01 14:33:13 INFO    tournament is 'draft' (starts 2026-10-01T16:00:00.000Z) - 237/237 books ready - checking again in 60 s
2026-10-01T14:34:20+0000 mm-bot python[28561]: 2026-10-01 14:34:20 INFO    tournament is 'draft' (starts 2026-10-01T16:00:00.000Z) - 237/237 books ready - checking again in 60 s
2026-10-01T14:35:27+0000 mm-bot python[28561]: 2026-10-01 14:35:27 INFO    tournament is 'draft' (starts 2026-10-01T16:00:00.000Z) - 237/237 books ready - checking again in 60 s
2026-10-01T14:36:33+0000 mm-bot python[28561]: 2026-10-01 14:36:33 INFO    tournament is 'draft' (starts 2026-10-01T16:00:00.000Z) - 237/237 books ready - checking again in 60 s
2026-10-01T14:37:40+0000 mm-bot python[28561]: 2026-10-01 14:37:40 INFO    tournament is 'draft' (starts 2026-10-01T16:00:00.000Z) - 237/237 books ready - checking again in 60 s
2026-10-01T14:38:46+0000 mm-bot python[28561]: 2026-10-01 14:38:46 INFO    tournament is 'draft' (starts 2026-10-01T16:00:00.000Z) - 237/237 books ready - checking again in 60 s
2026-10-01T14:39:53+0000 mm-bot python[28561]: 2026-10-01 14:39:53 INFO    tournament is 'draft' (starts 2026-10-01T16:00:00.000Z) - 237/237 books ready - checking again in 60 s
2026-10-01T14:41:00+0000 mm-bot python[28561]: 2026-10-01 14:41:00 INFO    tournament is 'draft' (starts 2026-10-01T16:00:00.000Z) - 237/237 books ready - checking again in 60 s
2026-10-01T14:42:06+0000 mm-bot python[28561]: 2026-10-01 14:42:06 INFO    tournament is 'draft' (starts 2026-10-01T16:00:00.000Z) - 237/237 books ready - checking again in 60 s
2026-10-01T14:43:13+0000 mm-bot python[28561]: 2026-10-01 14:43:13 INFO    tournament is 'draft' (starts 2026-10-01T16:00:00.000Z) - 237/237 books ready - checking again in 60 s
2026-10-01T14:44:20+0000 mm-bot python[28561]: 2026-10-01 14:44:20 INFO    tournament is 'draft' (starts 2026-10-01T16:00:00.000Z) - 237/237 books ready - checking again in 60 s
2026-10-01T14:45:26+0000 mm-bot python[28561]: 2026-10-01 14:45:26 INFO    tournament is 'draft' (starts 2026-10-01T16:00:00.000Z) - 237/237 books ready - checking again in 60 s
2026-10-01T14:46:33+0000 mm-bot python[28561]: 2026-10-01 14:46:33 INFO    tournament is 'draft' (starts 2026-10-01T16:00:00.000Z) - 237/237 books ready - checking again in 60 s
2026-10-01T14:47:39+0000 mm-bot python[28561]: 2026-10-01 14:47:39 INFO    tournament is 'draft' (starts 2026-10-01T16:00:00.000Z) - 237/237 books ready - checking again in 60 s
2026-10-01T14:48:46+0000 mm-bot python[28561]: 2026-10-01 14:48:46 INFO    tournament is 'draft' (starts 2026-10-01T16:00:00.000Z) - 237/237 books ready - checking again in 60 s
2026-10-01T14:49:53+0000 mm-bot python[28561]: 2026-10-01 14:49:53 INFO    tournament is 'draft' (starts 2026-10-01T16:00:00.000Z) - 237/237 books ready - checking again in 60 s
2026-10-01T14:50:59+0000 mm-bot python[28561]: 2026-10-01 14:50:59 INFO    tournament is 'draft' (starts 2026-10-01T16:00:00.000Z) - 237/237 books ready - checking again in 60 s
2026-10-01T14:52:06+0000 mm-bot python[28561]: 2026-10-01 14:52:06 INFO    tournament is 'draft' (starts 2026-10-01T16:00:00.000Z) - 237/237 books ready - checking again in 60 s
2026-10-01T14:53:12+0000 mm-bot python[28561]: 2026-10-01 14:53:12 INFO    tournament is 'draft' (starts 2026-10-01T16:00:00.000Z) - 237/237 books ready - checking again in 60 s
2026-10-01T14:54:19+0000 mm-bot python[28561]: 2026-10-01 14:54:19 INFO    tournament is 'draft' (starts 2026-10-01T16:00:00.000Z) - 237/237 books ready - checking again in 60 s
2026-10-01T14:55:26+0000 mm-bot python[28561]: 2026-10-01 14:55:26 INFO    tournament is 'draft' (starts 2026-10-01T16:00:00.000Z) - 237/237 books ready - checking again in 60 s
2026-10-01T14:56:32+0000 mm-bot python[28561]: 2026-10-01 14:56:32 INFO    tournament is 'draft' (starts 2026-10-01T16:00:00.000Z) - 237/237 books ready - checking again in 60 s
2026-10-01T14:57:39+0000 mm-bot python[28561]: 2026-10-01 14:57:39 INFO    tournament is 'draft' (starts 2026-10-01T16:00:00.000Z) - 237/237 books ready - checking again in 60 s
2026-10-01T14:58:45+0000 mm-bot python[28561]: 2026-10-01 14:58:45 INFO    tournament is 'draft' (starts 2026-10-01T16:00:00.000Z) - 237/237 books ready - checking again in 60 s
2026-10-01T14:59:52+0000 mm-bot python[28561]: 2026-10-01 14:59:52 INFO    tournament is 'draft' (starts 2026-10-01T16:00:00.000Z) - 237/237 books ready - checking again in 60 s
2026-10-01T15:00:59+0000 mm-bot python[28561]: 2026-10-01 15:00:59 INFO    tournament is 'draft' (starts 2026-10-01T16:00:00.000Z) - 237/237 books ready - checking again in 60 s
2026-10-01T15:02:05+0000 mm-bot python[28561]: 2026-10-01 15:02:05 INFO    tournament is 'draft' (starts 2026-10-01T16:00:00.000Z) - 237/237 books ready - checking again in 60 s
2026-10-01T15:03:12+0000 mm-bot python[28561]: 2026-10-01 15:03:12 INFO    tournament is 'draft' (starts 2026-10-01T16:00:00.000Z) - 237/237 books ready - checking again in 60 s
2026-10-01T15:04:18+0000 mm-bot python[28561]: 2026-10-01 15:04:18 INFO    tournament is 'draft' (starts 2026-10-01T16:00:00.000Z) - 237/237 books ready - checking again in 60 s
2026-10-01T15:05:25+0000 mm-bot python[28561]: 2026-10-01 15:05:25 INFO    tournament is 'draft' (starts 2026-10-01T16:00:00.000Z) - 237/237 books ready - checking again in 60 s
2026-10-01T15:06:32+0000 mm-bot python[28561]: 2026-10-01 15:06:32 INFO    tournament is 'draft' (starts 2026-10-01T16:00:00.000Z) - 237/237 books ready - checking again in 60 s
2026-10-01T15:07:38+0000 mm-bot python[28561]: 2026-10-01 15:07:38 INFO    tournament is 'draft' (starts 2026-10-01T16:00:00.000Z) - 237/237 books ready - checking again in 60 s
2026-10-01T15:08:45+0000 mm-bot python[28561]: 2026-10-01 15:08:45 INFO    tournament is 'draft' (starts 2026-10-01T16:00:00.000Z) - 237/237 books ready - checking again in 60 s
2026-10-01T15:09:23+0000 mm-bot python[28561]: 2026-10-01 15:09:23 INFO    realtime: renewing the session (fresh login, full resync)
2026-10-01T15:09:24+0000 mm-bot python[28561]: 2026-10-01 15:09:24 INFO    realtime feed connected - reacting to pushed updates
2026-10-01T15:09:24+0000 mm-bot python[28561]: 2026-10-01 15:09:24 INFO    realtime: subscribed to tournament - full resync next cycle
2026-10-01T15:09:24+0000 mm-bot python[28561]: 2026-10-01 15:09:24 INFO    realtime: subscribed to user - full resync next cycle
2026-10-01T15:09:51+0000 mm-bot python[28561]: 2026-10-01 15:09:51 INFO    tournament is 'draft' (starts 2026-10-01T16:00:00.000Z) - 237/237 books ready - checking again in 60 s
2026-10-01T15:10:58+0000 mm-bot python[28561]: 2026-10-01 15:10:58 INFO    tournament is 'draft' (starts 2026-10-01T16:00:00.000Z) - 237/237 books ready - checking again in 60 s
2026-10-01T15:12:04+0000 mm-bot python[28561]: 2026-10-01 15:12:04 INFO    tournament is 'draft' (starts 2026-10-01T16:00:00.000Z) - 237/237 books ready - checking again in 60 s
2026-10-01T15:13:11+0000 mm-bot python[28561]: 2026-10-01 15:13:11 INFO    tournament is 'draft' (starts 2026-10-01T16:00:00.000Z) - 237/237 books ready - checking again in 60 s
2026-10-01T15:14:18+0000 mm-bot python[28561]: 2026-10-01 15:14:18 INFO    tournament is 'draft' (starts 2026-10-01T16:00:00.000Z) - 237/237 books ready - checking again in 60 s
2026-10-01T15:15:24+0000 mm-bot python[28561]: 2026-10-01 15:15:24 INFO    tournament is 'draft' (starts 2026-10-01T16:00:00.000Z) - 237/237 books ready - checking again in 60 s
2026-10-01T15:16:31+0000 mm-bot python[28561]: 2026-10-01 15:16:31 INFO    tournament is 'draft' (starts 2026-10-01T16:00:00.000Z) - 237/237 books ready - checking again in 60 s
2026-10-01T15:17:37+0000 mm-bot python[28561]: 2026-10-01 15:17:37 INFO    tournament is 'draft' (starts 2026-10-01T16:00:00.000Z) - 237/237 books ready - checking again in 60 s
2026-10-01T15:18:44+0000 mm-bot python[28561]: 2026-10-01 15:18:44 INFO    tournament is 'draft' (starts 2026-10-01T16:00:00.000Z) - 237/237 books ready - checking again in 60 s
2026-10-01T15:19:51+0000 mm-bot python[28561]: 2026-10-01 15:19:51 INFO    tournament is 'draft' (starts 2026-10-01T16:00:00.000Z) - 237/237 books ready - checking again in 60 s
2026-10-01T15:20:57+0000 mm-bot python[28561]: 2026-10-01 15:20:57 INFO    tournament is 'draft' (starts 2026-10-01T16:00:00.000Z) - 237/237 books ready - checking again in 60 s
2026-10-01T15:22:04+0000 mm-bot python[28561]: 2026-10-01 15:22:04 INFO    tournament is 'draft' (starts 2026-10-01T16:00:00.000Z) - 237/237 books ready - checking again in 60 s
2026-10-01T15:23:10+0000 mm-bot python[28561]: 2026-10-01 15:23:10 INFO    tournament is 'draft' (starts 2026-10-01T16:00:00.000Z) - 237/237 books ready - checking again in 60 s
2026-10-01T15:24:17+0000 mm-bot python[28561]: 2026-10-01 15:24:17 INFO    tournament is 'draft' (starts 2026-10-01T16:00:00.000Z) - 237/237 books ready - checking again in 60 s
2026-10-01T15:25:24+0000 mm-bot python[28561]: 2026-10-01 15:25:24 INFO    tournament is 'draft' (starts 2026-10-01T16:00:00.000Z) - 237/237 books ready - checking again in 60 s
2026-10-01T15:26:30+0000 mm-bot python[28561]: 2026-10-01 15:26:30 INFO    tournament is 'draft' (starts 2026-10-01T16:00:00.000Z) - 237/237 books ready - checking again in 60 s
2026-10-01T15:27:37+0000 mm-bot python[28561]: 2026-10-01 15:27:37 INFO    tournament is 'draft' (starts 2026-10-01T16:00:00.000Z) - 237/237 books ready - checking again in 60 s
2026-10-01T15:28:43+0000 mm-bot python[28561]: 2026-10-01 15:28:43 INFO    tournament is 'draft' (starts 2026-10-01T16:00:00.000Z) - 237/237 books ready - checking again in 60 s
2026-10-01T15:29:50+0000 mm-bot python[28561]: 2026-10-01 15:29:50 INFO    tournament is 'draft' (starts 2026-10-01T16:00:00.000Z) - 237/237 books ready - checking again in 60 s
2026-10-01T15:30:57+0000 mm-bot python[28561]: 2026-10-01 15:30:57 INFO    tournament is 'draft' (starts 2026-10-01T16:00:00.000Z) - 237/237 books ready - checking again in 60 s
2026-10-01T15:32:03+0000 mm-bot python[28561]: 2026-10-01 15:32:03 INFO    tournament is 'draft' (starts 2026-10-01T16:00:00.000Z) - 237/237 books ready - checking again in 60 s
2026-10-01T15:33:10+0000 mm-bot python[28561]: 2026-10-01 15:33:10 INFO    tournament is 'draft' (starts 2026-10-01T16:00:00.000Z) - 237/237 books ready - checking again in 60 s
2026-10-01T15:34:16+0000 mm-bot python[28561]: 2026-10-01 15:34:16 INFO    tournament is 'draft' (starts 2026-10-01T16:00:00.000Z) - 237/237 books ready - checking again in 60 s
2026-10-01T15:35:23+0000 mm-bot python[28561]: 2026-10-01 15:35:23 INFO    tournament is 'draft' (starts 2026-10-01T16:00:00.000Z) - 237/237 books ready - checking again in 60 s
2026-10-01T15:36:30+0000 mm-bot python[28561]: 2026-10-01 15:36:30 INFO    tournament is 'draft' (starts 2026-10-01T16:00:00.000Z) - 237/237 books ready - checking again in 60 s
2026-10-01T15:37:36+0000 mm-bot python[28561]: 2026-10-01 15:37:36 INFO    tournament is 'draft' (starts 2026-10-01T16:00:00.000Z) - 237/237 books ready - checking again in 60 s
2026-10-01T15:38:43+0000 mm-bot python[28561]: 2026-10-01 15:38:43 INFO    tournament is 'draft' (starts 2026-10-01T16:00:00.000Z) - 237/237 books ready - checking again in 60 s
2026-10-01T15:39:49+0000 mm-bot python[28561]: 2026-10-01 15:39:49 INFO    tournament is 'draft' (starts 2026-10-01T16:00:00.000Z) - 237/237 books ready - checking again in 60 s
2026-10-01T15:40:56+0000 mm-bot python[28561]: 2026-10-01 15:40:56 INFO    tournament is 'draft' (starts 2026-10-01T16:00:00.000Z) - 237/237 books ready - checking again in 60 s
2026-10-01T15:42:03+0000 mm-bot python[28561]: 2026-10-01 15:42:03 INFO    tournament is 'draft' (starts 2026-10-01T16:00:00.000Z) - 237/237 books ready - checking again in 60 s
2026-10-01T15:43:09+0000 mm-bot python[28561]: 2026-10-01 15:43:09 INFO    tournament is 'draft' (starts 2026-10-01T16:00:00.000Z) - 237/237 books ready - checking again in 60 s
2026-10-01T15:44:16+0000 mm-bot python[28561]: 2026-10-01 15:44:16 INFO    tournament is 'draft' (starts 2026-10-01T16:00:00.000Z) - 237/237 books ready - checking again in 60 s
2026-10-01T15:45:22+0000 mm-bot python[28561]: 2026-10-01 15:45:22 INFO    tournament is 'draft' (starts 2026-10-01T16:00:00.000Z) - 237/237 books ready - checking again in 60 s
2026-10-01T15:46:29+0000 mm-bot python[28561]: 2026-10-01 15:46:29 INFO    tournament is 'draft' (starts 2026-10-01T16:00:00.000Z) - 237/237 books ready - checking again in 60 s
2026-10-01T15:47:35+0000 mm-bot python[28561]: 2026-10-01 15:47:35 INFO    tournament is 'draft' (starts 2026-10-01T16:00:00.000Z) - 237/237 books ready - checking again in 60 s
2026-10-01T15:48:42+0000 mm-bot python[28561]: 2026-10-01 15:48:42 INFO    tournament is 'draft' (starts 2026-10-01T16:00:00.000Z) - 237/237 books ready - checking again in 60 s
2026-10-01T15:49:49+0000 mm-bot python[28561]: 2026-10-01 15:49:49 INFO    tournament is 'draft' (starts 2026-10-01T16:00:00.000Z) - 237/237 books ready - checking again in 60 s
2026-10-01T15:50:55+0000 mm-bot python[28561]: 2026-10-01 15:50:55 INFO    tournament is 'draft' (starts 2026-10-01T16:00:00.000Z) - 237/237 books ready - checking again in 60 s
2026-10-01T15:52:02+0000 mm-bot python[28561]: 2026-10-01 15:52:02 INFO    tournament is 'draft' (starts 2026-10-01T16:00:00.000Z) - 237/237 books ready - checking again in 60 s
2026-10-01T15:53:08+0000 mm-bot python[28561]: 2026-10-01 15:53:08 INFO    tournament is 'draft' (starts 2026-10-01T16:00:00.000Z) - 237/237 books ready - checking again in 60 s
2026-10-01T15:54:15+0000 mm-bot python[28561]: 2026-10-01 15:54:15 INFO    tournament is 'draft' (starts 2026-10-01T16:00:00.000Z) - 237/237 books ready - checking again in 60 s
2026-10-01T15:55:22+0000 mm-bot python[28561]: 2026-10-01 15:55:22 INFO    tournament is 'draft' (starts 2026-10-01T16:00:00.000Z) - 237/237 books ready - checking again in 60 s
2026-10-01T15:56:28+0000 mm-bot python[28561]: 2026-10-01 15:56:28 INFO    tournament is 'draft' (starts 2026-10-01T16:00:00.000Z) - 237/237 books ready - checking again in 60 s
2026-10-01T15:57:35+0000 mm-bot python[28561]: 2026-10-01 15:57:35 INFO    tournament is 'draft' (starts 2026-10-01T16:00:00.000Z) - 237/237 books ready - checking again in 60 s
2026-10-01T15:58:41+0000 mm-bot python[28561]: 2026-10-01 15:58:41 INFO    tournament is 'draft' (starts 2026-10-01T16:00:00.000Z) - 237/237 books ready - checking again in 25 s
2026-10-01T15:59:06+0000 mm-bot python[28561]: 2026-10-01 15:59:06 INFO    opening in 53 s - quiet until then, then checking every 1 s
2026-10-01T16:00:00+0000 mm-bot python[28561]: 2026-10-01 16:00:00 INFO    clean slate: cancelling any orders left over from before
2026-10-01T16:00:27+0000 mm-bot python[28561]: 2026-10-01 16:00:27 INFO    Tracking 237 exchanges in 117 races
2026-10-01T16:00:52+0000 mm-bot python[28561]: 2026-10-01 16:00:52 INFO    size plan: 177 markets quoted, locking up to 58,665 (cap 60000), 177 changed, tournament trades weigh 0% | biggest: Rep U.S. Senate 10,000, Dem U.S. Senate 10,000, Rep U.S. House 10,000, Dem U.S. House 10,000, Dem Maine Senate 600, Rep Texas Senate 500
2026-10-01T16:01:01+0000 mm-bot python[28561]: 2026-10-01 16:01:01 INFO    realtime | account 100000 (locked in orders 0, detecting) | worst-case loss 0 | party delta +0 | priced 177/237 | resting 0
2026-10-01T16:01:01+0000 mm-bot python[28561]: 2026-10-01 16:01:01 INFO    Dem Rhode Island Governor  fv 0.959 (ref 0.966) inv    +0 race    +0 | bid    -        ask 0.980 x100
2026-10-01T16:01:01+0000 mm-bot python[28561]: 2026-10-01 16:01:01 INFO    Rep New Hampshire Senate   fv 0.134 (ref 0.135) inv    +0 race    +0 | bid 0.095 x200  ask 0.165 x200
2026-10-01T16:01:01+0000 mm-bot python[28561]: 2026-10-01 16:01:01 INFO    Dem New Hampshire Senate   fv 0.866 (ref 0.865) inv    +0 race    +0 | bid 0.830 x200  ask 0.900 x200
2026-10-01T16:01:01+0000 mm-bot python[28561]: 2026-10-01 16:01:01 INFO    Rep Alaska Senate          fv 0.305 inv    +0 race    +0 | bid 0.270 x100  ask 0.340 x100
2026-10-01T16:01:01+0000 mm-bot python[28561]: 2026-10-01 16:01:01 INFO    Dem Alaska Senate          fv 0.695 inv    +0 race    +0 | bid 0.660 x100  ask 0.730 x100
2026-10-01T16:01:01+0000 mm-bot python[28561]: 2026-10-01 16:01:01 INFO    Rep NH-01 House race       fv 0.032 (ref 0.026) inv    +0 race    +0 | bid 0.020 x100  ask    -
2026-10-01T16:01:01+0000 mm-bot python[28561]: 2026-10-01 16:01:01 INFO    Dem NH-01 House race       fv 0.968 (ref 0.949) inv    +0 race    +0 | bid    -        ask 0.980 x100
2026-10-01T16:01:01+0000 mm-bot python[28561]: 2026-10-01 16:01:01 INFO    Rep Oklahoma Governor      fv 0.925 (ref 0.935) inv    +0 race    +0 | bid 0.885 x100  ask 0.955 x100
2026-10-01T16:01:01+0000 mm-bot python[28561]: 2026-10-01 16:01:01 INFO    Rep New Hampshire Governor fv 0.947 (ref 0.958) inv    +0 race    +0 | bid 0.905 x100  ask 0.960 x100
2026-10-01T16:01:01+0000 mm-bot python[28561]: 2026-10-01 16:01:01 INFO    Dem New Hampshire Governor fv 0.053 (ref 0.040) inv    +0 race    +0 | bid 0.040 x100  ask 0.085 x100
2026-10-01T16:01:01+0000 mm-bot python[28561]: 2026-10-01 16:01:01 INFO    Rep Massachusetts Governor fv 0.034 (ref 0.029) inv    +0 race    +0 | bid 0.010 x100  ask    -
2026-10-01T16:01:01+0000 mm-bot python[28561]: 2026-10-01 16:01:01 INFO    Dem Massachusetts Governor fv 0.966 (ref 0.962) inv    +0 race    +0 | bid    -        ask 0.990 x100
2026-10-01T16:01:01+0000 mm-bot python[28561]: 2026-10-01 16:01:01 INFO    Rep Alaska Governor        fv 0.223 inv    +0 race    +0 | bid 0.190 x100  ask 0.260 x100
2026-10-01T16:01:01+0000 mm-bot python[28561]: 2026-10-01 16:01:01 INFO    Dem Alaska Governor        fv 0.777 inv    +0 race    +0 | bid 0.750 x100  ask 0.820 x100
2026-10-01T16:01:01+0000 mm-bot python[28561]: 2026-10-01 16:01:01 INFO    Rep Minnesota Senate       fv 0.104 (ref 0.095) inv    +0 race    +0 | bid 0.090 x100  ask 0.145 x100
2026-10-01T16:01:01+0000 mm-bot python[28561]: 2026-10-01 16:01:01 INFO    Dem Minnesota Senate       fv 0.896 (ref 0.905) inv    +0 race    +0 | bid 0.855 x150  ask 0.910 x150
2026-10-01T16:01:01+0000 mm-bot python[28561]: 2026-10-01 16:01:01 INFO    Rep Michigan Senate        fv 0.275 (ref 0.275) inv    +0 race    +0 | bid 0.245 x400  ask 0.315 x400
2026-10-01T16:01:01+0000 mm-bot python[28561]: 2026-10-01 16:01:01 INFO    Dem Michigan Senate        fv 0.725 (ref 0.725) inv    +0 race    +0 | bid 0.700 x450  ask 0.765 x450
2026-10-01T16:01:01+0000 mm-bot python[28561]: 2026-10-01 16:01:01 INFO    Rep Kansas Senate          fv 0.709 (ref 0.715) inv    +0 race    +0 | bid 0.665 x300  ask 0.730 x300
2026-10-01T16:01:01+0000 mm-bot python[28561]: 2026-10-01 16:01:01 INFO    Dem Kansas Senate          fv 0.291 (ref 0.285) inv    +0 race    +0 | bid 0.270 x250  ask 0.335 x250
2026-10-01T16:01:01+0000 mm-bot python[28561]: 2026-10-01 16:01:01 INFO    Rep Florida Senate         fv 0.912 (ref 0.915) inv    +0 race    +0 | bid 0.870 x150  ask 0.940 x150
2026-10-01T16:01:01+0000 mm-bot python[28561]: 2026-10-01 16:01:01 INFO    Dem Florida Senate         fv 0.088 (ref 0.085) inv    +0 race    +0 | bid 0.060 x100  ask 0.130 x100
2026-10-01T16:01:01+0000 mm-bot python[28561]: 2026-10-01 16:01:01 INFO    Rep WI-03 House race       fv 0.264 (ref 0.255) inv    +0 race    +0 | bid 0.240 x100  ask 0.305 x100
2026-10-01T16:01:01+0000 mm-bot python[28561]: 2026-10-01 16:01:01 INFO    Dem WI-03 House race       fv 0.736 (ref 0.725) inv    +0 race    +0 | bid 0.695 x100  ask 0.765 x100
2026-10-01T16:01:01+0000 mm-bot python[28561]: 2026-10-01 16:01:01 INFO    Rep WI-01 House race       fv 0.666 (ref 0.665) inv    +0 race    +0 | bid 0.635 x100  ask 0.705 x100
2026-10-01T16:01:01+0000 mm-bot python[28561]: 2026-10-01 16:01:01 INFO    Dem WI-01 House race       fv 0.334 (ref 0.335) inv    +0 race    +0 | bid 0.295 x100  ask 0.365 x100
2026-10-01T16:01:01+0000 mm-bot python[28561]: 2026-10-01 16:01:01 INFO    Rep WA-03 House race       fv 0.089 (ref 0.085) inv    +0 race    +0 | bid 0.060 x100  ask 0.130 x100
2026-10-01T16:01:01+0000 mm-bot python[28561]: 2026-10-01 16:01:01 INFO    Dem WA-03 House race       fv 0.911 (ref 0.905) inv    +0 race    +0 | bid 0.870 x100  ask 0.935 x100
2026-10-01T16:01:01+0000 mm-bot python[28561]: 2026-10-01 16:01:01 INFO    Rep VA-07 House race       fv 0.055 (ref 0.034) inv    +0 race    +0 | bid 0.020 x100  ask 0.090 x100
2026-10-01T16:01:01+0000 mm-bot python[28561]: 2026-10-01 16:01:01 INFO    Rep VA-05 House race       fv 0.786 (ref 0.785) inv    +0 race    +0 | bid 0.770 x100  ask 0.830 x100
2026-10-01T16:01:01+0000 mm-bot python[28561]: 2026-10-01 16:01:01 INFO    Dem VA-05 House race       fv 0.214 (ref 0.225) inv    +0 race    +0 | bid 0.170 x100  ask 0.230 x100
2026-10-01T16:01:01+0000 mm-bot python[28561]: 2026-10-01 16:01:01 INFO    Dem VA-02 House race       fv 0.811 (ref 0.815) inv    +0 race    +0 | bid 0.770 x100  ask 0.830 x100
2026-10-01T16:01:01+0000 mm-bot python[28561]: 2026-10-01 16:01:01 INFO    Dem VA-01 House race       fv 0.529 (ref 0.525) inv    +0 race    +0 | bid 0.485 x100  ask 0.550 x100
2026-10-01T16:01:01+0000 mm-bot python[28561]: 2026-10-01 16:01:01 INFO    Rep TN-05 House race       fv 0.929 (ref 0.915) inv    +0 race    +0 | bid 0.885 x100  ask 0.945 x100
2026-10-01T16:01:01+0000 mm-bot python[28561]: 2026-10-01 16:01:01 INFO    Dem TN-05 House race       fv 0.071 (ref 0.061) inv    +0 race    +0 | bid 0.055 x100  ask 0.115 x100
2026-10-01T16:01:01+0000 mm-bot python[28561]: 2026-10-01 16:01:01 INFO    Rep MN-02 House race       fv 0.052 (ref 0.047) inv    +0 race    +0 | bid 0.025 x100  ask 0.095 x100
2026-10-01T16:01:01+0000 mm-bot python[28561]: 2026-10-01 16:01:01 INFO    Dem MN-02 House race       fv 0.948 (ref 0.940) inv    +0 race    +0 | bid 0.905 x100  ask 0.965 x100
2026-10-01T16:01:01+0000 mm-bot python[28561]: 2026-10-01 16:01:01 INFO    Rep MN-01 House race       fv 0.769 (ref 0.755) inv    +0 race    +0 | bid 0.735 x100  ask 0.805 x100
2026-10-01T16:01:01+0000 mm-bot python[28561]: 2026-10-01 16:01:01 INFO    Dem MN-01 House race       fv 0.231 (ref 0.235) inv    +0 race    +0 | bid 0.190 x100  ask 0.260 x100
2026-10-01T16:01:01+0000 mm-bot python[28561]: 2026-10-01 16:01:01 INFO    Rep MI-10 House race       fv 0.345 (ref 0.345) inv    +0 race    +0 | bid 0.310 x100  ask 0.380 x100
2026-10-01T16:01:01+0000 mm-bot python[28561]: 2026-10-01 16:01:01 INFO    Dem MI-10 House race       fv 0.655 (ref 0.655) inv    +0 race    +0 | bid 0.620 x100  ask 0.690 x100
2026-10-01T16:01:01+0000 mm-bot python[28561]: 2026-10-01 16:01:01 INFO    Rep MI-07 House race       fv 0.429 (ref 0.435) inv    +0 race    +0 | bid 0.385 x100  ask 0.450 x100
2026-10-01T16:01:01+0000 mm-bot python[28561]: 2026-10-01 16:01:01 INFO    Dem MI-07 House race       fv 0.571 (ref 0.565) inv    +0 race    +0 | bid 0.550 x100  ask 0.615 x100
2026-10-01T16:01:01+0000 mm-bot python[28561]: 2026-10-01 16:01:01 INFO    Rep FL-22 House race       fv 0.487 (ref 0.485) inv    +0 race    +0 | bid 0.450 x100  ask 0.520 x100
2026-10-01T16:01:01+0000 mm-bot python[28561]: 2026-10-01 16:01:01 INFO    Dem FL-22 House race       fv 0.513 (ref 0.505) inv    +0 race    +0 | bid 0.490 x100  ask 0.555 x100
2026-10-01T16:01:01+0000 mm-bot python[28561]: 2026-10-01 16:01:01 INFO    Rep FL-16 House race       fv 0.840 (ref 0.825) inv    +0 race    +0 | bid 0.795 x100  ask 0.865 x100
2026-10-01T16:01:01+0000 mm-bot python[28561]: 2026-10-01 16:01:01 INFO    Dem FL-16 House race       fv 0.160 (ref 0.155) inv    +0 race    +0 | bid 0.130 x100  ask 0.200 x100
2026-10-01T16:01:01+0000 mm-bot python[28561]: 2026-10-01 16:01:01 INFO    Dem FL-13 House race       fv 0.248 (ref 0.235) inv    +0 race    +0 | bid 0.235 x100  ask 0.290 x100
2026-10-01T16:01:01+0000 mm-bot python[28561]: 2026-10-01 16:01:01 INFO    Rep FL-09 House race       fv 0.700 (ref 0.685) inv    +0 race    +0 | bid 0.665 x100  ask 0.735 x100
2026-10-01T16:01:01+0000 mm-bot python[28561]: 2026-10-01 16:01:01 INFO    Rep FL-07 House race       fv 0.670 (ref 0.665) inv    +0 race    +0 | bid 0.650 x100  ask 0.710 x100
2026-10-01T16:01:01+0000 mm-bot python[28561]: 2026-10-01 16:01:01 INFO    Dem FL-07 House race       fv 0.330 (ref 0.335) inv    +0 race    +0 | bid 0.290 x100  ask 0.355 x100
2026-10-01T16:01:01+0000 mm-bot python[28561]: 2026-10-01 16:01:01 INFO    Rep AL-02 House race       fv 0.743 (ref 0.745) inv    +0 race    +0 | bid 0.720 x100  ask 0.785 x100
2026-10-01T16:01:01+0000 mm-bot python[28561]: 2026-10-01 16:01:01 INFO    Dem AL-02 House race       fv 0.257 (ref 0.265) inv    +0 race    +0 | bid 0.215 x100  ask 0.280 x100
2026-10-01T16:01:01+0000 mm-bot python[28561]: 2026-10-01 16:01:01 INFO    Rep Wisconsin Governor     fv 0.200 (ref 0.205) inv    +0 race    +0 | bid 0.160 x300  ask 0.230 x300
2026-10-01T16:01:01+0000 mm-bot python[28561]: 2026-10-01 16:01:01 INFO    Dem Wisconsin Governor     fv 0.800 (ref 0.805) inv    +0 race    +0 | bid 0.780 x300  ask 0.840 x300
2026-10-01T16:01:01+0000 mm-bot python[28561]: 2026-10-01 16:01:01 INFO    Rep Vermont Governor       fv 0.829 (ref 0.835) inv    +0 race    +0 | bid 0.790 x100  ask 0.860 x100
2026-10-01T16:01:01+0000 mm-bot python[28561]: 2026-10-01 16:01:01 INFO    Dem Vermont Governor       fv 0.171 (ref 0.170) inv    +0 race    +0 | bid 0.140 x100  ask 0.210 x100
2026-10-01T16:01:01+0000 mm-bot python[28561]: 2026-10-01 16:01:01 INFO    Rep Tennessee Governor     fv 0.964 (ref 0.963) inv    +0 race    +0 | bid    -        ask 0.980 x100
2026-10-01T16:01:01+0000 mm-bot python[28561]: 2026-10-01 16:01:01 INFO    Dem Tennessee Governor     fv 0.036 (ref 0.029) inv    +0 race    +0 | bid 0.015 x100  ask    -
2026-10-01T16:01:01+0000 mm-bot python[28561]: 2026-10-01 16:01:01 INFO    Rep Minnesota Governor     fv 0.047 (ref 0.046) inv    +0 race    +0 | bid 0.015 x100  ask    -
2026-10-01T16:01:01+0000 mm-bot python[28561]: 2026-10-01 16:01:01 INFO    Dem Minnesota Governor     fv 0.953 (ref 0.955) inv    +0 race    +0 | bid    -        ask 0.990 x100
2026-10-01T16:01:01+0000 mm-bot python[28561]: 2026-10-01 16:01:01 INFO    Rep Michigan Governor      fv 0.085 (ref 0.085) inv    +0 race    +0 | bid 0.050 x200  ask 0.120 x200
2026-10-01T16:01:01+0000 mm-bot python[28561]: 2026-10-01 16:01:01 INFO    Dem Michigan Governor      fv 0.915 (ref 0.915) inv    +0 race    +0 | bid 0.885 x100  ask 0.955 x100
2026-10-01T16:01:01+0000 mm-bot python[28561]: 2026-10-01 16:01:01 INFO    Rep Kansas Governor        fv 0.721 (ref 0.725) inv    +0 race    +0 | bid 0.680 x100  ask 0.750 x100
2026-10-01T16:01:01+0000 mm-bot python[28561]: 2026-10-01 16:01:01 INFO    Dem Kansas Governor        fv 0.279 (ref 0.275) inv    +0 race    +0 | bid 0.255 x100  ask 0.320 x100
2026-10-01T16:01:01+0000 mm-bot python[28561]: 2026-10-01 16:01:01 INFO    Rep Florida Governor       fv 0.779 (ref 0.785) inv    +0 race    +0 | bid 0.735 x150  ask 0.800 x150
2026-10-01T16:01:01+0000 mm-bot python[28561]: 2026-10-01 16:01:01 INFO    Dem Florida Governor       fv 0.221 (ref 0.215) inv    +0 race    +0 | bid 0.200 x200  ask 0.265 x200
2026-10-01T16:01:01+0000 mm-bot python[28561]: 2026-10-01 16:01:01 INFO    Rep Texas Senate           fv 0.372 (ref 0.375) inv    +0 race    +0 | bid 0.330 x500  ask 0.400 x500
2026-10-01T16:01:01+0000 mm-bot python[28561]: 2026-10-01 16:01:01 INFO    Dem Texas Senate           fv 0.628 (ref 0.625) inv    +0 race    +0 | bid 0.600 x500  ask 0.670 x500
2026-10-01T16:01:01+0000 mm-bot python[28561]: 2026-10-01 16:01:01 INFO    Rep South Dakota Senate    fv 0.914 (ref 0.919) inv    +0 race    +0 | bid 0.870 x100  ask 0.940 x100
2026-10-01T16:01:01+0000 mm-bot python[28561]: 2026-10-01 16:01:01 INFO    Rep South Carolina Senate  fv 0.868 (ref 0.865) inv    +0 race    +0 | bid 0.840 x200  ask 0.910 x200
2026-10-01T16:01:01+0000 mm-bot python[28561]: 2026-10-01 16:01:01 INFO    Dem South Carolina Senate  fv 0.132 (ref 0.135) inv    +0 race    +0 | bid 0.090 x250  ask 0.160 x250
2026-10-01T16:01:01+0000 mm-bot python[28561]: 2026-10-01 16:01:01 INFO    Rep Nebraska Senate        fv 0.711 (ref 0.705) inv    +0 race    +0 | bid 0.690 x250  ask 0.755 x250
2026-10-01T16:01:01+0000 mm-bot python[28561]: 2026-10-01 16:01:01 INFO    Ind Nebraska Senate        fv 0.296 (ref 0.305) inv    +0 race    +0 | bid 0.255 x150  ask 0.310 x150
2026-10-01T16:01:01+0000 mm-bot python[28561]: 2026-10-01 16:01:01 INFO    Rep North Carolina Senate  fv 0.050 (ref 0.045) inv    +0 race    +0 | bid 0.025 x150  ask    -
2026-10-01T16:01:01+0000 mm-bot python[28561]: 2026-10-01 16:01:01 INFO    Dem North Carolina Senate  fv 0.951 (ref 0.955) inv    +0 race    +0 | bid    -        ask 0.975 x150
2026-10-01T16:01:01+0000 mm-bot python[28561]: 2026-10-01 16:01:01 INFO    Ind Montana Senate         fv 0.086 (ref 0.086) inv    +0 race    +0 | bid 0.050 x100  ask 0.120 x100
2026-10-01T16:01:01+0000 mm-bot python[28561]: 2026-10-01 16:01:01 INFO    Rep Montana Senate         fv 0.913 (ref 0.915) inv    +0 race    +0 | bid 0.875 x150  ask 0.945 x150
2026-10-01T16:01:01+0000 mm-bot python[28561]: 2026-10-01 16:01:01 INFO    Rep Mississippi Senate     fv 0.906 (ref 0.915) inv    +0 race    +0 | bid 0.865 x100  ask 0.935 x100
2026-10-01T16:01:01+0000 mm-bot python[28561]: 2026-10-01 16:01:01 INFO    Dem Mississippi Senate     fv 0.094 (ref 0.095) inv    +0 race    +0 | bid 0.060 x100  ask 0.130 x100
2026-10-01T16:01:01+0000 mm-bot python[28561]: 2026-10-01 16:01:01 INFO    Rep Maine Senate           fv 0.411 (ref 0.405) inv    +0 race    +0 | bid 0.380 x500  ask 0.450 x500
2026-10-01T16:01:01+0000 mm-bot python[28561]: 2026-10-01 16:01:01 INFO    Dem Maine Senate           fv 0.589 (ref 0.585) inv    +0 race    +0 | bid 0.550 x600  ask 0.620 x600
2026-10-01T16:01:01+0000 mm-bot python[28561]: 2026-10-01 16:01:01 INFO    Rep Louisiana Senate       fv 0.932 (ref 0.935) inv    +0 race    +0 | bid 0.890 x100  ask 0.950 x100
2026-10-01T16:01:01+0000 mm-bot python[28561]: 2026-10-01 16:01:01 INFO    Dem Louisiana Senate       fv 0.068 (ref 0.065) inv    +0 race    +0 | bid 0.040 x100  ask 0.110 x100
2026-10-01T16:01:01+0000 mm-bot python[28561]: 2026-10-01 16:01:01 INFO    Rep Kentucky Senate        fv 0.968 (ref 0.965) inv    +0 race    +0 | bid    -        ask 0.990 x100
2026-10-01T16:01:01+0000 mm-bot python[28561]: 2026-10-01 16:01:01 INFO    Dem Kentucky Senate        fv 0.032 (ref 0.026) inv    +0 race    +0 | bid 0.010 x100  ask    -
2026-10-01T16:01:01+0000 mm-bot python[28561]: 2026-10-01 16:01:01 INFO    Rep Idaho Senate           fv 0.938 (ref 0.945) inv    +0 race    +0 | bid 0.895 x150  ask 0.955 x150
2026-10-01T16:01:01+0000 mm-bot python[28561]: 2026-10-01 16:01:01 INFO    Rep Iowa Senate            fv 0.586 (ref 0.585) inv    +0 race    +0 | bid 0.560 x300  ask 0.630 x300
2026-10-01T16:01:01+0000 mm-bot python[28561]: 2026-10-01 16:01:01 INFO    Dem Iowa Senate            fv 0.414 (ref 0.415) inv    +0 race    +0 | bid 0.380 x300  ask 0.450 x300
2026-10-01T16:01:01+0000 mm-bot python[28561]: 2026-10-01 16:01:01 INFO    Rep Georgia Senate         fv 0.033 (ref 0.028) inv    +0 race    +0 | bid 0.010 x150  ask    -
2026-10-01T16:01:01+0000 mm-bot python[28561]: 2026-10-01 16:01:01 INFO    Dem Georgia Senate         fv 0.967 (ref 0.970) inv    +0 race    +0 | bid    -        ask 0.990 x150
2026-10-01T16:01:01+0000 mm-bot python[28561]: 2026-10-01 16:01:01 INFO    Rep Arkansas Senate        fv 0.937 (ref 0.938) inv    +0 race    +0 | bid 0.895 x100  ask 0.965 x100
2026-10-01T16:01:01+0000 mm-bot python[28561]: 2026-10-01 16:01:01 INFO    Dem Arkansas Senate        fv 0.063 (ref 0.060) inv    +0 race    +0 | bid 0.035 x100  ask 0.105 x100
2026-10-01T16:01:01+0000 mm-bot python[28561]: 2026-10-01 16:01:01 INFO    Dem VA-07 House race       fv 0.945 (ref 0.962) inv    +0 race    +0 | bid 0.900 x100  ask 0.965 x100
2026-10-01T16:01:01+0000 mm-bot python[28561]: 2026-10-01 16:01:01 INFO    Rep VA-02 House race       fv 0.189 (ref 0.185) inv    +0 race    +0 | bid 0.160 x100  ask 0.230 x100
2026-10-01T16:01:01+0000 mm-bot python[28561]: 2026-10-01 16:01:01 INFO    Rep VA-01 House race       fv 0.471 (ref 0.455) inv    +0 race    +0 | bid 0.450 x100  ask 0.515 x100
2026-10-01T16:01:01+0000 mm-bot python[28561]: 2026-10-01 16:01:01 INFO    Rep TX-28 House race       fv 0.109 (ref 0.105) inv    +0 race    +0 | bid 0.080 x100  ask 0.150 x100
2026-10-01T16:01:01+0000 mm-bot python[28561]: 2026-10-01 16:01:01 INFO    Dem TX-28 House race       fv 0.891 (ref 0.885) inv    +0 race    +0 | bid 0.850 x100  ask 0.920 x100
2026-10-01T16:01:01+0000 mm-bot python[28561]: 2026-10-01 16:01:01 INFO    Rep TX-23 House race       fv 0.644 (ref 0.635) inv    +0 race    +0 | bid 0.610 x100  ask 0.680 x100
2026-10-01T16:01:01+0000 mm-bot python[28561]: 2026-10-01 16:01:01 INFO    Dem TX-23 House race       fv 0.356 (ref 0.355) inv    +0 race    +0 | bid 0.315 x100  ask 0.380 x100
2026-10-01T16:01:01+0000 mm-bot python[28561]: 2026-10-01 16:01:01 INFO    Rep TX-15 House race       fv 0.193 (ref 0.190) inv    +0 race    +0 | bid 0.155 x100  ask 0.225 x100
2026-10-01T16:01:01+0000 mm-bot python[28561]: 2026-10-01 16:01:01 INFO    Dem TX-15 House race       fv 0.807 (ref 0.800) inv    +0 race    +0 | bid 0.765 x100  ask 0.820 x100
2026-10-01T16:01:01+0000 mm-bot python[28561]: 2026-10-01 16:01:01 INFO    Rep SC-01 House race       fv 0.730 (ref 0.735) inv    +0 race    +0 | bid 0.690 x100  ask 0.760 x100
2026-10-01T16:01:01+0000 mm-bot python[28561]: 2026-10-01 16:01:01 INFO    Dem SC-01 House race       fv 0.270 (ref 0.265) inv    +0 race    +0 | bid 0.250 x100  ask 0.315 x100
2026-10-01T16:01:01+0000 mm-bot python[28561]: 2026-10-01 16:01:01 INFO    Rep PA-10 House race       fv 0.192 (ref 0.195) inv    +0 race    +0 | bid 0.150 x100  ask 0.220 x100
2026-10-01T16:01:01+0000 mm-bot python[28561]: 2026-10-01 16:01:01 INFO    Dem PA-10 House race       fv 0.808 (ref 0.815) inv    +0 race    +0 | bid 0.765 x100  ask 0.830 x100
2026-10-01T16:01:01+0000 mm-bot python[28561]: 2026-10-01 16:01:01 INFO    Rep PA-08 House race       fv 0.318 (ref 0.315) inv    +0 race    +0 | bid 0.280 x100  ask 0.350 x100
2026-10-01T16:01:01+0000 mm-bot python[28561]: 2026-10-01 16:01:01 INFO    Dem PA-08 House race       fv 0.682 (ref 0.675) inv    +0 race    +0 | bid 0.670 x100  ask 0.695 x100
2026-10-01T16:01:01+0000 mm-bot python[28561]: 2026-10-01 16:01:01 INFO    Rep PA-07 House race       fv 0.146 (ref 0.140) inv    +0 race    +0 | bid 0.135 x100  ask 0.160 x100
2026-10-01T16:01:01+0000 mm-bot python[28561]: 2026-10-01 16:01:01 INFO    Dem PA-07 House race       fv 0.854 (ref 0.845) inv    +0 race    +0 | bid 0.840 x100  ask 0.865 x100
2026-10-01T16:01:01+0000 mm-bot python[28561]: 2026-10-01 16:01:01 INFO    Rep PA-01 House race       fv 0.658 (ref 0.655) inv    +0 race    +0 | bid 0.635 x100  ask 0.670 x100
2026-10-01T16:01:01+0000 mm-bot python[28561]: 2026-10-01 16:01:01 INFO    Dem PA-01 House race       fv 0.342 (ref 0.335) inv    +0 race    +0 | bid 0.330 x100  ask 0.365 x100
2026-10-01T16:01:01+0000 mm-bot python[28561]: 2026-10-01 16:01:01 INFO    Rep NY-17 House race       fv 0.365 (ref 0.365) inv    +0 race    +0 | bid 0.330 x100  ask 0.400 x100
2026-10-01T16:01:01+0000 mm-bot python[28561]: 2026-10-01 16:01:01 INFO    Dem NY-17 House race       fv 0.635 (ref 0.635) inv    +0 race    +0 | bid 0.600 x100  ask 0.670 x100
2026-10-01T16:01:01+0000 mm-bot python[28561]: 2026-10-01 16:01:01 INFO    Rep NJ-07 House race       fv 0.109 (ref 0.105) inv    +0 race    +0 | bid 0.080 x100  ask 0.150 x100
2026-10-01T16:01:01+0000 mm-bot python[28561]: 2026-10-01 16:01:01 INFO    Dem NJ-07 House race       fv 0.891 (ref 0.890) inv    +0 race    +0 | bid 0.850 x100  ask 0.910 x100
2026-10-01T16:01:01+0000 mm-bot python[28561]: 2026-10-01 16:01:01 INFO    Rep NE-02 House race       fv 0.083 (ref 0.086) inv    +0 race    +0 | bid 0.040 x100  ask 0.110 x100
2026-10-01T16:01:01+0000 mm-bot python[28561]: 2026-10-01 16:01:01 INFO    Dem NE-02 House race       fv 0.917 (ref 0.915) inv    +0 race    +0 | bid 0.905 x100  ask 0.930 x100
2026-10-01T16:01:01+0000 mm-bot python[28561]: 2026-10-01 16:01:01 INFO    Rep MT-01 House race       fv 0.674 (ref 0.675) inv    +0 race    +0 | bid 0.660 x100  ask 0.685 x100
2026-10-01T16:01:01+0000 mm-bot python[28561]: 2026-10-01 16:01:01 INFO    Dem MT-01 House race       fv 0.326 (ref 0.325) inv    +0 race    +0 | bid 0.295 x100  ask 0.365 x100
2026-10-01T16:01:01+0000 mm-bot python[28561]: 2026-10-01 16:01:01 INFO    Rep ME-02 House race       fv 0.642 (ref 0.625) inv    +0 race    +0 | bid 0.605 x100  ask 0.675 x100
2026-10-01T16:01:01+0000 mm-bot python[28561]: 2026-10-01 16:01:01 INFO    Dem ME-02 House race       fv 0.358 (ref 0.355) inv    +0 race    +0 | bid 0.315 x100  ask 0.375 x100
2026-10-01T16:01:01+0000 mm-bot python[28561]: 2026-10-01 16:01:01 INFO    Rep KY-04 House race       fv 0.970 (ref 0.970) inv    +0 race    +0 | bid    -        ask 0.985 x100
2026-10-01T16:01:01+0000 mm-bot python[28561]: 2026-10-01 16:01:01 INFO    Dem KY-04 House race       fv 0.030 (ref 0.022) inv    +0 race    +0 | bid 0.010 x100  ask    -
2026-10-01T16:01:01+0000 mm-bot python[28561]: 2026-10-01 16:01:01 INFO    Rep IA-03 House race       fv 0.243 (ref 0.245) inv    +0 race    +0 | bid 0.210 x100  ask 0.280 x100
2026-10-01T16:01:01+0000 mm-bot python[28561]: 2026-10-01 16:01:01 INFO    Dem IA-03 House race       fv 0.757 (ref 0.765) inv    +0 race    +0 | bid 0.720 x100  ask 0.790 x100
2026-10-01T16:01:01+0000 mm-bot python[28561]: 2026-10-01 16:01:01 INFO    Rep IA-02 House race       fv 0.462 (ref 0.455) inv    +0 race    +0 | bid 0.420 x100  ask 0.490 x100
2026-10-01T16:01:01+0000 mm-bot python[28561]: 2026-10-01 16:01:01 INFO    Dem IA-02 House race       fv 0.538 (ref 0.525) inv    +0 race    +0 | bid 0.505 x100  ask 0.575 x100
2026-10-01T16:01:01+0000 mm-bot python[28561]: 2026-10-01 16:01:01 INFO    Rep IA-01 House race       fv 0.172 (ref 0.175) inv    +0 race    +0 | bid 0.130 x100  ask 0.200 x100
2026-10-01T16:01:01+0000 mm-bot python[28561]: 2026-10-01 16:01:01 INFO    Dem IA-01 House race       fv 0.828 (ref 0.825) inv    +0 race    +0 | bid 0.800 x100  ask 0.870 x100
2026-10-01T16:01:01+0000 mm-bot python[28561]: 2026-10-01 16:01:01 INFO    Rep FL-13 House race       fv 0.752 (ref 0.750) inv    +0 race    +0 | bid 0.710 x100  ask 0.780 x100
2026-10-01T16:01:01+0000 mm-bot python[28561]: 2026-10-01 16:01:01 INFO    Dem FL-09 House race       fv 0.300 (ref 0.295) inv    +0 race    +0 | bid 0.260 x100  ask 0.330 x100
2026-10-01T16:01:01+0000 mm-bot python[28561]: 2026-10-01 16:01:01 INFO    Rep CO-08 House race       fv 0.151 (ref 0.155) inv    +0 race    +0 | bid 0.110 x100  ask 0.180 x100
2026-10-01T16:01:01+0000 mm-bot python[28561]: 2026-10-01 16:01:01 INFO    Dem CO-08 House race       fv 0.849 (ref 0.855) inv    +0 race    +0 | bid 0.815 x100  ask 0.885 x100
2026-10-01T16:01:01+0000 mm-bot python[28561]: 2026-10-01 16:01:01 INFO    Rep CO-04 House race       fv 0.702 (ref 0.695) inv    +0 race    +0 | bid 0.660 x100  ask 0.730 x100
2026-10-01T16:01:01+0000 mm-bot python[28561]: 2026-10-01 16:01:01 INFO    Dem CO-04 House race       fv 0.298 (ref 0.295) inv    +0 race    +0 | bid 0.260 x100  ask 0.330 x100
2026-10-01T16:01:01+0000 mm-bot python[28561]: 2026-10-01 16:01:01 INFO    Rep CO-03 House race       fv 0.729 (ref 0.740) inv    +0 race    +0 | bid 0.685 x100  ask 0.740 x100
2026-10-01T16:01:01+0000 mm-bot python[28561]: 2026-10-01 16:01:01 INFO    Dem CO-03 House race       fv 0.271 (ref 0.260) inv    +0 race    +0 | bid 0.260 x100  ask 0.315 x100
2026-10-01T16:01:01+0000 mm-bot python[28561]: 2026-10-01 16:01:01 INFO    Rep CA-48 House race       fv 0.088 (ref 0.085) inv    +0 race    +0 | bid 0.060 x100  ask 0.130 x100
2026-10-01T16:01:01+0000 mm-bot python[28561]: 2026-10-01 16:01:01 INFO    Dem CA-48 House race       fv 0.912 (ref 0.905) inv    +0 race    +0 | bid 0.880 x100  ask 0.950 x100
2026-10-01T16:01:01+0000 mm-bot python[28561]: 2026-10-01 16:01:01 INFO    Rep CA-22 House race       fv 0.090 inv    +0 race    +0 | bid 0.055 x100  ask 0.125 x100
2026-10-01T16:01:01+0000 mm-bot python[28561]: 2026-10-01 16:01:01 INFO    Dem CA-22 House race       fv 0.910 inv    +0 race    +0 | bid 0.875 x100  ask 0.945 x100
2026-10-01T16:01:01+0000 mm-bot python[28561]: 2026-10-01 16:01:01 INFO    Rep AZ-06 House race       fv 0.169 (ref 0.175) inv    +0 race    +0 | bid 0.125 x100  ask 0.190 x100
2026-10-01T16:01:01+0000 mm-bot python[28561]: 2026-10-01 16:01:01 INFO    Dem AZ-06 House race       fv 0.831 (ref 0.825) inv    +0 race    +0 | bid 0.805 x100  ask 0.875 x100
2026-10-01T16:01:01+0000 mm-bot python[28561]: 2026-10-01 16:01:01 INFO    Rep AZ-01 House race       fv 0.213 (ref 0.215) inv    +0 race    +0 | bid 0.180 x100  ask 0.250 x100
2026-10-01T16:01:01+0000 mm-bot python[28561]: 2026-10-01 16:01:01 INFO    Dem AZ-01 House race       fv 0.787 (ref 0.795) inv    +0 race    +0 | bid 0.755 x100  ask 0.825 x100
2026-10-01T16:01:01+0000 mm-bot python[28561]: 2026-10-01 16:01:01 INFO    Rep Texas Governor         fv 0.800 (ref 0.812) inv    +0 race    +0 | bid 0.760 x250  ask 0.820 x250
2026-10-01T16:01:01+0000 mm-bot python[28561]: 2026-10-01 16:01:01 INFO    Dem Texas Governor         fv 0.200 (ref 0.195) inv    +0 race    +0 | bid 0.180 x200  ask 0.240 x200
2026-10-01T16:01:01+0000 mm-bot python[28561]: 2026-10-01 16:01:01 INFO    Rep South Carolina Governo fv 0.950 (ref 0.945) inv    +0 race    +0 | bid    -        ask 0.985 x100
2026-10-01T16:01:01+0000 mm-bot python[28561]: 2026-10-01 16:01:01 INFO    Dem South Carolina Governo fv 0.050 (ref 0.048) inv    +0 race    +0 | bid 0.020 x100  ask    -
2026-10-01T16:01:01+0000 mm-bot python[28561]: 2026-10-01 16:01:01 INFO    Rep Oregon Governor        fv 0.204 (ref 0.195) inv    +0 race    +0 | bid 0.190 x100  ask 0.245 x100
2026-10-01T16:01:01+0000 mm-bot python[28561]: 2026-10-01 16:01:01 INFO    Dem Oregon Governor        fv 0.796 (ref 0.805) inv    +0 race    +0 | bid 0.755 x100  ask 0.810 x100
2026-10-01T16:01:01+0000 mm-bot python[28561]: 2026-10-01 16:01:01 INFO    Dem Oklahoma Governor      fv 0.075 (ref 0.075) inv    +0 race    +0 | bid 0.040 x100  ask 0.110 x100
2026-10-01T16:01:01+0000 mm-bot python[28561]: 2026-10-01 16:01:01 INFO    Rep New York Governor      fv 0.048 (ref 0.045) inv    +0 race    +0 | bid 0.020 x150  ask    -
2026-10-01T16:01:01+0000 mm-bot python[28561]: 2026-10-01 16:01:01 INFO    Dem New York Governor      fv 0.952 (ref 0.955) inv    +0 race    +0 | bid    -        ask 0.980 x100
2026-10-01T16:01:01+0000 mm-bot python[28561]: 2026-10-01 16:01:01 INFO    Rep Nevada Governor        fv 0.525 (ref 0.525) inv    +0 race    +0 | bid 0.500 x150  ask 0.570 x150
2026-10-01T16:01:01+0000 mm-bot python[28561]: 2026-10-01 16:01:01 INFO    Dem Nevada Governor        fv 0.475 (ref 0.485) inv    +0 race    +0 | bid 0.430 x100  ask 0.495 x100
2026-10-01T16:01:01+0000 mm-bot python[28561]: 2026-10-01 16:01:01 INFO    Rep New Mexico Governor    fv 0.054 (ref 0.050) inv    +0 race    +0 | bid 0.030 x100  ask 0.095 x100
2026-10-01T16:01:01+0000 mm-bot python[28561]: 2026-10-01 16:01:01 INFO    Dem New Mexico Governor    fv 0.946 (ref 0.960) inv    +0 race    +0 | bid 0.905 x100  ask 0.965 x100
2026-10-01T16:01:01+0000 mm-bot python[28561]: 2026-10-01 16:01:01 INFO    Rep Nebraska Governor      fv 0.913 (ref 0.905) inv    +0 race    +0 | bid 0.870 x100  ask 0.935 x100
2026-10-01T16:01:01+0000 mm-bot python[28561]: 2026-10-01 16:01:01 INFO    Dem Nebraska Governor      fv 0.087 (ref 0.085) inv    +0 race    +0 | bid 0.055 x100  ask 0.125 x100
2026-10-01T16:01:01+0000 mm-bot python[28561]: 2026-10-01 16:01:01 INFO    Rep Maine Governor         fv 0.041 (ref 0.036) inv    +0 race    +0 | bid 0.020 x100  ask    -
2026-10-01T16:01:01+0000 mm-bot python[28561]: 2026-10-01 16:01:01 INFO    Dem Maine Governor         fv 0.959 (ref 0.960) inv    +0 race    +0 | bid    -        ask 0.980 x100
2026-10-01T16:01:01+0000 mm-bot python[28561]: 2026-10-01 16:01:01 INFO    Rep Iowa Governor          fv 0.152 (ref 0.145) inv    +0 race    +0 | bid 0.130 x100  ask 0.195 x100
2026-10-01T16:01:01+0000 mm-bot python[28561]: 2026-10-01 16:01:01 INFO    Dem Iowa Governor          fv 0.848 (ref 0.845) inv    +0 race    +0 | bid 0.810 x100  ask 0.880 x100
2026-10-01T16:01:01+0000 mm-bot python[28561]: 2026-10-01 16:01:01 INFO    Rep Georgia Governor       fv 0.501 (ref 0.505) inv    +0 race    +0 | bid 0.480 x100  ask 0.545 x100
2026-10-01T16:01:01+0000 mm-bot python[28561]: 2026-10-01 16:01:01 INFO    Dem Georgia Governor       fv 0.499 (ref 0.505) inv    +0 race    +0 | bid 0.485 x150  ask 0.510 x150
2026-10-01T16:01:01+0000 mm-bot python[28561]: 2026-10-01 16:01:01 INFO    Rep Arizona Governor       fv 0.112 (ref 0.105) inv    +0 race    +0 | bid 0.090 x100  ask 0.155 x100
2026-10-01T16:01:01+0000 mm-bot python[28561]: 2026-10-01 16:01:01 INFO    Dem Arizona Governor       fv 0.888 (ref 0.885) inv    +0 race    +0 | bid 0.845 x100  ask 0.910 x100
2026-10-01T16:01:01+0000 mm-bot python[28561]: 2026-10-01 16:01:01 INFO    Rep Arkansas Governor      fv 0.961 (ref 0.968) inv    +0 race    +0 | bid    -        ask 0.980 x100
2026-10-01T16:01:01+0000 mm-bot python[28561]: 2026-10-01 16:01:01 INFO    Rep Alabama Governor       fv 0.927 (ref 0.927) inv    +0 race    +0 | bid 0.885 x100  ask 0.950 x100
2026-10-01T16:01:01+0000 mm-bot python[28561]: 2026-10-01 16:01:01 INFO    Dem Alabama Governor       fv 0.073 (ref 0.068) inv    +0 race    +0 | bid 0.050 x100  ask 0.115 x100
2026-10-01T16:01:01+0000 mm-bot python[28561]: 2026-10-01 16:01:01 INFO    Rep U.S. Senate            fv 0.377 (ref 0.375) inv    +0 race    +0 | bid 0.350 x10000 ask 0.420 x10000
2026-10-01T16:01:01+0000 mm-bot python[28561]: 2026-10-01 16:01:01 INFO    Dem U.S. Senate            fv 0.623 (ref 0.625) inv    +0 race    +0 | bid 0.590 x10000 ask 0.660 x10000
2026-10-01T16:01:01+0000 mm-bot python[28561]: 2026-10-01 16:01:01 INFO    Rep U.S. House             fv 0.084 (ref 0.085) inv    +0 race    +0 | bid 0.050 x10000 ask 0.120 x10000
2026-10-01T16:01:01+0000 mm-bot python[28561]: 2026-10-01 16:01:01 INFO    Dem U.S. House             fv 0.916 (ref 0.925) inv    +0 race    +0 | bid 0.880 x10000 ask 0.950 x10000
2026-10-01T16:01:21+0000 mm-bot python[28561]: 2026-10-01 16:01:21 ERROR   batch of 20 orders failed (409 REQUEST_IN_FLIGHT: An identical request with this idempotency key is still in flight. Retry with the same key after 90 seconds.)
2026-10-01T16:01:44+0000 mm-bot python[28561]: 2026-10-01 16:01:44 ERROR   batch of 20 orders failed (409 REQUEST_IN_FLIGHT: An identical request with this idempotency key is still in flight. Retry with the same key after 90 seconds.)
2026-10-01T16:02:14+0000 mm-bot python[28561]: 2026-10-01 16:02:14 ERROR   batch of 20 orders failed (409 REQUEST_IN_FLIGHT: An identical request with this idempotency key is still in flight. Retry with the same key after 90 seconds.)
2026-10-01T16:02:30+0000 mm-bot python[28561]: 2026-10-01 16:02:30 ERROR   batch of 20 orders failed (409 REQUEST_IN_FLIGHT: An identical request with this idempotency key is still in flight. Retry with the same key after 90 seconds.)
2026-10-01T16:02:45+0000 mm-bot python[28561]: 2026-10-01 16:02:45 ERROR   batch of 20 orders failed (409 REQUEST_IN_FLIGHT: An identical request with this idempotency key is still in flight. Retry with the same key after 90 seconds.)
2026-10-01T16:02:51+0000 mm-bot python[28561]: 2026-10-01 16:02:51 INFO    realtime: missed message(s) on user:6c996168-fbca-415e-bb62-04b8bcaa95f3 - full resync next cycle
2026-10-01T16:02:51+0000 mm-bot python[28561]: 2026-10-01 16:02:51 INFO    realtime: missed message(s) on user:6c996168-fbca-415e-bb62-04b8bcaa95f3 - full resync next cycle
2026-10-01T16:02:51+0000 mm-bot python[28561]: 2026-10-01 16:02:51 INFO    realtime: missed message(s) on user:6c996168-fbca-415e-bb62-04b8bcaa95f3 - full resync next cycle
2026-10-01T16:03:02+0000 mm-bot python[28561]: 2026-10-01 16:03:02 ERROR   batch of 20 orders failed (409 REQUEST_IN_FLIGHT: An identical request with this idempotency key is still in flight. Retry with the same key after 90 seconds.)
2026-10-01T16:03:28+0000 mm-bot python[28561]: 2026-10-01 16:03:28 ERROR   batch of 20 orders failed (409 REQUEST_IN_FLIGHT: An identical request with this idempotency key is still in flight. Retry with the same key after 90 seconds.)
2026-10-01T16:03:44+0000 mm-bot python[28561]: 2026-10-01 16:03:44 ERROR   batch of 20 orders failed (409 REQUEST_IN_FLIGHT: An identical request with this idempotency key is still in flight. Retry with the same key after 90 seconds.)
2026-10-01T16:04:06+0000 mm-bot python[28561]: 2026-10-01 16:04:06 INFO    realtime: missed message(s) on user:6c996168-fbca-415e-bb62-04b8bcaa95f3 - full resync next cycle
2026-10-01T16:04:06+0000 mm-bot python[28561]: 2026-10-01 16:04:06 INFO    realtime: missed message(s) on user:6c996168-fbca-415e-bb62-04b8bcaa95f3 - full resync next cycle
2026-10-01T16:04:10+0000 mm-bot python[28561]: 2026-10-01 16:04:10 INFO    realtime: missed message(s) on user:6c996168-fbca-415e-bb62-04b8bcaa95f3 - full resync next cycle
2026-10-01T16:04:12+0000 mm-bot python[28561]: 2026-10-01 16:04:12 ERROR   batch of 20 orders failed (409 REQUEST_IN_FLIGHT: An identical request with this idempotency key is still in flight. Retry with the same key after 90 seconds.)
2026-10-01T16:04:28+0000 mm-bot python[28561]: 2026-10-01 16:04:28 ERROR   batch of 20 orders failed (409 REQUEST_IN_FLIGHT: An identical request with this idempotency key is still in flight. Retry with the same key after 90 seconds.)
2026-10-01T16:04:44+0000 mm-bot python[28561]: 2026-10-01 16:04:44 ERROR   batch of 20 orders failed (409 REQUEST_IN_FLIGHT: An identical request with this idempotency key is still in flight. Retry with the same key after 90 seconds.)
2026-10-01T16:05:05+0000 mm-bot python[28561]: 2026-10-01 16:05:05 ERROR   batch of 20 orders failed (409 REQUEST_IN_FLIGHT: An identical request with this idempotency key is still in flight. Retry with the same key after 90 seconds.)
2026-10-01T16:05:25+0000 mm-bot python[28561]: 2026-10-01 16:05:25 ERROR   batch of 20 orders failed (409 REQUEST_IN_FLIGHT: An identical request with this idempotency key is still in flight. Retry with the same key after 90 seconds.)
2026-10-01T16:05:38+0000 mm-bot python[28561]: 2026-10-01 16:05:38 INFO    self-test passed: orders, sell->NO conversion, expiry and cancel all behave as expected
2026-10-01T16:05:42+0000 mm-bot python[28561]: 2026-10-01 16:05:42 INFO    mm_bot: +0 (+0.0%)
2026-10-01T16:05:42+0000 mm-bot python[28561]: Status: OK | trading, self-test passed
2026-10-01T16:05:42+0000 mm-bot python[28561]: Account 100,000 (+0 total)
2026-10-01T16:05:42+0000 mm-bot python[28561]: Rank 10 of 86 | Smart Score: not scored yet
2026-10-01T16:05:42+0000 mm-bot python[28561]: Last 2h: 0 fills, 0 shares, edge +0.00c, markout +0.00c, 0 arbitrages, 0 takes
2026-10-01T16:05:42+0000 mm-bot python[28561]: Now: 68 orders resting, worst-case loss 0, realtime connected, rate limits 0
2026-10-01T16:06:10+0000 mm-bot python[28561]: 2026-10-01 16:06:10 INFO    FILL ex 1057  our ? x100 @ 0.75  (fv when quoted ?)
2026-10-01T16:06:10+0000 mm-bot python[28561]: 2026-10-01 16:06:10 INFO    FILL ex 983  our ? x500 @ 0.6  (fv when quoted ?)
2026-10-01T16:06:10+0000 mm-bot python[28561]: 2026-10-01 16:06:10 INFO    FILL ex 982  our ? x500 @ 0.6  (fv when quoted ?)
2026-10-01T16:06:10+0000 mm-bot python[28561]: 2026-10-01 16:06:10 INFO    FILL ex 1048  our ? x400 @ 0.245  (fv when quoted ?)
2026-10-01T16:06:10+0000 mm-bot python[28561]: 2026-10-01 16:06:10 INFO    FILL ex 959  our ask x475 @ 0.62  (fv when quoted 0.5891238670694864)
2026-10-01T16:06:10+0000 mm-bot python[28561]: 2026-10-01 16:06:10 INFO    FILL ex 983  our ? x443 @ 0.33  (fv when quoted ?)
2026-10-01T16:06:10+0000 mm-bot python[28561]: 2026-10-01 16:06:10 INFO    FILL ex 959  our ask x125 @ 0.62  (fv when quoted 0.5891238670694864)
2026-10-01T16:06:10+0000 mm-bot python[28561]: 2026-10-01 16:06:10 INFO    FILL ex 924  our bid x62 @ 0.84  (fv when quoted 0.853966649823143)
2026-10-01T16:06:10+0000 mm-bot python[28561]: 2026-10-01 16:06:10 INFO    FILL ex 925  our ask x62 @ 0.16  (fv when quoted 0.146033350176857)
2026-10-01T16:06:10+0000 mm-bot python[28561]: 2026-10-01 16:06:10 INFO    FILL ex 983  our ? x57 @ 0.33  (fv when quoted ?)
2026-10-01T16:06:10+0000 mm-bot python[28561]: 2026-10-01 16:06:10 INFO    FILL ex 934  our ? x100 @ 0.62  (fv when quoted ?)
2026-10-01T16:06:10+0000 mm-bot python[28561]: 2026-10-01 16:06:10 INFO    FILL ex 1046  our ? x300 @ 0.27  (fv when quoted ?)
2026-10-01T16:06:10+0000 mm-bot python[28561]: 2026-10-01 16:06:10 INFO    FILL ex 902  our ? x100 @ 0.795  (fv when quoted ?)
2026-10-01T16:06:10+0000 mm-bot python[28561]: 2026-10-01 16:06:10 INFO    FILL ex 1047  our ? x450 @ 0.235  (fv when quoted ?)
2026-10-01T16:06:10+0000 mm-bot python[28561]: 2026-10-01 16:06:10 INFO    FILL ex 1044  our ? x150 @ 0.06000000000000005  (fv when quoted ?)
2026-10-01T16:06:10+0000 mm-bot python[28561]: 2026-10-01 16:06:10 INFO    FILL ex 896  our ? x100 @ 0.26  (fv when quoted ?)
2026-10-01T16:06:10+0000 mm-bot python[28561]: 2026-10-01 16:06:10 INFO    FILL ex 970  our ? x250 @ 0.69  (fv when quoted ?)
2026-10-01T16:06:10+0000 mm-bot python[28561]: 2026-10-01 16:06:10 INFO    FILL ex 1019  our ? x100 @ 0.385  (fv when quoted ?)
2026-10-01T16:06:10+0000 mm-bot python[28561]: 2026-10-01 16:06:10 INFO    FILL ex 934  our ? x100 @ 0.315  (fv when quoted ?)
2026-10-01T16:06:10+0000 mm-bot python[28561]: 2026-10-01 16:06:10 INFO    FILL ex 903  our ? x100 @ 0.8  (fv when quoted ?)
2026-10-01T16:06:10+0000 mm-bot python[28561]: 2026-10-01 16:06:10 INFO    FILL ex 1014  our ? x100 @ 0.795  (fv when quoted ?)
2026-10-01T16:06:10+0000 mm-bot python[28561]: 2026-10-01 16:06:10 INFO    FILL ex 921  our bid x100 @ 0.33  (fv when quoted 0.365)
2026-10-01T16:06:10+0000 mm-bot python[28561]: 2026-10-01 16:06:10 INFO    FILL ex 1031  our ? x100 @ 0.44999999999999996  (fv when quoted ?)
2026-10-01T16:06:10+0000 mm-bot python[28561]: 2026-10-01 16:06:10 INFO    FILL ex 924  our bid x38 @ 0.84  (fv when quoted 0.853966649823143)
2026-10-01T16:06:10+0000 mm-bot python[28561]: 2026-10-01 16:06:10 INFO    FILL ex 920  our ask x100 @ 0.67  (fv when quoted 0.635)
2026-10-01T16:06:10+0000 mm-bot python[28561]: 2026-10-01 16:06:10 INFO    realtime | account 150650 (locked in orders 50577, detecting) | worst-case loss 1489 | party delta +326 | priced 27/237 | resting 241
2026-10-01T16:06:10+0000 mm-bot python[28561]: 2026-10-01 16:06:10 INFO    Rep Delaware Senate        fv 0.021 (ref 0.013) inv    +0 race    +0 | bid 0.010 x100  ask    -
2026-10-01T16:06:13+0000 mm-bot python[28561]: 2026-10-01 16:06:13 INFO    Dem Rhode Island Governor  fv   -   (ref 0.966) inv    +0 race    +0 | bid    -        ask    -
2026-10-01T16:06:18+0000 mm-bot python[28561]: 2026-10-01 16:06:18 INFO    Rep New Hampshire Senate   fv   -   (ref 0.135) inv    +0 race    +0 | bid    -        ask    -
2026-10-01T16:06:18+0000 mm-bot python[28561]: 2026-10-01 16:06:18 INFO    Dem New Hampshire Senate   fv   -   (ref 0.865) inv    +0 race    +0 | bid    -        ask    -
2026-10-01T16:06:19+0000 mm-bot python[28561]: 2026-10-01 16:06:19 INFO    Rep Alaska Senate          fv   -   inv    +0 race    +0 | bid    -        ask    -
2026-10-01T16:06:19+0000 mm-bot python[28561]: 2026-10-01 16:06:19 INFO    Rep NH-01 House race       fv 0.031 (ref 0.025) inv    +0 race    +0 | bid 0.020 x100  ask    -
2026-10-01T16:06:19+0000 mm-bot python[28561]: 2026-10-01 16:06:19 INFO    Dem New Hampshire Governor fv 0.053 (ref 0.040) inv    +0 race    +0 | bid 0.040 x100  ask 0.085 x100
2026-10-01T16:06:19+0000 mm-bot python[28561]: 2026-10-01 16:06:19 INFO    Rep Alaska Governor        fv   -   inv    +0 race  -100 | bid    -        ask    -
2026-10-01T16:06:27+0000 mm-bot python[28561]: 2026-10-01 16:06:27 INFO    Dem Alaska Governor        fv   -   inv  +100 race  +100 | bid    -        ask    -
2026-10-01T16:06:40+0000 mm-bot python[28561]: 2026-10-01 16:06:40 INFO    Rep Minnesota Senate       fv   -   (ref 0.095) inv    +0 race    +0 | bid    -        ask    -
2026-10-01T16:06:40+0000 mm-bot python[28561]: 2026-10-01 16:06:40 INFO    Dem Minnesota Senate       fv   -   (ref 0.905) inv    +0 race    +0 | bid    -        ask    -
2026-10-01T16:06:41+0000 mm-bot python[28561]: 2026-10-01 16:06:41 INFO    Rep Michigan Senate        fv 0.272 (ref 0.275) inv  +400 race  +850 | bid 0.235 x400  ask 0.270 x400
2026-10-01T16:06:41+0000 mm-bot python[28561]: 2026-10-01 16:06:41 INFO    Dem Michigan Senate        fv   -   (ref 0.725) inv  -450 race  -850 | bid    -        ask    -
2026-10-01T16:06:46+0000 mm-bot python[28561]: 2026-10-01 16:06:46 INFO    Rep Kansas Senate          fv 0.712 (ref 0.715) inv  -300 race  -300 | bid 0.685 x300  ask 0.735 x300
2026-10-01T16:06:49+0000 mm-bot python[28561]: 2026-10-01 16:06:49 INFO    Dem Kansas Senate          fv   -   (ref 0.285) inv    +0 race  +300 | bid    -        ask    -
2026-10-01T16:06:50+0000 mm-bot python[28561]: 2026-10-01 16:06:50 INFO    Rep Florida Senate         fv 0.925 (ref 0.915) inv  -150 race  -150 | bid 0.905 x150  ask 0.970 x150
2026-10-01T16:06:50+0000 mm-bot python[28561]: 2026-10-01 16:06:50 INFO    Dem Florida Senate         fv   -   (ref 0.085) inv    +0 race  +150 | bid    -        ask    -
2026-10-01T16:06:51+0000 mm-bot python[28561]: 2026-10-01 16:06:51 INFO    Rep WI-03 House race       fv   -   (ref 0.255) inv    +0 race    +0 | bid    -        ask    -
2026-10-01T16:06:52+0000 mm-bot python[28561]: 2026-10-01 16:06:52 INFO    Dem WI-03 House race       fv   -   (ref 0.725) inv    +0 race    +0 | bid    -        ask    -
2026-10-01T16:06:53+0000 mm-bot python[28561]: 2026-10-01 16:06:53 INFO    Rep WI-01 House race       fv   -   (ref 0.665) inv    +0 race    +0 | bid    -        ask    -
2026-10-01T16:06:54+0000 mm-bot python[28561]: 2026-10-01 16:06:54 INFO    Dem WI-01 House race       fv   -   (ref 0.335) inv    +0 race    +0 | bid    -        ask    -
2026-10-01T16:06:59+0000 mm-bot python[28561]: 2026-10-01 16:06:59 INFO    Rep WA-03 House race       fv   -   (ref 0.085) inv    +0 race    +0 | bid    -        ask    -
2026-10-01T16:06:59+0000 mm-bot python[28561]: 2026-10-01 16:06:59 INFO    Dem WA-03 House race       fv   -   (ref 0.905) inv    +0 race    +0 | bid    -        ask    -
2026-10-01T16:07:05+0000 mm-bot python[28561]: 2026-10-01 16:07:05 INFO    Rep VA-07 House race       fv   -   (ref 0.034) inv    +0 race    +0 | bid    -        ask    -
2026-10-01T16:07:05+0000 mm-bot python[28561]: 2026-10-01 16:07:05 INFO    Rep VA-05 House race       fv   -   (ref 0.785) inv    +0 race    +0 | bid    -        ask    -
2026-10-01T16:07:06+0000 mm-bot python[28561]: 2026-10-01 16:07:06 INFO    Dem VA-05 House race       fv   -   (ref 0.225) inv    +0 race    +0 | bid    -        ask    -
2026-10-01T16:07:06+0000 mm-bot python[28561]: 2026-10-01 16:07:06 INFO    Dem VA-02 House race       fv   -   (ref 0.815) inv    +0 race    +0 | bid    -        ask    -
2026-10-01T16:07:07+0000 mm-bot python[28561]: 2026-10-01 16:07:07 INFO    Dem VA-01 House race       fv   -   (ref 0.525) inv    +0 race    +0 | bid    -        ask    -
2026-10-01T16:07:21+0000 mm-bot python[28561]: 2026-10-01 16:07:21 INFO    Rep TN-05 House race       fv   -   (ref 0.915) inv    +0 race    +0 | bid    -        ask    -
2026-10-01T16:07:22+0000 mm-bot python[28561]: 2026-10-01 16:07:22 INFO    Dem TN-05 House race       fv   -   (ref 0.061) inv    +0 race    +0 | bid    -        ask    -
2026-10-01T16:07:24+0000 mm-bot python[28561]: 2026-10-01 16:07:24 INFO    Rep MN-02 House race       fv   -   (ref 0.047) inv    +0 race    +0 | bid    -        ask    -
2026-10-01T16:07:24+0000 mm-bot python[28561]: 2026-10-01 16:07:24 INFO    Dem MN-02 House race       fv   -   (ref 0.940) inv    +0 race    +0 | bid    -        ask    -
2026-10-01T16:07:25+0000 mm-bot python[28561]: 2026-10-01 16:07:25 INFO    Rep MN-01 House race       fv   -   (ref 0.755) inv    +0 race    +0 | bid    -        ask    -
2026-10-01T16:07:25+0000 mm-bot python[28561]: 2026-10-01 16:07:25 INFO    Dem MI-07 House race       fv 0.568 (ref 0.565) inv  -100 race  -100 | bid 0.560 x100  ask 0.585 x100
2026-10-01T16:07:26+0000 mm-bot python[28561]: 2026-10-01 16:07:26 INFO    Rep FL-22 House race       fv   -   (ref 0.485) inv    +0 race    +0 | bid    -        ask    -
2026-10-01T16:07:29+0000 mm-bot python[28561]: 2026-10-01 16:07:29 INFO    Dem FL-22 House race       fv   -   (ref 0.505) inv    +0 race    +0 | bid    -        ask    -
2026-10-01T16:07:30+0000 mm-bot python[28561]: 2026-10-01 16:07:30 INFO    Rep FL-16 House race       fv   -   (ref 0.825) inv    +0 race    +0 | bid    -        ask    -
2026-10-01T16:07:30+0000 mm-bot python[28561]: 2026-10-01 16:07:30 INFO    Dem FL-16 House race       fv   -   (ref 0.155) inv    +0 race    +0 | bid    -        ask    -
2026-10-01T16:07:31+0000 mm-bot python[28561]: 2026-10-01 16:07:31 INFO    Dem FL-13 House race       fv   -   (ref 0.235) inv    +0 race    +0 | bid    -        ask    -
2026-10-01T16:07:33+0000 mm-bot python[28561]: 2026-10-01 16:07:33 INFO    Rep FL-09 House race       fv   -   (ref 0.685) inv    +0 race    +0 | bid    -        ask    -
2026-10-01T16:07:33+0000 mm-bot python[28561]: 2026-10-01 16:07:33 WARNING RATE LIMITED (429): pausing all requests for 60 s; budget now 60/min
2026-10-01T16:08:36+0000 mm-bot python[28561]: 2026-10-01 16:08:36 INFO    Rep FL-07 House race       fv   -   (ref 0.665) inv    +0 race    +0 | bid    -        ask    -
2026-10-01T16:08:40+0000 mm-bot python[28561]: 2026-10-01 16:08:40 INFO    Dem FL-07 House race       fv   -   (ref 0.335) inv    +0 race    +0 | bid    -        ask    -
2026-10-01T16:08:42+0000 mm-bot python[28561]: 2026-10-01 16:08:42 INFO    Rep AL-02 House race       fv   -   (ref 0.745) inv    +0 race    +0 | bid    -        ask    -
2026-10-01T16:08:42+0000 mm-bot python[28561]: 2026-10-01 16:08:42 INFO    Dem AL-02 House race       fv   -   (ref 0.265) inv    +0 race    +0 | bid    -        ask    -
2026-10-01T16:08:43+0000 mm-bot python[28561]: 2026-10-01 16:08:43 INFO    Rep Wisconsin Governor     fv   -   (ref 0.205) inv    +0 race    +0 | bid    -        ask    -
2026-10-01T16:08:48+0000 mm-bot python[28561]: 2026-10-01 16:08:48 INFO    Dem Wisconsin Governor     fv   -   (ref 0.805) inv    +0 race    +0 | bid    -        ask    -
2026-10-01T16:08:50+0000 mm-bot python[28561]: 2026-10-01 16:08:50 INFO    Rep Vermont Governor       fv   -   (ref 0.835) inv    +0 race    +0 | bid    -        ask    -
2026-10-01T16:08:55+0000 mm-bot python[28561]: 2026-10-01 16:08:55 INFO    Dem Vermont Governor       fv   -   (ref 0.170) inv    +0 race    +0 | bid    -        ask    -
2026-10-01T16:08:58+0000 mm-bot python[28561]: 2026-10-01 16:08:58 INFO    Rep Tennessee Governor     fv   -   (ref 0.963) inv    +0 race    +0 | bid    -        ask    -
2026-10-01T16:09:03+0000 mm-bot python[28561]: 2026-10-01 16:09:03 INFO    Dem Tennessee Governor     fv   -   (ref 0.029) inv    +0 race    +0 | bid    -        ask    -
2026-10-01T16:09:08+0000 mm-bot python[28561]: 2026-10-01 16:09:08 INFO    Rep Minnesota Governor     fv   -   (ref 0.046) inv    +0 race    +0 | bid    -        ask    -
2026-10-01T16:09:09+0000 mm-bot python[28561]: 2026-10-01 16:09:09 INFO    Dem Minnesota Governor     fv   -   (ref 0.955) inv    +0 race    +0 | bid    -        ask    -
2026-10-01T16:09:11+0000 mm-bot python[28561]: 2026-10-01 16:09:11 INFO    Rep Michigan Governor      fv   -   (ref 0.085) inv    +0 race    +0 | bid    -        ask    -
2026-10-01T16:09:12+0000 mm-bot python[28561]: 2026-10-01 16:09:12 INFO    Dem Michigan Governor      fv   -   (ref 0.915) inv    +0 race    +0 | bid    -        ask    -
2026-10-01T16:09:15+0000 mm-bot python[28561]: 2026-10-01 16:09:15 INFO    Rep Kansas Governor        fv   -   (ref 0.725) inv    +0 race    +0 | bid    -        ask    -
2026-10-01T16:09:15+0000 mm-bot python[28561]: 2026-10-01 16:09:15 INFO    Dem Kansas Governor        fv   -   (ref 0.275) inv    +0 race    +0 | bid    -        ask    -
2026-10-01T16:09:16+0000 mm-bot python[28561]: 2026-10-01 16:09:16 INFO    Rep Florida Governor       fv   -   (ref 0.785) inv    +0 race    +0 | bid    -        ask    -
2026-10-01T16:09:17+0000 mm-bot python[28561]: 2026-10-01 16:09:17 INFO    Dem Florida Governor       fv   -   (ref 0.215) inv    +0 race    +0 | bid    -        ask    -
2026-10-01T16:09:18+0000 mm-bot python[28561]: 2026-10-01 16:09:18 INFO    Dem Texas Senate           fv   -   (ref 0.625) inv  +500 race  +500 | bid    -        ask    -
2026-10-01T16:09:25+0000 mm-bot python[28561]: 2026-10-01 16:09:25 INFO    realtime: renewing the session (fresh login, full resync)
2026-10-01T16:09:26+0000 mm-bot python[28561]: 2026-10-01 16:09:26 INFO    Rep South Dakota Senate    fv   -   (ref 0.919) inv    +0 race    +0 | bid    -        ask    -
2026-10-01T16:09:29+0000 mm-bot python[28561]: 2026-10-01 16:09:29 INFO    Rep South Carolina Senate  fv   -   (ref 0.865) inv    +0 race    +0 | bid    -        ask    -
2026-10-01T16:09:29+0000 mm-bot python[28561]: 2026-10-01 16:09:29 INFO    realtime feed connected - reacting to pushed updates
2026-10-01T16:09:29+0000 mm-bot python[28561]: 2026-10-01 16:09:29 INFO    realtime: subscribed to tournament - full resync next cycle
2026-10-01T16:09:29+0000 mm-bot python[28561]: 2026-10-01 16:09:29 INFO    realtime: subscribed to user - full resync next cycle
2026-10-01T16:09:29+0000 mm-bot python[28561]: 2026-10-01 16:09:29 INFO    Dem South Carolina Senate  fv   -   (ref 0.135) inv    +0 race    +0 | bid    -        ask    -
2026-10-01T16:09:31+0000 mm-bot python[28561]: 2026-10-01 16:09:31 INFO    Rep Nebraska Senate        fv 0.704 (ref 0.705) inv  +250 race  +250 | bid 0.665 x250  ask 0.735 x250
2026-10-01T16:09:32+0000 mm-bot python[28561]: 2026-10-01 16:09:32 INFO    Ind Nebraska Senate        fv   -   (ref 0.305) inv    +0 race  -125 | bid    -        ask    -
2026-10-01T16:09:33+0000 mm-bot python[28561]: 2026-10-01 16:09:33 INFO    Dem North Carolina Senate  fv   -   (ref 0.955) inv    +0 race    +0 | bid    -        ask    -
2026-10-01T16:09:33+0000 mm-bot python[28561]: 2026-10-01 16:09:33 INFO    Ind Montana Senate         fv   -   (ref 0.086) inv    +0 race    +0 | bid    -        ask    -
2026-10-01T16:09:34+0000 mm-bot python[28561]: 2026-10-01 16:09:34 INFO    Rep Montana Senate         fv   -   (ref 0.915) inv    +0 race    +0 | bid    -        ask    -
2026-10-01T16:09:36+0000 mm-bot python[28561]: 2026-10-01 16:09:36 INFO    Rep Mississippi Senate     fv   -   (ref 0.915) inv    +0 race    +0 | bid    -        ask    -
2026-10-01T16:09:36+0000 mm-bot python[28561]: 2026-10-01 16:09:36 INFO    Dem Mississippi Senate     fv   -   (ref 0.095) inv    +0 race    +0 | bid    -        ask    -
2026-10-01T16:09:37+0000 mm-bot python[28561]: 2026-10-01 16:09:37 INFO    Rep Maine Senate           fv   -   (ref 0.405) inv    +0 race  +600 | bid    -        ask    -
2026-10-01T16:09:38+0000 mm-bot python[28561]: 2026-10-01 16:09:38 INFO    Dem Maine Senate           fv   -   (ref 0.585) inv  -600 race  -600 | bid    -        ask    -
2026-10-01T16:09:39+0000 mm-bot python[28561]: 2026-10-01 16:09:39 INFO    Rep Louisiana Senate       fv   -   (ref 0.935) inv    +0 race    +0 | bid    -        ask    -
2026-10-01T16:09:40+0000 mm-bot python[28561]: 2026-10-01 16:09:40 INFO    Rep Kentucky Senate        fv   -   (ref 0.965) inv    +0 race    +0 | bid    -        ask    -
2026-10-01T16:09:41+0000 mm-bot python[28561]: 2026-10-01 16:09:41 INFO    Dem Kentucky Senate        fv   -   (ref 0.026) inv    +0 race    +0 | bid    -        ask    -
2026-10-01T16:09:43+0000 mm-bot python[28561]: 2026-10-01 16:09:43 INFO    Rep Iowa Senate            fv   -   (ref 0.585) inv    +0 race    +0 | bid    -        ask    -
2026-10-01T16:09:47+0000 mm-bot python[28561]: 2026-10-01 16:09:47 INFO    Dem Iowa Senate            fv   -   (ref 0.415) inv    +0 race    +0 | bid    -        ask    -
2026-10-01T16:09:52+0000 mm-bot python[28561]: 2026-10-01 16:09:52 INFO    Rep Georgia Senate         fv   -   (ref 0.028) inv    +0 race    +0 | bid    -        ask    -
2026-10-01T16:09:52+0000 mm-bot python[28561]: 2026-10-01 16:09:52 INFO    Dem TX-28 House race       fv 0.885 (ref 0.885) inv    +0 race    +0 | bid 0.850 x100  ask 0.920 x100
2026-10-01T16:09:53+0000 mm-bot python[28561]: 2026-10-01 16:09:53 INFO    Rep TX-23 House race       fv   -   (ref 0.635) inv    +0 race    +0 | bid    -        ask    -
2026-10-01T16:09:54+0000 mm-bot python[28561]: 2026-10-01 16:09:54 INFO    Rep TX-15 House race       fv   -   (ref 0.190) inv    +0 race    +0 | bid    -        ask    -
2026-10-01T16:10:03+0000 mm-bot python[28561]: 2026-10-01 16:10:03 INFO    Dem TX-15 House race       fv   -   (ref 0.800) inv    +0 race    +0 | bid    -        ask    -
2026-10-01T16:10:04+0000 mm-bot python[28561]: 2026-10-01 16:10:04 INFO    Rep SC-01 House race       fv   -   (ref 0.735) inv    +0 race    +0 | bid    -        ask    -
2026-10-01T16:10:04+0000 mm-bot python[28561]: 2026-10-01 16:10:04 INFO    Dem SC-01 House race       fv   -   (ref 0.265) inv    +0 race    +0 | bid    -        ask    -
2026-10-01T16:10:06+0000 mm-bot python[28561]: 2026-10-01 16:10:06 INFO    Rep PA-10 House race       fv   -   (ref 0.195) inv    +0 race    +0 | bid    -        ask    -
2026-10-01T16:10:06+0000 mm-bot python[28561]: 2026-10-01 16:10:06 INFO    Dem PA-08 House race       fv 0.676 (ref 0.675) inv    +0 race    +0 | bid 0.665 x100  ask 0.690 x100
2026-10-01T16:10:09+0000 mm-bot python[28561]: 2026-10-01 16:10:09 INFO    Rep PA-07 House race       fv 0.146 (ref 0.140) inv   -62 race  -124 | bid 0.135 x100  ask 0.160 x100
2026-10-01T16:10:16+0000 mm-bot python[28561]: 2026-10-01 16:10:16 INFO    Dem PA-07 House race       fv 0.854 (ref 0.845) inv   +62 race  +124 | bid 0.840 x100  ask 0.865 x100
2026-10-01T16:10:16+0000 mm-bot python[28561]: 2026-10-01 16:10:16 INFO    Rep NY-17 House race       fv   -   (ref 0.365) inv    +0 race    +0 | bid    -        ask    -
2026-10-01T16:10:17+0000 mm-bot python[28561]: 2026-10-01 16:10:17 INFO    Dem NY-17 House race       fv   -   (ref 0.635) inv    +0 race    +0 | bid    -        ask    -
2026-10-01T16:10:21+0000 mm-bot python[28561]: 2026-10-01 16:10:21 INFO    Rep NJ-07 House race       fv   -   (ref 0.105) inv    +0 race    +0 | bid    -        ask    -
2026-10-01T16:10:21+0000 mm-bot python[28561]: 2026-10-01 16:10:21 INFO    Rep NE-02 House race       fv   -   (ref 0.086) inv    +0 race    +0 | bid    -        ask    -
2026-10-01T16:10:22+0000 mm-bot python[28561]: 2026-10-01 16:10:22 INFO    Dem MT-01 House race       fv   -   (ref 0.325) inv    +0 race    +0 | bid    -        ask    -
2026-10-01T16:10:25+0000 mm-bot python[28561]: 2026-10-01 16:10:25 INFO    Rep ME-02 House race       fv   -   (ref 0.625) inv    +0 race    +0 | bid    -        ask    -
2026-10-01T16:10:29+0000 mm-bot python[28561]: 2026-10-01 16:10:29 INFO    Dem ME-02 House race       fv   -   (ref 0.355) inv    +0 race    +0 | bid    -        ask    -
2026-10-01T16:10:29+0000 mm-bot python[28561]: 2026-10-01 16:10:29 INFO    Rep KY-04 House race       fv   -   (ref 0.966) inv    +0 race    +0 | bid    -        ask    -
2026-10-01T16:10:30+0000 mm-bot python[28561]: 2026-10-01 16:10:30 INFO    Dem KY-04 House race       fv   -   (ref 0.022) inv    +0 race    +0 | bid    -        ask    -
2026-10-01T16:10:30+0000 mm-bot python[28561]: 2026-10-01 16:10:30 INFO    Rep IA-03 House race       fv 0.243 (ref 0.245) inv    +0 race    +0 | bid 0.210 x100  ask 0.280 x100
2026-10-01T16:10:30+0000 mm-bot python[28561]: 2026-10-01 16:10:30 INFO    Dem IA-03 House race       fv 0.757 (ref 0.765) inv    +0 race    +0 | bid 0.720 x100  ask 0.790 x100
2026-10-01T16:10:31+0000 mm-bot python[28561]: 2026-10-01 16:10:31 INFO    Dem IA-01 House race       fv   -   (ref 0.825) inv  +100 race  +200 | bid    -        ask    -
2026-10-01T16:10:32+0000 mm-bot python[28561]: 2026-10-01 16:10:32 INFO    Rep FL-13 House race       fv   -   (ref 0.750) inv    +0 race    +0 | bid    -        ask    -
2026-10-01T16:10:34+0000 mm-bot python[28561]: 2026-10-01 16:10:34 INFO    Dem FL-09 House race       fv   -   (ref 0.295) inv    +0 race    +0 | bid    -        ask    -
2026-10-01T16:10:35+0000 mm-bot python[28561]: 2026-10-01 16:10:35 INFO    Rep CO-08 House race       fv   -   (ref 0.155) inv    +0 race    +0 | bid    -        ask    -
2026-10-01T16:10:35+0000 mm-bot python[28561]: 2026-10-01 16:10:35 WARNING RATE LIMITED (429): pausing all requests for 60 s; budget now 46/min
2026-10-01T16:11:35+0000 mm-bot python[28561]: 2026-10-01 16:11:35 INFO    Dem CO-08 House race       fv   -   (ref 0.855) inv    +0 race    +0 | bid    -        ask    -
2026-10-01T16:11:36+0000 mm-bot python[28561]: 2026-10-01 16:11:36 INFO    Rep CO-04 House race       fv   -   (ref 0.695) inv    +0 race  -100 | bid    -        ask    -
2026-10-01T16:11:42+0000 mm-bot python[28561]: 2026-10-01 16:11:42 INFO    Dem CO-04 House race       fv   -   (ref 0.295) inv  +100 race  +100 | bid    -        ask    -
2026-10-01T16:11:50+0000 mm-bot python[28561]: 2026-10-01 16:11:50 INFO    Rep CO-03 House race       fv   -   (ref 0.740) inv    +0 race    +0 | bid    -        ask    -
2026-10-01T16:12:02+0000 mm-bot python[28561]: 2026-10-01 16:12:02 INFO    Dem CO-03 House race       fv   -   (ref 0.260) inv    +0 race    +0 | bid    -        ask    -
2026-10-01T16:12:08+0000 mm-bot python[28561]: 2026-10-01 16:12:08 INFO    Rep CA-48 House race       fv   -   (ref 0.085) inv    +0 race    +0 | bid    -        ask    -
2026-10-01T16:12:14+0000 mm-bot python[28561]: 2026-10-01 16:12:14 INFO    Dem CA-48 House race       fv   -   (ref 0.905) inv    +0 race    +0 | bid    -        ask    -
2026-10-01T16:12:22+0000 mm-bot python[28561]: 2026-10-01 16:12:22 INFO    Rep CA-22 House race       fv   -   inv    +0 race    +0 | bid    -        ask    -
2026-10-01T16:12:24+0000 mm-bot python[28561]: 2026-10-01 16:12:24 INFO    Rep AZ-06 House race       fv   -   (ref 0.175) inv    +0 race    +0 | bid    -        ask    -
2026-10-01T16:12:24+0000 mm-bot python[28561]: 2026-10-01 16:12:24 INFO    Dem AZ-06 House race       fv   -   (ref 0.825) inv    +0 race    +0 | bid    -        ask    -
2026-10-01T16:12:25+0000 mm-bot python[28561]: 2026-10-01 16:12:25 INFO    Rep AZ-01 House race       fv   -   (ref 0.215) inv    +0 race    +0 | bid    -        ask    -
2026-10-01T16:12:26+0000 mm-bot python[28561]: 2026-10-01 16:12:26 INFO    Dem AZ-01 House race       fv   -   (ref 0.795) inv    +0 race    +0 | bid    -        ask    -
2026-10-01T16:12:28+0000 mm-bot python[28561]: 2026-10-01 16:12:28 INFO    Rep Texas Governor         fv   -   (ref 0.814) inv    +0 race    +0 | bid    -        ask    -
2026-10-01T16:12:28+0000 mm-bot python[28561]: 2026-10-01 16:12:28 INFO    Dem Texas Governor         fv   -   (ref 0.195) inv    +0 race    +0 | bid    -        ask    -
2026-10-01T16:12:29+0000 mm-bot python[28561]: 2026-10-01 16:12:29 INFO    Dem Oregon Governor        fv   -   (ref 0.805) inv    +0 race    +0 | bid    -        ask    -
2026-10-01T16:12:33+0000 mm-bot python[28561]: 2026-10-01 16:12:33 INFO    Dem Oklahoma Governor      fv   -   (ref 0.075) inv    +0 race    +0 | bid    -        ask    -
2026-10-01T16:12:36+0000 mm-bot python[28561]: 2026-10-01 16:12:36 INFO    Rep New York Governor      fv   -   (ref 0.045) inv    +0 race    +0 | bid    -        ask    -
2026-10-01T16:12:37+0000 mm-bot python[28561]: 2026-10-01 16:12:37 INFO    Dem New York Governor      fv   -   (ref 0.955) inv    +0 race    +0 | bid    -        ask    -
2026-10-01T16:12:38+0000 mm-bot python[28561]: 2026-10-01 16:12:38 INFO    Rep Nevada Governor        fv   -   (ref 0.525) inv    +0 race    +0 | bid    -        ask    -
2026-10-01T16:12:41+0000 mm-bot python[28561]: 2026-10-01 16:12:41 INFO    Dem Nevada Governor        fv   -   (ref 0.485) inv    +0 race    +0 | bid    -        ask    -
2026-10-01T16:12:41+0000 mm-bot python[28561]: 2026-10-01 16:12:41 INFO    Rep New Mexico Governor    fv   -   (ref 0.050) inv    +0 race    +0 | bid    -        ask    -
2026-10-01T16:12:42+0000 mm-bot python[28561]: 2026-10-01 16:12:42 INFO    Dem New Mexico Governor    fv   -   (ref 0.960) inv    +0 race    +0 | bid    -        ask    -
2026-10-01T16:12:43+0000 mm-bot python[28561]: 2026-10-01 16:12:43 INFO    Rep Nebraska Governor      fv   -   (ref 0.905) inv    +0 race    +0 | bid    -        ask    -
2026-10-01T16:12:44+0000 mm-bot python[28561]: 2026-10-01 16:12:44 INFO    Dem Nebraska Governor      fv   -   (ref 0.085) inv    +0 race    +0 | bid    -        ask    -
2026-10-01T16:12:45+0000 mm-bot python[28561]: 2026-10-01 16:12:45 INFO    Rep Maine Governor         fv   -   (ref 0.036) inv    +0 race    +0 | bid    -        ask    -
2026-10-01T16:12:48+0000 mm-bot python[28561]: 2026-10-01 16:12:48 INFO    Dem Maine Governor         fv   -   (ref 0.960) inv    +0 race    +0 | bid    -        ask    -
2026-10-01T16:12:48+0000 mm-bot python[28561]: 2026-10-01 16:12:48 INFO    Dem Georgia Governor       fv 0.505 (ref 0.505) inv    +0 race    +0 | bid 0.490 x150  ask 0.520 x150
2026-10-01T16:12:59+0000 mm-bot python[28561]: 2026-10-01 16:12:59 INFO    Rep U.S. Senate            fv   -   (ref 0.375) inv    +0 race    +0 | bid    -        ask    -
2026-10-01T16:12:59+0000 mm-bot python[28561]: 2026-10-01 16:12:59 INFO    Dem U.S. Senate            fv   -   (ref 0.625) inv    +0 race    +0 | bid    -        ask    -
2026-10-01T16:13:01+0000 mm-bot python[28561]: 2026-10-01 16:13:01 INFO    Rep U.S. House             fv   -   (ref 0.085) inv    +0 race    +0 | bid    -        ask    -
2026-10-01T16:13:03+0000 mm-bot python[28561]: 2026-10-01 16:13:03 INFO    Dem U.S. House             fv   -   (ref 0.925) inv    +0 race    +0 | bid    -        ask    -
2026-10-01T16:13:18+0000 mm-bot python[28561]: 2026-10-01 16:13:18 ERROR   batch of 20 orders failed (409 REQUEST_IN_FLIGHT: An identical request with this idempotency key is still in flight. Retry with the same key after 90 seconds.)
2026-10-01T16:13:20+0000 mm-bot python[28561]: 2026-10-01 16:13:20 INFO    order on 855 traded 150 immediately
2026-10-01T16:13:35+0000 mm-bot python[28561]: 2026-10-01 16:13:35 INFO    Tracking 237 exchanges in 117 races
2026-10-01T16:14:03+0000 mm-bot python[28561]: 2026-10-01 16:14:03 INFO    FILL ex 1009  our ? x100 @ 0.29  (fv when quoted ?)
2026-10-01T16:14:03+0000 mm-bot python[28561]: 2026-10-01 16:14:03 INFO    FILL ex 1037  our ask x100 @ 0.13  (fv when quoted 0.08876456805679961)
2026-10-01T16:14:03+0000 mm-bot python[28561]: 2026-10-01 16:14:03 INFO    FILL ex 922  our bid x100 @ 0.33  (fv when quoted 0.3424246104642042)
2026-10-01T16:14:03+0000 mm-bot python[28561]: 2026-10-01 16:14:03 INFO    FILL ex 1036  our bid x100 @ 0.87  (fv when quoted 0.9112354319432004)
2026-10-01T16:14:03+0000 mm-bot python[28561]: 2026-10-01 16:14:03 INFO    FILL ex 969  our ? x150 @ 0.69  (fv when quoted ?)
2026-10-01T16:14:03+0000 mm-bot python[28561]: 2026-10-01 16:14:03 INFO    FILL ex 840  our ask x924 @ 0.95  (fv when quoted 0.9155908639523336)
2026-10-01T16:14:03+0000 mm-bot python[28561]: 2026-10-01 16:14:03 INFO    FILL ex 840  our bid x10000 @ 0.88  (fv when quoted 0.9155908639523336)
2026-10-01T16:14:03+0000 mm-bot python[28561]: 2026-10-01 16:14:03 INFO    FILL ex 952  our ? x150 @ 0.04500000000000004  (fv when quoted ?)
2026-10-01T16:14:03+0000 mm-bot python[28561]: 2026-10-01 16:14:03 INFO    FILL ex 925  our ask x38 @ 0.16  (fv when quoted 0.146033350176857)
2026-10-01T16:14:03+0000 mm-bot python[28561]: 2026-10-01 16:14:03 INFO    FILL ex 856  our ? x100 @ 0.45499999999999996  (fv when quoted ?)
2026-10-01T16:14:03+0000 mm-bot python[28561]: 2026-10-01 16:14:03 INFO    FILL ex 843  our bid x3357 @ 0.35  (fv when quoted 0.3768564356435643)
2026-10-01T16:14:03+0000 mm-bot python[28561]: 2026-10-01 16:14:03 INFO    FILL ex 935  our ? x100 @ 0.31999999999999995  (fv when quoted ?)
2026-10-01T16:14:03+0000 mm-bot python[28561]: 2026-10-01 16:14:03 INFO    FILL ex 872  our ? x150 @ 0.43000000000000005  (fv when quoted ?)
2026-10-01T16:14:03+0000 mm-bot python[28561]: 2026-10-01 16:14:03 INFO    FILL ex 960  our ask x500 @ 0.45  (fv when quoted 0.4108761329305136)
2026-10-01T16:14:03+0000 mm-bot python[28561]: 2026-10-01 16:14:03 INFO    FILL ex 871  our ? x100 @ 0.43  (fv when quoted ?)
2026-10-01T16:14:03+0000 mm-bot python[28561]: 2026-10-01 16:14:03 INFO    FILL ex 885  our ? x250 @ 0.18000000000000005  (fv when quoted ?)
2026-10-01T16:14:03+0000 mm-bot python[28561]: 2026-10-01 16:14:03 INFO    FILL ex 1004  our ? x300 @ 0.77  (fv when quoted ?)
2026-10-01T16:14:03+0000 mm-bot python[28561]: 2026-10-01 16:14:03 INFO    FILL ex 970  our ? x250 @ 0.245  (fv when quoted ?)
2026-10-01T16:14:03+0000 mm-bot python[28561]: 2026-10-01 16:14:03 INFO    FILL ex 871  our ? x100 @ 0.505  (fv when quoted ?)
2026-10-01T16:14:03+0000 mm-bot python[28561]: 2026-10-01 16:14:03 INFO    FILL ex 912  our ? x100 @ 0.635  (fv when quoted ?)
2026-10-01T16:14:03+0000 mm-bot python[28561]: 2026-10-01 16:14:03 INFO    FILL ex 889  our ? x100 @ 0.81  (fv when quoted ?)
2026-10-01T16:14:03+0000 mm-bot python[28561]: 2026-10-01 16:14:03 INFO    FILL ex 888  our ? x100 @ 0.805  (fv when quoted ?)
2026-10-01T16:14:03+0000 mm-bot python[28561]: 2026-10-01 16:14:03 INFO    FILL ex 891  our ? x100 @ 0.875  (fv when quoted ?)
2026-10-01T16:14:03+0000 mm-bot python[28561]: 2026-10-01 16:14:03 INFO    FILL ex 890  our ? x100 @ 0.875  (fv when quoted ?)
2026-10-01T16:14:03+0000 mm-bot python[28561]: 2026-10-01 16:14:03 INFO    FILL ex 843  our bid x2196 @ 0.35  (fv when quoted 0.3768564356435643)
2026-10-01T16:14:03+0000 mm-bot python[28561]: 2026-10-01 16:14:03 INFO    FILL ex 855  our bid x150 @ 0.49  (fv when quoted 0.505)
2026-10-01T16:14:03+0000 mm-bot python[28561]: 2026-10-01 16:14:03 INFO    realtime | account 100443 (locked in orders 1224, detecting) | worst-case loss 13074 | party delta -5523 | priced 9/237 | resting 34
2026-10-01T16:14:04+0000 mm-bot python[28561]: 2026-10-01 16:14:04 INFO    Rep Delaware Senate        fv   -   (ref 0.013) inv    +0 race    +0 | bid    -        ask    -
2026-10-01T16:14:04+0000 mm-bot python[28561]: 2026-10-01 16:14:04 INFO    Rep NH-01 House race       fv   -   (ref 0.025) inv    +0 race    +0 | bid    -        ask    -
2026-10-01T16:14:06+0000 mm-bot python[28561]: 2026-10-01 16:14:06 INFO    Dem New Hampshire Governor fv   -   (ref 0.040) inv    +0 race    +0 | bid    -        ask    -
2026-10-01T16:14:06+0000 mm-bot python[28561]: 2026-10-01 16:14:06 INFO    Rep WA-03 House race       fv 0.088 (ref 0.085) inv  -100 race  -200 | bid 0.085 x100  ask 0.110 x100
2026-10-01T16:14:06+0000 mm-bot python[28561]: 2026-10-01 16:14:06 INFO    Dem WA-03 House race       fv 0.912 (ref 0.905) inv  +100 race  +200 | bid 0.890 x100  ask 0.915 x100
2026-10-01T16:14:06+0000 mm-bot python[28561]: 2026-10-01 16:14:06 INFO    Dem VA-01 House race       fv 0.524 (ref 0.525) inv  -100 race  -100 | bid 0.510 x100  ask 0.535 x100
2026-10-01T16:14:06+0000 mm-bot python[28561]: 2026-10-01 16:14:06 INFO    Rep FL-16 House race       fv 0.829 (ref 0.825) inv  +100 race  +100 | bid 0.820 x100  ask 0.845 x100
2026-10-01T16:14:09+0000 mm-bot python[28561]: 2026-10-01 16:14:09 INFO    Rep North Carolina Senate  fv   -   (ref 0.045) inv    +0 race    +0 | bid    -        ask    -
2026-10-01T16:14:09+0000 mm-bot python[28561]: 2026-10-01 16:14:09 INFO    Rep Maine Senate           fv 0.409 (ref 0.405) inv  -500 race  +100 | bid 0.400 x500  ask 0.425 x500
2026-10-01T16:14:10+0000 mm-bot python[28561]: 2026-10-01 16:14:10 INFO    Dem Louisiana Senate       fv   -   (ref 0.065) inv    +0 race    +0 | bid    -        ask    -
2026-10-01T16:14:12+0000 mm-bot python[28561]: 2026-10-01 16:14:12 INFO    Rep Idaho Senate           fv 0.941 (ref 0.943) inv  -150 race  -150 | bid 0.935 x150  ask 0.965 x150
2026-10-01T16:14:19+0000 mm-bot python[28561]: 2026-10-01 16:14:19 INFO    Dem TX-28 House race       fv   -   (ref 0.885) inv    +0 race    +0 | bid    -        ask    -
2026-10-01T16:14:20+0000 mm-bot python[28561]: 2026-10-01 16:14:20 INFO    Dem PA-08 House race       fv   -   (ref 0.675) inv    +0 race    +0 | bid    -        ask    -
2026-10-01T16:14:21+0000 mm-bot python[28561]: 2026-10-01 16:14:21 INFO    Rep PA-07 House race       fv   -   (ref 0.140) inv  -100 race  -200 | bid    -        ask    -
2026-10-01T16:14:21+0000 mm-bot python[28561]: 2026-10-01 16:14:21 INFO    Dem PA-07 House race       fv   -   (ref 0.845) inv  +100 race  +200 | bid    -        ask    -
2026-10-01T16:14:25+0000 mm-bot python[28561]: 2026-10-01 16:14:25 INFO    Rep PA-01 House race       fv   -   (ref 0.655) inv    +0 race  -100 | bid    -        ask    -
2026-10-01T16:14:26+0000 mm-bot python[28561]: 2026-10-01 16:14:26 INFO    Dem PA-01 House race       fv   -   (ref 0.335) inv  +100 race  +100 | bid    -        ask    -
2026-10-01T16:14:26+0000 mm-bot python[28561]: 2026-10-01 16:14:26 INFO    Rep NY-17 House race       fv 0.364 (ref 0.365) inv  +100 race  +200 | bid 0.350 x100  ask 0.375 x100
2026-10-01T16:14:32+0000 mm-bot python[28561]: 2026-10-01 16:14:32 INFO    Dem NJ-07 House race       fv   -   (ref 0.890) inv    +0 race    +0 | bid    -        ask    -
2026-10-01T16:14:34+0000 mm-bot python[28561]: 2026-10-01 16:14:34 INFO    Dem NE-02 House race       fv   -   (ref 0.915) inv    +0 race    +0 | bid    -        ask    -
2026-10-01T16:14:34+0000 mm-bot python[28561]: 2026-10-01 16:14:34 INFO    Rep MT-01 House race       fv   -   (ref 0.675) inv    +0 race  +100 | bid    -        ask    -
2026-10-01T16:14:36+0000 mm-bot python[28561]: 2026-10-01 16:14:36 INFO    Rep IA-03 House race       fv   -   (ref 0.245) inv    +0 race    +0 | bid    -        ask    -
2026-10-01T16:14:39+0000 mm-bot python[28561]: 2026-10-01 16:14:39 INFO    Dem IA-03 House race       fv   -   (ref 0.765) inv    +0 race    +0 | bid    -        ask    -
2026-10-01T16:14:40+0000 mm-bot python[28561]: 2026-10-01 16:14:40 INFO    Dem CA-22 House race       fv   -   inv  +100 race  +200 | bid    -        ask    -
2026-10-01T16:14:40+0000 mm-bot python[28561]: 2026-10-01 16:14:40 INFO    Rep Texas Governor         fv 0.808 (ref 0.813) inv  -250 race  -250 | bid 0.795 x250  ask 0.835 x250
2026-10-01T16:14:41+0000 mm-bot python[28561]: 2026-10-01 16:14:41 INFO    Rep South Carolina Governo fv   -   (ref 0.945) inv    +0 race    +0 | bid    -        ask    -
2026-10-01T16:14:42+0000 mm-bot python[28561]: 2026-10-01 16:14:42 INFO    Dem South Carolina Governo fv   -   (ref 0.048) inv    +0 race    +0 | bid    -        ask    -
2026-10-01T16:14:45+0000 mm-bot python[28561]: 2026-10-01 16:14:45 INFO    Rep Oregon Governor        fv   -   (ref 0.195) inv    +0 race    +0 | bid    -        ask    -
2026-10-01T16:14:45+0000 mm-bot python[28561]: 2026-10-01 16:14:45 INFO    Rep Iowa Governor          fv   -   (ref 0.145) inv    +0 race    +0 | bid    -        ask    -
2026-10-01T16:14:46+0000 mm-bot python[28561]: 2026-10-01 16:14:46 INFO    Dem Iowa Governor          fv   -   (ref 0.845) inv    +0 race    +0 | bid    -        ask    -
2026-10-01T16:14:46+0000 mm-bot python[28561]: 2026-10-01 16:14:46 INFO    Rep Georgia Governor       fv   -   (ref 0.505) inv  -100 race  -250 | bid    -        ask    -
2026-10-01T16:14:47+0000 mm-bot python[28561]: 2026-10-01 16:14:47 INFO    Dem Georgia Governor       fv   -   (ref 0.505) inv  +150 race  +250 | bid    -        ask    -
2026-10-01T16:14:47+0000 mm-bot python[28561]: 2026-10-01 16:14:47 INFO    Rep U.S. Senate            fv 0.376 (ref 0.375) inv +5553 race +5553 | bid 0.200 x4447 ask 0.375 x10000
2026-10-01T16:15:13+0000 mm-bot python[28561]: 2026-10-01 16:15:13 ERROR   batch of 18 orders failed (409 REQUEST_IN_FLIGHT: An identical request with this idempotency key is still in flight. Retry with the same key after 90 seconds.)
2026-10-01T16:15:44+0000 mm-bot python[28561]: 2026-10-01 16:15:44 INFO    FILL ex 1048  our ? x350 @ 0.27  (fv when quoted ?)
2026-10-01T16:15:44+0000 mm-bot python[28561]: 2026-10-01 16:15:44 INFO    FILL ex 843  our ? x666 @ 0.625  (fv when quoted ?)
2026-10-01T16:15:44+0000 mm-bot python[28561]: 2026-10-01 16:15:44 INFO    FILL ex 952  our ? x100 @ 0.935  (fv when quoted ?)
2026-10-01T16:15:44+0000 mm-bot python[28561]: 2026-10-01 16:15:44 INFO    realtime | account 100534 (locked in orders 1298, detecting) | worst-case loss 13036 | party delta -5873 | priced 15/237 | resting 15
2026-10-01T16:15:46+0000 mm-bot python[28561]: 2026-10-01 16:15:46 INFO    Rep Michigan Senate        fv   -   (ref 0.275) inv   +50 race  +500 | bid    -        ask    -
2026-10-01T16:15:49+0000 mm-bot python[28561]: 2026-10-01 16:15:49 INFO    Rep Kansas Senate          fv   -   (ref 0.715) inv  -300 race  -300 | bid    -        ask    -
2026-10-01T16:15:49+0000 mm-bot python[28561]: 2026-10-01 16:15:49 INFO    Dem FL-07 House race       fv 0.331 (ref 0.335) inv  +100 race  +100 | bid 0.305 x100  ask 0.335 x100
2026-10-01T16:15:49+0000 mm-bot python[28561]: 2026-10-01 16:15:49 INFO    Rep Wisconsin Governor     fv 0.200 (ref 0.205) inv  -300 race  -300 | bid 0.190 x300  ask 0.225 x300
2026-10-01T16:15:49+0000 mm-bot python[28561]: 2026-10-01 16:15:49 INFO    Rep NY-17 House race       fv 0.364 (ref 0.365) inv  +100 race  +200 | bid 0.350 x100  ask 0.375 x100
2026-10-01T16:15:49+0000 mm-bot python[28561]: 2026-10-01 16:15:49 INFO    Dem NY-17 House race       fv 0.636 (ref 0.635) inv  -100 race  -200 | bid 0.625 x100  ask 0.650 x100
2026-10-01T16:15:49+0000 mm-bot python[28561]: 2026-10-01 16:15:49 INFO    Dem MT-01 House race       fv 0.324 (ref 0.325) inv  -100 race  -100 | bid 0.310 x100  ask 0.335 x100
2026-10-01T16:15:49+0000 mm-bot python[28561]: 2026-10-01 16:15:49 INFO    Rep Texas Governor         fv 0.808 (ref 0.813) inv  -250 race  -250 | bid 0.795 x250  ask 0.835 x250
2026-10-01T16:15:49+0000 mm-bot python[28561]: 2026-10-01 16:15:49 INFO    Rep Georgia Governor       fv 0.513 (ref 0.505) inv  -100 race  -250 | bid 0.515 x100  ask 0.540 x100
2026-10-01T16:15:49+0000 mm-bot python[28561]: 2026-10-01 16:15:49 INFO    Rep U.S. Senate            fv 0.376 (ref 0.375) inv +5553 race +5553 | bid 0.205 x4447 ask 0.375 x10000
2026-10-01T16:15:49+0000 mm-bot python[28561]: 2026-10-01 16:15:49 INFO    Dem U.S. House             fv 0.922 (ref 0.925) inv +9076 race +9076 | bid 0.630 x924  ask 0.910 x10000
2026-10-01T16:16:05+0000 mm-bot python[28561]: 2026-10-01 16:16:05 ERROR   batch of 18 orders failed (409 REQUEST_IN_FLIGHT: An identical request with this idempotency key is still in flight. Retry with the same key after 90 seconds.)
2026-10-01T16:16:29+0000 mm-bot python[28561]: 2026-10-01 16:16:29 INFO    realtime: missed message(s) on user:6c996168-fbca-415e-bb62-04b8bcaa95f3 - full resync next cycle
2026-10-01T16:16:29+0000 mm-bot python[28561]: 2026-10-01 16:16:29 INFO    realtime: missed message(s) on user:6c996168-fbca-415e-bb62-04b8bcaa95f3 - full resync next cycle
2026-10-01T16:16:29+0000 mm-bot python[28561]: 2026-10-01 16:16:29 INFO    realtime: missed message(s) on user:6c996168-fbca-415e-bb62-04b8bcaa95f3 - full resync next cycle
2026-10-01T16:16:36+0000 mm-bot python[28561]: 2026-10-01 16:16:36 INFO    FILL ex 843  our ? x500 @ 0.625  (fv when quoted ?)
2026-10-01T16:16:36+0000 mm-bot python[28561]: 2026-10-01 16:16:36 INFO    FILL ex 952  our ? x50 @ 0.935  (fv when quoted ?)
2026-10-01T16:16:36+0000 mm-bot python[28561]: 2026-10-01 16:16:36 INFO    FILL ex 843  our ? x500 @ 0.625  (fv when quoted ?)
2026-10-01T16:16:36+0000 mm-bot python[28561]: 2026-10-01 16:16:36 INFO    FILL ex 843  our ? x500 @ 0.625  (fv when quoted ?)
2026-10-01T16:16:36+0000 mm-bot python[28561]: 2026-10-01 16:16:36 INFO    FILL ex 843  our ? x500 @ 0.625  (fv when quoted ?)
2026-10-01T16:16:36+0000 mm-bot python[28561]: 2026-10-01 16:16:36 INFO    FILL ex 840  our ? x500 @ 0.08999999999999997  (fv when quoted ?)
2026-10-01T16:16:36+0000 mm-bot python[28561]: 2026-10-01 16:16:36 INFO    FILL ex 1004  our ? x300 @ 0.19  (fv when quoted ?)
2026-10-01T16:16:36+0000 mm-bot python[28561]: 2026-10-01 16:16:36 INFO    FILL ex 843  our ? x500 @ 0.625  (fv when quoted ?)
2026-10-01T16:16:36+0000 mm-bot python[28561]: 2026-10-01 16:16:36 INFO    FILL ex 843  our ? x500 @ 0.625  (fv when quoted ?)
2026-10-01T16:16:36+0000 mm-bot python[28561]: 2026-10-01 16:16:36 INFO    FILL ex 840  our ? x500 @ 0.08999999999999997  (fv when quoted ?)
2026-10-01T16:16:36+0000 mm-bot python[28561]: 2026-10-01 16:16:36 INFO    realtime | account 106954 (locked in orders 7649, detecting) | worst-case loss 12211 | party delta -7889 | priced 23/237 | resting 24
2026-10-01T16:16:36+0000 mm-bot python[28561]: 2026-10-01 16:16:36 INFO    Rep Michigan Senate        fv 0.272 (ref 0.275) inv   +50 race  +500 | bid 0.250 x400  ask 0.275 x150
2026-10-01T16:16:37+0000 mm-bot python[28561]: 2026-10-01 16:16:37 INFO    Rep WA-03 House race       fv 0.088 (ref 0.085) inv  -100 race  -200 | bid 0.090 x100  ask 0.115 x100
2026-10-01T16:16:37+0000 mm-bot python[28561]: 2026-10-01 16:16:37 INFO    Dem WA-03 House race       fv 0.912 (ref 0.905) inv  +100 race  +200 | bid 0.885 x100  ask 0.910 x100
2026-10-01T16:16:38+0000 mm-bot python[28561]: 2026-10-01 16:16:38 INFO    Dem VA-01 House race       fv 0.524 (ref 0.525) inv  -100 race  -100 | bid 0.505 x100  ask 0.530 x100
2026-10-01T16:16:38+0000 mm-bot python[28561]: 2026-10-01 16:16:38 INFO    Rep Idaho Senate           fv 0.941 (ref 0.943) inv    +0 race    +0 | bid 0.935 x150  ask 0.960 x150
2026-10-01T16:16:38+0000 mm-bot python[28561]: 2026-10-01 16:16:38 INFO    Dem IA-01 House race       fv 0.823 (ref 0.825) inv  +100 race  +200 | bid 0.795 x100  ask 0.830 x100
2026-10-01T16:16:38+0000 mm-bot python[28561]: 2026-10-01 16:16:38 INFO    Rep CA-22 House race       fv 0.092 inv  -100 race  -200 | bid 0.075 x100  ask 0.120 x100
2026-10-01T16:16:38+0000 mm-bot python[28561]: 2026-10-01 16:16:38 INFO    Dem CA-22 House race       fv 0.907 inv  +100 race  +200 | bid 0.880 x100  ask 0.920 x100
2026-10-01T16:16:38+0000 mm-bot python[28561]: 2026-10-01 16:16:38 INFO    Rep AZ-06 House race       fv 0.173 (ref 0.175) inv  -100 race  -200 | bid 0.160 x100  ask 0.200 x100
2026-10-01T16:16:38+0000 mm-bot python[28561]: 2026-10-01 16:16:38 INFO    Dem AZ-06 House race       fv 0.828 (ref 0.825) inv  +100 race  +200 | bid 0.800 x100  ask 0.850 x100
2026-10-01T16:16:38+0000 mm-bot python[28561]: 2026-10-01 16:16:38 INFO    Rep Nevada Governor        fv 0.527 (ref 0.525) inv  -150 race  -150 | bid 0.525 x150  ask 0.550 x150
2026-10-01T16:16:38+0000 mm-bot python[28561]: 2026-10-01 16:16:38 INFO    Dem Nevada Governor        fv 0.473 (ref 0.485) inv    +0 race  +150 | bid 0.450 x100  ask 0.475 x100
2026-10-01T16:17:10+0000 mm-bot python[28561]: 2026-10-01 16:17:10 INFO    FILL ex 843  our ? x500 @ 0.625  (fv when quoted ?)
2026-10-01T16:17:10+0000 mm-bot python[28561]: 2026-10-01 16:17:10 INFO    FILL ex 840  our ? x500 @ 0.08999999999999997  (fv when quoted ?)
2026-10-01T16:17:10+0000 mm-bot python[28561]: 2026-10-01 16:17:10 INFO    FILL ex 843  our ? x500 @ 0.625  (fv when quoted ?)
2026-10-01T16:17:10+0000 mm-bot python[28561]: 2026-10-01 16:17:10 INFO    FILL ex 840  our ? x500 @ 0.08999999999999997  (fv when quoted ?)
2026-10-01T16:17:10+0000 mm-bot python[28561]: 2026-10-01 16:17:10 INFO    FILL ex 840  our ? x8000 @ 0.08999999999999997  (fv when quoted ?)
2026-10-01T16:17:10+0000 mm-bot python[28561]: 2026-10-01 16:17:10 INFO    FILL ex 843  our ? x500 @ 0.625  (fv when quoted ?)
2026-10-01T16:17:10+0000 mm-bot python[28561]: 2026-10-01 16:17:10 INFO    FILL ex 952  our bid x150 @ 0.935  (fv when quoted 0.9406)
2026-10-01T16:17:10+0000 mm-bot python[28561]: 2026-10-01 16:17:10 INFO    realtime | account 114853 (locked in orders 14509, detecting) | worst-case loss 2687 | party delta -439 | priced 28/237 | resting 49
2026-10-01T16:17:10+0000 mm-bot python[28561]: 2026-10-01 16:17:10 INFO    Dem New Hampshire Governor fv 0.053 (ref 0.040) inv    +0 race    +0 | bid 0.040 x100  ask 0.085 x100
2026-10-01T16:17:11+0000 mm-bot python[28561]: 2026-10-01 16:17:11 INFO    Rep Michigan Senate        fv 0.272 (ref 0.275) inv   +50 race  +500 | bid 0.245 x400  ask 0.270 x150
2026-10-01T16:17:12+0000 mm-bot python[28561]: 2026-10-01 16:17:12 INFO    Rep WA-03 House race       fv 0.088 (ref 0.085) inv  -100 race  -200 | bid 0.080 x100  ask 0.105 x100
2026-10-01T16:17:16+0000 mm-bot python[28561]: 2026-10-01 16:17:16 INFO    Dem WA-03 House race       fv 0.912 (ref 0.905) inv  +100 race  +200 | bid 0.890 x100  ask 0.920 x100
2026-10-01T16:17:16+0000 mm-bot python[28561]: 2026-10-01 16:17:16 INFO    Dem VA-01 House race       fv 0.524 (ref 0.525) inv  -100 race  -100 | bid 0.515 x100  ask 0.540 x100
2026-10-01T16:17:17+0000 mm-bot python[28561]: 2026-10-01 16:17:17 INFO    Rep FL-16 House race       fv 0.829 (ref 0.825) inv  +100 race  +100 | bid 0.815 x100  ask 0.840 x100
2026-10-01T16:17:18+0000 mm-bot python[28561]: 2026-10-01 16:17:18 INFO    Dem FL-07 House race       fv 0.331 (ref 0.335) inv  +100 race  +100 | bid 0.305 x100  ask 0.340 x100
2026-10-01T16:17:24+0000 mm-bot python[28561]: 2026-10-01 16:17:24 INFO    Rep Wisconsin Governor     fv 0.200 (ref 0.205) inv    +0 race    +0 | bid 0.190 x300  ask 0.215 x300
2026-10-01T16:17:29+0000 mm-bot python[28561]: 2026-10-01 16:17:29 INFO    Rep Maine Senate           fv 0.409 (ref 0.405) inv  -500 race  +100 | bid 0.395 x500  ask 0.420 x500
2026-10-01T16:17:41+0000 mm-bot python[28561]: 2026-10-01 16:17:41 INFO    Rep Idaho Senate           fv 0.941 (ref 0.943) inv  +150 race  +150 | bid 0.925 x150  ask 0.950 x150
2026-10-01T16:17:41+0000 mm-bot python[28561]: 2026-10-01 16:17:41 INFO    Rep TX-23 House race       fv 0.645 (ref 0.635) inv  -100 race  -100 | bid 0.635 x100  ask 0.660 x100
2026-10-01T16:17:41+0000 mm-bot python[28561]: 2026-10-01 16:17:41 INFO    Dem TX-23 House race       fv 0.355 (ref 0.355) inv    +0 race  +100 | bid 0.335 x100  ask 0.365 x100
2026-10-01T16:17:41+0000 mm-bot python[28561]: 2026-10-01 16:17:41 INFO    Dem PA-01 House race       fv 0.339 (ref 0.335) inv  +100 race  +100 | bid 0.325 x100  ask 0.355 x100
2026-10-01T16:17:45+0000 mm-bot python[28561]: 2026-10-01 16:17:45 INFO    Rep NY-17 House race       fv 0.364 (ref 0.365) inv  +100 race  +200 | bid 0.345 x100  ask 0.370 x100
2026-10-01T16:17:48+0000 mm-bot python[28561]: 2026-10-01 16:17:48 INFO    Dem NY-17 House race       fv 0.636 (ref 0.635) inv  -100 race  -200 | bid 0.630 x100  ask 0.655 x100
2026-10-01T16:17:50+0000 mm-bot python[28561]: 2026-10-01 16:17:50 INFO    Dem MT-01 House race       fv 0.324 (ref 0.325) inv  -100 race  -100 | bid 0.315 x100  ask 0.340 x100
2026-10-01T16:17:55+0000 mm-bot python[28561]: 2026-10-01 16:17:55 INFO    Dem IA-01 House race       fv 0.823 (ref 0.825) inv  +100 race  +200 | bid 0.805 x100  ask 0.830 x100
2026-10-01T16:17:57+0000 mm-bot python[28561]: 2026-10-01 16:17:57 INFO    Rep CA-22 House race       fv 0.092 inv  -100 race  -200 | bid 0.075 x100  ask 0.110 x100
2026-10-01T16:18:03+0000 mm-bot python[28561]: 2026-10-01 16:18:03 INFO    Dem CA-22 House race       fv 0.907 inv  +100 race  +200 | bid 0.890 x100  ask 0.920 x100
2026-10-01T16:18:05+0000 mm-bot python[28561]: 2026-10-01 16:18:05 INFO    Rep AZ-06 House race       fv 0.173 (ref 0.175) inv  -100 race  -200 | bid 0.160 x100  ask 0.190 x100
2026-10-01T16:18:05+0000 mm-bot python[28561]: 2026-10-01 16:18:05 INFO    Dem AZ-06 House race       fv 0.828 (ref 0.825) inv  +100 race  +200 | bid 0.810 x100  ask 0.850 x100
2026-10-01T16:18:08+0000 mm-bot python[28561]: 2026-10-01 16:18:08 INFO    Rep Texas Governor         fv 0.809 (ref 0.814) inv  -250 race  -250 | bid 0.795 x250  ask 0.830 x250
2026-10-01T16:18:08+0000 mm-bot python[28561]: 2026-10-01 16:18:08 INFO    Rep Nevada Governor        fv 0.527 (ref 0.525) inv  -150 race  -150 | bid 0.520 x150  ask 0.550 x150
2026-10-01T16:18:16+0000 mm-bot python[28561]: 2026-10-01 16:18:16 INFO    Dem Nevada Governor        fv 0.473 (ref 0.485) inv    +0 race  +150 | bid 0.455 x100  ask 0.480 x100
2026-10-01T16:18:19+0000 mm-bot python[28561]: 2026-10-01 16:18:19 INFO    Rep Georgia Governor       fv 0.506 (ref 0.505) inv  -100 race  -250 | bid 0.500 x100  ask 0.530 x100
2026-10-01T16:18:19+0000 mm-bot python[28561]: 2026-10-01 16:18:19 INFO    Dem Georgia Governor       fv 0.494 (ref 0.505) inv  +150 race  +250 | bid 0.475 x150  ask 0.500 x150
2026-10-01T16:18:19+0000 mm-bot python[28561]: 2026-10-01 16:18:19 INFO    Rep U.S. Senate            fv 0.376 (ref 0.375) inv  +387 race  +387 | bid 0.350 x9613 ask 0.380 x10000
2026-10-01T16:18:20+0000 mm-bot python[28561]: 2026-10-01 16:18:20 INFO    Dem U.S. House             fv 0.922 (ref 0.925) inv  -924 race  -924 | bid 0.910 x10000 ask 0.960 x9076
2026-10-01T16:19:23+0000 mm-bot python[28561]: 2026-10-01 16:19:23 INFO    FILL ex 1014  our ? x100 @ 0.845  (fv when quoted ?)
2026-10-01T16:19:23+0000 mm-bot python[28561]: 2026-10-01 16:19:23 INFO    FILL ex 840  our ? x924 @ 0.63  (fv when quoted ?)
2026-10-01T16:19:23+0000 mm-bot python[28561]: 2026-10-01 16:19:23 INFO    FILL ex 934  our bid x100 @ 0.335  (fv when quoted 0.35526899886104496)
2026-10-01T16:19:23+0000 mm-bot python[28561]: 2026-10-01 16:19:23 INFO    FILL ex 843  our ask x500 @ 0.38  (fv when quoted 0.37575)
2026-10-01T16:19:23+0000 mm-bot python[28561]: 2026-10-01 16:19:23 INFO    FILL ex 843  our ask x500 @ 0.38  (fv when quoted 0.37575)
2026-10-01T16:19:23+0000 mm-bot python[28561]: 2026-10-01 16:19:23 INFO    FILL ex 843  our ask x500 @ 0.38  (fv when quoted 0.37575)
2026-10-01T16:19:23+0000 mm-bot python[28561]: 2026-10-01 16:19:23 INFO    FILL ex 952  our bid x150 @ 0.925  (fv when quoted 0.9406)
2026-10-01T16:19:23+0000 mm-bot python[28561]: 2026-10-01 16:19:23 INFO    FILL ex 1004  our bid x300 @ 0.19  (fv when quoted 0.19974999999999998)
2026-10-01T16:19:23+0000 mm-bot python[28561]: 2026-10-01 16:19:23 INFO    FILL ex 843  our ask x500 @ 0.38  (fv when quoted 0.37575)
2026-10-01T16:19:23+0000 mm-bot python[28561]: 2026-10-01 16:19:23 INFO    FILL ex 843  our ask x500 @ 0.38  (fv when quoted 0.37575)
2026-10-01T16:19:23+0000 mm-bot python[28561]: 2026-10-01 16:19:23 INFO    FILL ex 843  our ask x500 @ 0.38  (fv when quoted 0.37575)
2026-10-01T16:19:23+0000 mm-bot python[28561]: 2026-10-01 16:19:23 INFO    realtime | account 122119 (locked in orders 21540, detecting) | worst-case loss 2494 | party delta -2063 | priced 35/237 | resting 54
2026-10-01T16:19:23+0000 mm-bot python[28561]: 2026-10-01 16:19:23 INFO    Rep WA-03 House race       fv 0.088 (ref 0.085) inv  -100 race  -200 | bid 0.085 x100  ask 0.110 x100
2026-10-01T16:19:23+0000 mm-bot python[28561]: 2026-10-01 16:19:23 INFO    Rep TN-05 House race       fv 0.913 (ref 0.915) inv    +0 race    +0 | bid 0.900 x100  ask 0.925 x100
2026-10-01T16:19:23+0000 mm-bot python[28561]: 2026-10-01 16:19:23 INFO    Rep FL-16 House race       fv 0.827 (ref 0.825) inv    +0 race    +0 | bid 0.815 x100  ask 0.840 x100
2026-10-01T16:19:24+0000 mm-bot python[28561]: 2026-10-01 16:19:24 INFO    Rep Wisconsin Governor     fv 0.200 (ref 0.205) inv    +0 race    +0 | bid 0.190 x300  ask 0.215 x300
2026-10-01T16:19:24+0000 mm-bot python[28561]: 2026-10-01 16:19:24 INFO    Rep Nebraska Senate        fv 0.711 (ref 0.705) inv    +0 race   +75 | bid 0.700 x250  ask 0.725 x250
2026-10-01T16:19:28+0000 mm-bot python[28561]: 2026-10-01 16:19:28 INFO    Rep Idaho Senate           fv 0.947 (ref 0.943) inv  +150 race  +150 | bid 0.925 x150  ask 0.960 x150
2026-10-01T16:19:31+0000 mm-bot python[28561]: 2026-10-01 16:19:31 INFO    Rep TX-23 House race       fv 0.645 (ref 0.635) inv  -100 race  -200 | bid 0.640 x100  ask 0.665 x100
2026-10-01T16:19:31+0000 mm-bot python[28561]: 2026-10-01 16:19:31 INFO    Dem TX-23 House race       fv 0.355 (ref 0.355) inv  +100 race  +200 | bid 0.335 x100  ask 0.360 x100
2026-10-01T16:19:31+0000 mm-bot python[28561]: 2026-10-01 16:19:31 INFO    Dem PA-10 House race       fv 0.809 (ref 0.815) inv    +0 race    +0 | bid 0.795 x100  ask 0.820 x100
2026-10-01T16:19:31+0000 mm-bot python[28561]: 2026-10-01 16:19:31 INFO    Rep PA-07 House race       fv 0.146 (ref 0.140) inv  -100 race  -200 | bid 0.140 x100  ask 0.165 x100
2026-10-01T16:19:31+0000 mm-bot python[28561]: 2026-10-01 16:19:31 INFO    Dem PA-07 House race       fv 0.854 (ref 0.845) inv  +100 race  +200 | bid 0.835 x100  ask 0.860 x100
2026-10-01T16:19:33+0000 mm-bot python[28561]: 2026-10-01 16:19:33 INFO    Dem PA-01 House race       fv 0.339 (ref 0.335) inv  +100 race  +100 | bid 0.320 x100  ask 0.355 x100
2026-10-01T16:19:34+0000 mm-bot python[28561]: 2026-10-01 16:19:34 INFO    Rep NY-17 House race       fv 0.364 (ref 0.365) inv  +100 race  +200 | bid 0.350 x100  ask 0.375 x100
2026-10-01T16:19:34+0000 mm-bot python[28561]: 2026-10-01 16:19:34 INFO    Dem NJ-07 House race       fv 0.886 (ref 0.890) inv    +0 race    +0 | bid 0.865 x100  ask 0.895 x100
2026-10-01T16:19:34+0000 mm-bot python[28561]: 2026-10-01 16:19:34 INFO    Rep CO-03 House race       fv 0.729 (ref 0.740) inv    +0 race    +0 | bid 0.695 x100  ask 0.745 x100
2026-10-01T16:19:34+0000 mm-bot python[28561]: 2026-10-01 16:19:34 INFO    Rep CA-22 House race       fv 0.092 inv  -100 race  -200 | bid 0.075 x100  ask 0.115 x100
2026-10-01T16:19:36+0000 mm-bot python[28561]: 2026-10-01 16:19:36 INFO    Dem CA-22 House race       fv 0.907 inv  +100 race  +200 | bid 0.885 x100  ask 0.920 x100
2026-10-01T16:19:39+0000 mm-bot python[28561]: 2026-10-01 16:19:39 INFO    Rep AZ-06 House race       fv 0.173 (ref 0.175) inv  -100 race  -200 | bid 0.160 x100  ask 0.195 x100
2026-10-01T16:19:39+0000 mm-bot python[28561]: 2026-10-01 16:19:39 INFO    Dem AZ-06 House race       fv 0.828 (ref 0.825) inv  +100 race  +200 | bid 0.805 x100  ask 0.850 x100
2026-10-01T16:19:40+0000 mm-bot python[28561]: 2026-10-01 16:19:40 INFO    Dem Georgia Governor       fv 0.494 (ref 0.505) inv  +150 race  +250 | bid 0.470 x150  ask 0.495 x150
2026-10-01T16:19:40+0000 mm-bot python[28561]: 2026-10-01 16:19:40 INFO    Rep U.S. Senate            fv 0.376 (ref 0.375) inv  -113 race  -113 | bid 0.370 x10000 ask 0.395 x9887
2026-10-01T16:19:40+0000 mm-bot python[28561]: 2026-10-01 16:19:40 INFO    Dem U.S. House             fv 0.922 (ref 0.925) inv    +0 race    +0 | bid 0.905 x10000 ask 0.930 x10000
2026-10-01T16:19:50+0000 mm-bot python[28561]: 2026-10-01 16:19:50 INFO    order on 1014 traded 100 immediately
2026-10-01T16:20:40+0000 mm-bot python[28561]: 2026-10-01 16:20:40 INFO    FILL ex 1048  our ask x11 @ 0.275  (fv when quoted 0.272)
2026-10-01T16:20:40+0000 mm-bot python[28561]: 2026-10-01 16:20:40 INFO    FILL ex 1048  our ask x100 @ 0.275  (fv when quoted 0.272)
2026-10-01T16:20:40+0000 mm-bot python[28561]: 2026-10-01 16:20:40 INFO    FILL ex 1014  our ask x100 @ 0.84  (fv when quoted 0.8265)
2026-10-01T16:20:40+0000 mm-bot python[28561]: 2026-10-01 16:20:40 INFO    FILL ex 843  our ask x1026 @ 0.395  (fv when quoted 0.37649999999999995)
2026-10-01T16:20:40+0000 mm-bot python[28561]: 2026-10-01 16:20:40 INFO    FILL ex 921  our bid x100 @ 0.345  (fv when quoted 0.36404271356783924)
2026-10-01T16:20:40+0000 mm-bot python[28561]: 2026-10-01 16:20:40 INFO    realtime | account 124028 (locked in orders 23324, detecting) | worst-case loss 4869 | party delta -5350 | priced 37/237 | resting 69
2026-10-01T16:20:40+0000 mm-bot python[28561]: 2026-10-01 16:20:40 INFO    Dem New Hampshire Governor fv 0.053 (ref 0.040) inv    +0 race    +0 | bid 0.035 x100  ask 0.085 x100
2026-10-01T16:20:41+0000 mm-bot python[28561]: 2026-10-01 16:20:41 INFO    Rep Michigan Senate        fv 0.272 (ref 0.275) inv   -61 race  +389 | bid 0.255 x400  ask 0.280 x400
2026-10-01T16:20:49+0000 mm-bot python[28561]: 2026-10-01 16:20:49 INFO    Dem VA-01 House race       fv   -   (ref 0.525) inv  -100 race  -100 | bid    -        ask    -
2026-10-01T16:21:00+0000 mm-bot python[28561]: 2026-10-01 16:21:00 INFO    Rep TN-05 House race       fv 0.913 (ref 0.915) inv    +0 race    +0 | bid 0.900 x100  ask 0.930 x100
2026-10-01T16:21:04+0000 mm-bot python[28561]: 2026-10-01 16:21:04 INFO    Rep FL-16 House race       fv 0.831 (ref 0.825) inv  -100 race  -100 | bid 0.825 x100  ask 0.850 x100
2026-10-01T16:21:04+0000 mm-bot python[28561]: 2026-10-01 16:21:04 INFO    Rep Wisconsin Governor     fv 0.200 (ref 0.205) inv  +300 race  +300 | bid 0.185 x300  ask 0.210 x300
2026-10-01T16:21:25+0000 mm-bot python[28561]: 2026-10-01 16:21:25 INFO    Rep Idaho Senate           fv 0.942 (ref 0.943) inv  +300 race  +300 | bid 0.925 x150  ask 0.950 x150
2026-10-01T16:21:25+0000 mm-bot python[28561]: 2026-10-01 16:21:25 INFO    Rep Georgia Senate         fv 0.032 (ref 0.028) inv    +0 race    +0 | bid 0.025 x150  ask    -
2026-10-01T16:21:36+0000 mm-bot python[28561]: 2026-10-01 16:21:36 INFO    Rep TX-23 House race       fv 0.645 (ref 0.635) inv  -100 race  -200 | bid 0.640 x100  ask 0.670 x100
2026-10-01T16:21:39+0000 mm-bot python[28561]: 2026-10-01 16:21:39 INFO    Dem TX-23 House race       fv 0.355 (ref 0.355) inv  +100 race  +200 | bid 0.330 x100  ask 0.355 x100
2026-10-01T16:21:39+0000 mm-bot python[28561]: 2026-10-01 16:21:39 INFO    Dem SC-01 House race       fv 0.270 (ref 0.265) inv    +0 race    +0 | bid 0.250 x100  ask 0.285 x100
2026-10-01T16:21:39+0000 mm-bot python[28561]: 2026-10-01 16:21:39 INFO    Rep PA-10 House race       fv 0.197 (ref 0.195) inv    +0 race    +0 | bid 0.185 x100  ask 0.235 x100
2026-10-01T16:21:40+0000 mm-bot python[28561]: 2026-10-01 16:21:40 INFO    Dem PA-10 House race       fv 0.803 (ref 0.815) inv    +0 race    +0 | bid 0.785 x100  ask 0.810 x100
2026-10-01T16:21:41+0000 mm-bot python[28561]: 2026-10-01 16:21:41 INFO    Rep PA-07 House race       fv 0.146 (ref 0.140) inv  -100 race  -200 | bid 0.145 x100  ask 0.170 x100
2026-10-01T16:21:47+0000 mm-bot python[28561]: 2026-10-01 16:21:47 INFO    Dem PA-07 House race       fv 0.854 (ref 0.845) inv  +100 race  +200 | bid 0.830 x100  ask 0.855 x100
2026-10-01T16:21:55+0000 mm-bot python[28561]: 2026-10-01 16:21:55 INFO    Rep NY-17 House race       fv 0.364 (ref 0.365) inv  +100 race  +200 | bid 0.350 x100  ask 0.375 x100
2026-10-01T16:22:01+0000 mm-bot python[28561]: 2026-10-01 16:22:01 INFO    Dem IA-01 House race       fv 0.823 (ref 0.825) inv  +100 race  +200 | bid 0.800 x100  ask 0.830 x100
2026-10-01T16:22:20+0000 mm-bot python[28561]: 2026-10-01 16:22:20 INFO    Rep Texas Governor         fv 0.809 (ref 0.814) inv  -250 race  -250 | bid 0.795 x250  ask 0.835 x250
2026-10-01T16:22:34+0000 mm-bot python[28561]: 2026-10-01 16:22:34 INFO    Rep U.S. Senate            fv 0.379 (ref 0.375) inv -3639 race -3639 | bid 0.400 x10000 ask 0.505 x6361
2026-10-01T16:23:03+0000 mm-bot python[28561]: 2026-10-01 16:23:03 ERROR   batch of 20 orders failed (409 REQUEST_IN_FLIGHT: An identical request with this idempotency key is still in flight. Retry with the same key after 90 seconds.)
2026-10-01T16:23:14+0000 mm-bot python[28561]: 2026-10-01 16:23:14 INFO    realtime: missed message(s) on user:6c996168-fbca-415e-bb62-04b8bcaa95f3 - full resync next cycle
2026-10-01T16:23:14+0000 mm-bot python[28561]: 2026-10-01 16:23:14 INFO    realtime: missed message(s) on user:6c996168-fbca-415e-bb62-04b8bcaa95f3 - full resync next cycle
2026-10-01T16:23:16+0000 mm-bot python[28561]: 2026-10-01 16:23:16 INFO    realtime: missed message(s) on user:6c996168-fbca-415e-bb62-04b8bcaa95f3 - full resync next cycle
2026-10-01T16:23:24+0000 mm-bot python[28561]: 2026-10-01 16:23:24 ERROR   batch of 5 orders failed (409 REQUEST_IN_FLIGHT: An identical request with this idempotency key is still in flight. Retry with the same key after 90 seconds.)
2026-10-01T16:24:18+0000 mm-bot python[28561]: 2026-10-01 16:24:18 INFO    FILL ex 928  our ask x100 @ 0.82  (fv when quoted 0.8089999999999999)
2026-10-01T16:24:18+0000 mm-bot python[28561]: 2026-10-01 16:24:18 INFO    FILL ex 952  our bid x150 @ 0.925  (fv when quoted 0.9466)
2026-10-01T16:24:18+0000 mm-bot python[28561]: 2026-10-01 16:24:18 INFO    FILL ex 935  our bid x100 @ 0.635  (fv when quoted 0.6447310011389551)
2026-10-01T16:24:18+0000 mm-bot python[28561]: 2026-10-01 16:24:18 INFO    FILL ex 889  our bid x100 @ 0.16  (fv when quoted 0.17250000000000001)
2026-10-01T16:24:18+0000 mm-bot python[28561]: 2026-10-01 16:24:18 INFO    FILL ex 1004  our ask x300 @ 0.215  (fv when quoted 0.19974999999999998)
2026-10-01T16:24:18+0000 mm-bot python[28561]: 2026-10-01 16:24:18 INFO    FILL ex 1004  our bid x300 @ 0.19  (fv when quoted 0.19974999999999998)
2026-10-01T16:24:18+0000 mm-bot python[28561]: 2026-10-01 16:24:18 INFO    FILL ex 928  our bid x100 @ 0.795  (fv when quoted 0.8089999999999999)
2026-10-01T16:24:18+0000 mm-bot python[28561]: 2026-10-01 16:24:18 INFO    FILL ex 924  our bid x100 @ 0.835  (fv when quoted 0.8544922693304826)
2026-10-01T16:24:18+0000 mm-bot python[28561]: 2026-10-01 16:24:18 INFO    FILL ex 895  our bid x100 @ 0.695  (fv when quoted 0.72875)
2026-10-01T16:24:18+0000 mm-bot python[28561]: 2026-10-01 16:24:18 INFO    FILL ex 912  our ? x100 @ 0.31  (fv when quoted ?)
2026-10-01T16:24:18+0000 mm-bot python[28561]: 2026-10-01 16:24:18 INFO    FILL ex 922  our ask x11 @ 0.355  (fv when quoted 0.33875)
2026-10-01T16:24:18+0000 mm-bot python[28561]: 2026-10-01 16:24:18 INFO    FILL ex 1061  our ask x100 @ 0.085  (fv when quoted 0.05315)
2026-10-01T16:24:18+0000 mm-bot python[28561]: 2026-10-01 16:24:18 INFO    FILL ex 840  our ask x1860 @ 0.93  (fv when quoted 0.922)
2026-10-01T16:24:18+0000 mm-bot python[28561]: 2026-10-01 16:24:18 INFO    FILL ex 840  our bid x1960 @ 0.905  (fv when quoted 0.922)
2026-10-01T16:24:18+0000 mm-bot python[28561]: 2026-10-01 16:24:18 INFO    FILL ex 934  our ? x100 @ 0.355  (fv when quoted ?)
2026-10-01T16:24:18+0000 mm-bot python[28561]: 2026-10-01 16:24:18 INFO    FILL ex 952  our ? x150 @ 0.95  (fv when quoted ?)
2026-10-01T16:24:18+0000 mm-bot python[28561]: 2026-10-01 16:24:18 INFO    FILL ex 1009  our ? x100 @ 0.305  (fv when quoted ?)
2026-10-01T16:24:18+0000 mm-bot python[28561]: 2026-10-01 16:24:18 INFO    FILL ex 935  our ? x100 @ 0.32999999999999996  (fv when quoted ?)
2026-10-01T16:24:18+0000 mm-bot python[28561]: 2026-10-01 16:24:18 INFO    FILL ex 1048  our ? x31 @ 0.72  (fv when quoted ?)
2026-10-01T16:24:18+0000 mm-bot python[28561]: 2026-10-01 16:24:18 INFO    FILL ex 885  our bid x250 @ 0.795  (fv when quoted 0.8087000000000001)
2026-10-01T16:24:18+0000 mm-bot python[28561]: 2026-10-01 16:24:18 INFO    FILL ex 922  our bid x100 @ 0.32  (fv when quoted 0.33875)
2026-10-01T16:24:18+0000 mm-bot python[28561]: 2026-10-01 16:24:18 INFO    FILL ex 843  our ? x200 @ 0.39  (fv when quoted ?)
2026-10-01T16:24:18+0000 mm-bot python[28561]: 2026-10-01 16:24:18 INFO    FILL ex 843  our ? x1347 @ 0.39  (fv when quoted ?)
2026-10-01T16:24:18+0000 mm-bot python[28561]: 2026-10-01 16:24:18 INFO    FILL ex 843  our ? x8333 @ 0.4  (fv when quoted ?)
2026-10-01T16:24:18+0000 mm-bot python[28561]: 2026-10-01 16:24:18 INFO    FILL ex 843  our ? x100 @ 0.4  (fv when quoted ?)
2026-10-01T16:24:18+0000 mm-bot python[28561]: 2026-10-01 16:24:18 INFO    FILL ex 843  our ? x20 @ 0.4  (fv when quoted ?)
2026-10-01T16:24:18+0000 mm-bot python[28561]: 2026-10-01 16:24:18 INFO    realtime | account 111748 (locked in orders 10995, detecting) | worst-case loss 5071 | party delta -5120 | priced 33/237 | resting 57
2026-10-01T16:24:18+0000 mm-bot python[28561]: 2026-10-01 16:24:18 INFO    Dem New Hampshire Governor fv   -   (ref 0.040) inv  -100 race  -100 | bid    -        ask    -
2026-10-01T16:24:19+0000 mm-bot python[28561]: 2026-10-01 16:24:19 INFO    Dem FL-07 House race       fv 0.328 (ref 0.335) inv  +200 race  +200 | bid 0.305 x100  ask 0.330 x100
2026-10-01T16:24:19+0000 mm-bot python[28561]: 2026-10-01 16:24:19 INFO    Rep Wisconsin Governor     fv 0.204 (ref 0.205) inv  +300 race  +300 | bid 0.185 x300  ask 0.210 x300
2026-10-01T16:24:19+0000 mm-bot python[28561]: 2026-10-01 16:24:19 INFO    Rep Idaho Senate           fv 0.942 (ref 0.942) inv  +300 race  +300 | bid 0.925 x150  ask 0.950 x150
2026-10-01T16:24:19+0000 mm-bot python[28561]: 2026-10-01 16:24:19 INFO    Rep TX-23 House race       fv 0.644 (ref 0.635) inv  -100 race  -100 | bid 0.625 x100  ask 0.665 x100
2026-10-01T16:24:19+0000 mm-bot python[28561]: 2026-10-01 16:24:19 INFO    Dem TX-23 House race       fv 0.356 (ref 0.355) inv    +0 race  +100 | bid 0.325 x100  ask 0.360 x100
2026-10-01T16:24:19+0000 mm-bot python[28561]: 2026-10-01 16:24:19 INFO    Dem PA-01 House race       fv   -   (ref 0.335) inv  +189 race  +189 | bid    -        ask    -
2026-10-01T16:24:20+0000 mm-bot python[28561]: 2026-10-01 16:24:20 INFO    Dem MT-01 House race       fv 0.323 (ref 0.325) inv    +0 race    +0 | bid 0.305 x100  ask 0.330 x100
2026-10-01T16:24:20+0000 mm-bot python[28561]: 2026-10-01 16:24:20 INFO    Dem IA-01 House race       fv 0.823 (ref 0.825) inv  +100 race  +200 | bid 0.800 x100  ask 0.830 x100
2026-10-01T16:24:20+0000 mm-bot python[28561]: 2026-10-01 16:24:20 INFO    Rep CO-03 House race       fv 0.729 (ref 0.740) inv  +100 race  +100 | bid 0.695 x100  ask 0.745 x100
2026-10-01T16:24:20+0000 mm-bot python[28561]: 2026-10-01 16:24:20 INFO    Rep AZ-06 House race       fv 0.173 (ref 0.175) inv    +0 race  -100 | bid 0.160 x100  ask 0.195 x100
2026-10-01T16:24:20+0000 mm-bot python[28561]: 2026-10-01 16:24:20 INFO    Dem AZ-06 House race       fv   -   (ref 0.825) inv  +100 race  +100 | bid    -        ask    -
2026-10-01T16:24:20+0000 mm-bot python[28561]: 2026-10-01 16:24:20 INFO    Rep Texas Governor         fv 0.809 (ref 0.814) inv    +0 race    +0 | bid 0.795 x250  ask 0.825 x250
2026-10-01T16:24:33+0000 mm-bot python[28561]: 2026-10-01 16:24:33 INFO    Rep Nevada Governor        fv   -   (ref 0.525) inv  -150 race  -150 | bid    -        ask    -
2026-10-01T16:24:33+0000 mm-bot python[28561]: 2026-10-01 16:24:33 INFO    Rep Maine Governor         fv 0.041 (ref 0.036) inv    +0 race    +0 | bid 0.020 x100  ask    -
2026-10-01T16:24:39+0000 mm-bot python[28561]: 2026-10-01 16:24:39 INFO    Rep Georgia Governor       fv 0.513 (ref 0.505) inv  -100 race  -250 | bid 0.515 x100  ask 0.540 x100
2026-10-01T16:24:46+0000 mm-bot python[28561]: 2026-10-01 16:24:46 INFO    Dem Georgia Governor       fv   -   (ref 0.505) inv  +150 race  +250 | bid    -        ask    -
2026-10-01T16:24:46+0000 mm-bot python[28561]: 2026-10-01 16:24:46 INFO    Rep U.S. Senate            fv 0.379 (ref 0.375) inv -3639 race -3639 | bid 0.400 x10000 ask 0.505 x6361
2026-10-01T16:24:51+0000 mm-bot python[28561]: 2026-10-01 16:24:51 INFO    Dem U.S. House             fv 0.922 (ref 0.925) inv  +100 race  +100 | bid 0.900 x9900 ask 0.925 x10000
2026-10-01T16:25:30+0000 mm-bot python[28561]: 2026-10-01 16:25:30 INFO    order on 1009 traded 100 immediately
2026-10-01T16:25:30+0000 mm-bot python[28561]: 2026-10-01 16:25:30 INFO    order on 843 traded 2461 immediately
2026-10-01T16:25:56+0000 mm-bot python[28561]: 2026-10-01 16:25:56 INFO    Tracking 237 exchanges in 117 races
2026-10-01T16:26:34+0000 mm-bot python[28561]: 2026-10-01 16:26:34 INFO    FILL ex 970  our bid x250 @ 0.7  (fv when quoted 0.711)
2026-10-01T16:26:34+0000 mm-bot python[28561]: 2026-10-01 16:26:34 INFO    FILL ex 1009  our ask x100 @ 0.33  (fv when quoted 0.32825)
2026-10-01T16:26:34+0000 mm-bot python[28561]: 2026-10-01 16:26:34 INFO    FILL ex 843  our bid x1347 @ 0.4  (fv when quoted 0.37949999999999995)
2026-10-01T16:26:34+0000 mm-bot python[28561]: 2026-10-01 16:26:34 INFO    FILL ex 843  our bid x10 @ 0.4  (fv when quoted 0.37949999999999995)
2026-10-01T16:26:34+0000 mm-bot python[28561]: 2026-10-01 16:26:34 INFO    FILL ex 843  our bid x250 @ 0.4  (fv when quoted 0.37949999999999995)
2026-10-01T16:26:34+0000 mm-bot python[28561]: 2026-10-01 16:26:34 INFO    FILL ex 843  our bid x854 @ 0.4  (fv when quoted 0.37949999999999995)
2026-10-01T16:26:34+0000 mm-bot python[28561]: 2026-10-01 16:26:34 INFO    FILL ex 843  our bid x500 @ 0.4  (fv when quoted 0.37949999999999995)
2026-10-01T16:26:34+0000 mm-bot python[28561]: 2026-10-01 16:26:34 INFO    FILL ex 1048  our ? x100 @ 0.72  (fv when quoted ?)
2026-10-01T16:26:34+0000 mm-bot python[28561]: 2026-10-01 16:26:34 INFO    FILL ex 843  our bid x2000 @ 0.4  (fv when quoted 0.37949999999999995)
2026-10-01T16:26:34+0000 mm-bot python[28561]: 2026-10-01 16:26:34 INFO    FILL ex 843  our bid x10 @ 0.4  (fv when quoted 0.37949999999999995)
2026-10-01T16:26:34+0000 mm-bot python[28561]: 2026-10-01 16:26:34 INFO    FILL ex 843  our bid x4438 @ 0.4  (fv when quoted 0.37949999999999995)
2026-10-01T16:26:34+0000 mm-bot python[28561]: 2026-10-01 16:26:34 INFO    FILL ex 843  our bid x100 @ 0.4  (fv when quoted 0.37949999999999995)
2026-10-01T16:26:34+0000 mm-bot python[28561]: 2026-10-01 16:26:34 INFO    FILL ex 952  our bid x150 @ 0.925  (fv when quoted 0.9417499999999999)
2026-10-01T16:26:34+0000 mm-bot python[28561]: 2026-10-01 16:26:34 INFO    FILL ex 843  our bid x491 @ 0.4  (fv when quoted 0.37949999999999995)
2026-10-01T16:26:34+0000 mm-bot python[28561]: 2026-10-01 16:26:34 INFO    FILL ex 885  our bid x250 @ 0.795  (fv when quoted 0.8087000000000001)
2026-10-01T16:26:34+0000 mm-bot python[28561]: 2026-10-01 16:26:34 INFO    FILL ex 934  our ? x100 @ 0.33  (fv when quoted ?)
2026-10-01T16:26:34+0000 mm-bot python[28561]: 2026-10-01 16:26:34 INFO    FILL ex 952  our ask x25 @ 0.95  (fv when quoted 0.9417499999999999)
2026-10-01T16:26:34+0000 mm-bot python[28561]: 2026-10-01 16:26:34 INFO    realtime | account 113032 (locked in orders 12572, detecting) | worst-case loss 9497 | party delta +15430 | priced 27/237 | resting 61
2026-10-01T16:26:36+0000 mm-bot python[28561]: 2026-10-01 16:26:36 INFO    Rep Michigan Senate        fv 0.276 (ref 0.275) inv  -192 race  +258 | bid    -        ask 0.280 x400
2026-10-01T16:26:37+0000 mm-bot python[28561]: 2026-10-01 16:26:37 INFO    Rep WA-03 House race       fv 0.088 (ref 0.085) inv  -100 race  -200 | bid    -        ask 0.100 x100
2026-10-01T16:26:39+0000 mm-bot python[28561]: 2026-10-01 16:26:39 INFO    Dem WA-03 House race       fv 0.912 (ref 0.905) inv  +100 race  +200 | bid 0.890 x100  ask    -
2026-10-01T16:26:40+0000 mm-bot python[28561]: 2026-10-01 16:26:40 INFO    Rep TN-05 House race       fv 0.913 (ref 0.915) inv    +0 race    +0 | bid    -        ask 0.915 x100
2026-10-01T16:26:43+0000 mm-bot python[28561]: 2026-10-01 16:26:42 INFO    Rep FL-16 House race       fv   -   (ref 0.825) inv  -100 race  -100 | bid    -        ask    -
2026-10-01T16:26:53+0000 mm-bot python[28561]: 2026-10-01 16:26:53 INFO    Dem FL-07 House race       fv 0.328 (ref 0.335) inv  +100 race  +100 | bid 0.315 x100  ask    -
2026-10-01T16:26:59+0000 mm-bot python[28561]: 2026-10-01 16:26:59 INFO    Rep Wisconsin Governor     fv 0.204 (ref 0.205) inv  +300 race  +300 | bid    -        ask 0.205 x300
2026-10-01T16:27:01+0000 mm-bot python[28561]: 2026-10-01 16:27:01 INFO    Rep Nebraska Senate        fv 0.686 (ref 0.705) inv  +250 race  +325 | bid    -        ask    -
2026-10-01T16:27:05+0000 mm-bot python[28561]: 2026-10-01 16:27:05 INFO    Rep Maine Senate           fv 0.409 (ref 0.405) inv  -500 race  +100 | bid    -        ask 0.420 x500
2026-10-01T16:27:11+0000 mm-bot python[28561]: 2026-10-01 16:27:11 INFO    Rep Idaho Senate           fv 0.944 (ref 0.942) inv  +450 race  +450 | bid    -        ask 0.930 x150
2026-10-01T16:27:13+0000 mm-bot python[28561]: 2026-10-01 16:27:13 INFO    Rep Georgia Senate         fv   -   (ref 0.028) inv    +0 race    +0 | bid    -        ask    -
2026-10-01T16:27:15+0000 mm-bot python[28561]: 2026-10-01 16:27:15 INFO    Rep TX-23 House race       fv 0.643 (ref 0.635) inv  -100 race  -200 | bid    -        ask 0.645 x100
2026-10-01T16:27:15+0000 mm-bot python[28561]: 2026-10-01 16:27:15 INFO    Dem TX-23 House race       fv 0.357 (ref 0.355) inv  +100 race  +200 | bid 0.325 x100  ask    -
2026-10-01T16:27:16+0000 mm-bot python[28561]: 2026-10-01 16:27:16 INFO    Dem SC-01 House race       fv 0.270 (ref 0.265) inv    +0 race    +0 | bid 0.270 x100  ask    -
2026-10-01T16:27:21+0000 mm-bot python[28561]: 2026-10-01 16:27:21 INFO    Rep PA-10 House race       fv   -   (ref 0.195) inv    +0 race    +0 | bid    -        ask    -
2026-10-01T16:27:22+0000 mm-bot python[28561]: 2026-10-01 16:27:22 INFO    Dem PA-10 House race       fv 0.813 (ref 0.815) inv    +0 race    +0 | bid 0.795 x100  ask    -
2026-10-01T16:27:23+0000 mm-bot python[28561]: 2026-10-01 16:27:23 INFO    Rep PA-07 House race       fv   -   (ref 0.140) inv  -100 race  -300 | bid    -        ask    -
2026-10-01T16:27:24+0000 mm-bot python[28561]: 2026-10-01 16:27:24 INFO    Dem PA-07 House race       fv 0.845 (ref 0.845) inv  +200 race  +300 | bid 0.835 x100  ask    -
2026-10-01T16:27:24+0000 mm-bot python[28561]: 2026-10-01 16:27:24 INFO    Dem PA-01 House race       fv 0.335 (ref 0.335) inv  +189 race  +189 | bid 0.320 x100  ask    -
2026-10-01T16:27:25+0000 mm-bot python[28561]: 2026-10-01 16:27:25 INFO    Rep NY-17 House race       fv 0.364 (ref 0.365) inv  +200 race  +300 | bid    -        ask 0.365 x100
2026-10-01T16:27:28+0000 mm-bot python[28561]: 2026-10-01 16:27:28 INFO    Dem NY-17 House race       fv   -   (ref 0.635) inv  -100 race  -300 | bid    -        ask    -
2026-10-01T16:27:29+0000 mm-bot python[28561]: 2026-10-01 16:27:28 INFO    Dem NJ-07 House race       fv   -   (ref 0.890) inv    +0 race    +0 | bid    -        ask    -
2026-10-01T16:27:34+0000 mm-bot python[28561]: 2026-10-01 16:27:34 INFO    Dem MT-01 House race       fv 0.323 (ref 0.325) inv    +0 race    +0 | bid 0.310 x100  ask    -
2026-10-01T16:27:35+0000 mm-bot python[28561]: 2026-10-01 16:27:35 INFO    Dem IA-01 House race       fv 0.823 (ref 0.825) inv  +100 race  +200 | bid 0.815 x100  ask    -
2026-10-01T16:27:35+0000 mm-bot python[28561]: 2026-10-01 16:27:35 INFO    Rep CO-03 House race       fv 0.732 (ref 0.740) inv  +100 race  +100 | bid    -        ask 0.725 x100
2026-10-01T16:27:53+0000 mm-bot python[28561]: 2026-10-01 16:27:53 INFO    Rep CA-22 House race       fv 0.092 inv  -100 race  -200 | bid    -        ask 0.105 x100
2026-10-01T16:27:53+0000 mm-bot python[28561]: 2026-10-01 16:27:53 INFO    Dem CA-22 House race       fv   -   inv  +100 race  +200 | bid    -        ask    -
2026-10-01T16:27:53+0000 mm-bot python[28561]: 2026-10-01 16:27:53 INFO    Rep AZ-06 House race       fv 0.173 (ref 0.175) inv    +0 race  -100 | bid    -        ask 0.175 x100
2026-10-01T16:27:56+0000 mm-bot python[28561]: 2026-10-01 16:27:56 INFO    Rep Texas Governor         fv 0.800 (ref 0.813) inv  +250 race  +250 | bid    -        ask 0.795 x250
2026-10-01T16:27:56+0000 mm-bot python[28561]: 2026-10-01 16:27:56 INFO    Dem Texas Governor         fv 0.200 (ref 0.195) inv    +0 race  -250 | bid 0.205 x100  ask    -
2026-10-01T16:27:56+0000 mm-bot python[28561]: 2026-10-01 16:27:56 INFO    Dem Nevada Governor        fv   -   (ref 0.485) inv    +0 race  +150 | bid    -        ask    -
2026-10-01T16:28:00+0000 mm-bot python[28561]: 2026-10-01 16:28:00 INFO    Rep Maine Governor         fv 0.041 (ref 0.036) inv    +0 race    +0 | bid    -        ask    -
2026-10-01T16:28:00+0000 mm-bot python[28561]: 2026-10-01 16:28:00 INFO    Rep Georgia Governor       fv   -   (ref 0.505) inv  -100 race  -250 | bid    -        ask    -
2026-10-01T16:28:08+0000 mm-bot python[28561]: 2026-10-01 16:28:08 INFO    Rep U.S. Senate            fv 0.379 (ref 0.375) inv +16361 race +16361 | bid    -        ask 0.385 x10000
2026-10-01T16:28:09+0000 mm-bot python[28561]: 2026-10-01 16:28:09 INFO    Dem U.S. House             fv 0.922 (ref 0.925) inv  +100 race  +100 | bid 0.915 x9900 ask    -
2026-10-01T16:28:25+0000 mm-bot python[28561]: 2026-10-01 16:28:25 INFO    order on 891 traded 29 immediately
2026-10-01T16:29:14+0000 mm-bot python[28561]: 2026-10-01 16:29:14 INFO    FILL ex 856  our bid x100 @ 0.515  (fv when quoted 0.51325)
2026-10-01T16:29:14+0000 mm-bot python[28561]: 2026-10-01 16:29:14 INFO    FILL ex 840  our ask x1075 @ 0.93  (fv when quoted 0.922)
2026-10-01T16:29:14+0000 mm-bot python[28561]: 2026-10-01 16:29:14 INFO    FILL ex 952  our ask x50 @ 0.95  (fv when quoted 0.9417499999999999)
2026-10-01T16:29:14+0000 mm-bot python[28561]: 2026-10-01 16:29:14 INFO    FILL ex 1048  our ? x4 @ 0.72  (fv when quoted ?)
2026-10-01T16:29:14+0000 mm-bot python[28561]: 2026-10-01 16:29:14 INFO    FILL ex 891  our ask x18 @ 0.105  (fv when quoted 0.0925)
2026-10-01T16:29:14+0000 mm-bot python[28561]: 2026-10-01 16:29:14 INFO    FILL ex 891  our ask x11 @ 0.105  (fv when quoted 0.0925)
2026-10-01T16:29:14+0000 mm-bot python[28561]: 2026-10-01 16:29:14 INFO    FILL ex 1009  our bid x100 @ 0.315  (fv when quoted 0.32825)
2026-10-01T16:29:14+0000 mm-bot python[28561]: 2026-10-01 16:29:14 INFO    FILL ex 928  our bid x100 @ 0.795  (fv when quoted 0.8127499999999999)
2026-10-01T16:29:14+0000 mm-bot python[28561]: 2026-10-01 16:29:14 INFO    FILL ex 891  our ask x11 @ 0.105  (fv when quoted 0.0925)
2026-10-01T16:29:14+0000 mm-bot python[28561]: 2026-10-01 16:29:14 INFO    FILL ex 891  our ask x8 @ 0.105  (fv when quoted 0.0925)
2026-10-01T16:29:14+0000 mm-bot python[28561]: 2026-10-01 16:29:14 INFO    realtime | account 111195 (locked in orders 10323, detecting) | worst-case loss 9382 | party delta +16497 | priced 30/237 | resting 24
2026-10-01T16:29:17+0000 mm-bot python[28561]: 2026-10-01 16:29:17 INFO    Rep WA-03 House race       fv   -   (ref 0.085) inv  -100 race  -200 | bid    -        ask    -
2026-10-01T16:29:22+0000 mm-bot python[28561]: 2026-10-01 16:29:22 INFO    Dem FL-07 House race       fv 0.328 (ref 0.335) inv  +100 race  +100 | bid 0.315 x100  ask    -
2026-10-01T16:29:22+0000 mm-bot python[28561]: 2026-10-01 16:29:22 INFO    Rep Idaho Senate           fv 0.937 (ref 0.942) inv  +375 race  +375 | bid    -        ask 0.950 x150
2026-10-01T16:29:22+0000 mm-bot python[28561]: 2026-10-01 16:29:22 INFO    Dem Arkansas Senate        fv 0.064 (ref 0.060) inv    +0 race    +0 | bid 0.065 x100  ask    -
2026-10-01T16:29:22+0000 mm-bot python[28561]: 2026-10-01 16:29:22 INFO    Rep Alabama Senate         fv 0.960 (ref 0.971) inv    +0 race    +0 | bid    -        ask 0.985 x100
2026-10-01T16:29:22+0000 mm-bot python[28561]: 2026-10-01 16:29:22 INFO    Dem Alabama Senate         fv 0.040 (ref 0.025) inv    +0 race    +0 | bid 0.030 x100  ask    -
2026-10-01T16:29:22+0000 mm-bot python[28561]: 2026-10-01 16:29:22 INFO    Rep VA-02 House race       fv 0.189 (ref 0.185) inv    +0 race    +0 | bid    -        ask 0.210 x100
2026-10-01T16:29:26+0000 mm-bot python[28561]: 2026-10-01 16:29:26 INFO    Rep TX-23 House race       fv 0.644 (ref 0.635) inv  -100 race  -200 | bid    -        ask 0.650 x100
2026-10-01T16:29:27+0000 mm-bot python[28561]: 2026-10-01 16:29:27 INFO    Dem TX-23 House race       fv 0.356 (ref 0.355) inv  +100 race  +200 | bid 0.345 x100  ask    -
2026-10-01T16:29:27+0000 mm-bot python[28561]: 2026-10-01 16:29:27 INFO    Dem PA-10 House race       fv 0.813 (ref 0.815) inv    +0 race    +0 | bid 0.795 x100  ask    -
2026-10-01T16:29:30+0000 mm-bot python[28561]: 2026-10-01 16:29:30 INFO    Rep NY-17 House race       fv   -   (ref 0.365) inv  +200 race  +300 | bid    -        ask    -
2026-10-01T16:29:41+0000 mm-bot python[28561]: 2026-10-01 16:29:41 INFO    Rep CA-22 House race       fv   -   inv  -129 race  -229 | bid    -        ask    -
2026-10-01T16:29:41+0000 mm-bot python[28561]: 2026-10-01 16:29:41 INFO    Rep Georgia Governor       fv 0.506 (ref 0.505) inv    +0 race  -150 | bid    -        ask 0.510 x100
2026-10-01T16:29:57+0000 mm-bot python[28561]: 2026-10-01 16:29:57 ERROR   batch of 10 orders failed (409 REQUEST_IN_FLIGHT: An identical request with this idempotency key is still in flight. Retry with the same key after 90 seconds.)
2026-10-01T16:30:05+0000 mm-bot python[28561]: 2026-10-01 16:30:05 ERROR   cycle failed: 409 CONFLICT: Tournament holdings cannot be valued because one or more exchanges have no valuation price.
2026-10-01T16:30:38+0000 mm-bot python[28561]: 2026-10-01 16:30:38 INFO    FILL ex 891  our ask x44 @ 0.105  (fv when quoted 0.0925)
2026-10-01T16:30:38+0000 mm-bot python[28561]: 2026-10-01 16:30:38 INFO    FILL ex 891  our ask x2 @ 0.105  (fv when quoted 0.0925)
2026-10-01T16:30:38+0000 mm-bot python[28561]: 2026-10-01 16:30:38 INFO    FILL ex 885  our ask x250 @ 0.795  (fv when quoted 0.8004384402569492)
2026-10-01T16:30:38+0000 mm-bot python[28561]: 2026-10-01 16:30:38 INFO    FILL ex 843  our ask x9487 @ 0.385  (fv when quoted 0.37875)
2026-10-01T16:30:38+0000 mm-bot python[28561]: 2026-10-01 16:30:38 INFO    FILL ex 902  our bid x100 @ 0.815  (fv when quoted 0.8234999999999999)
2026-10-01T16:30:38+0000 mm-bot python[28561]: 2026-10-01 16:30:38 INFO    FILL ex 1030  our ask x100 @ 0.915  (fv when quoted 0.91275)
2026-10-01T16:30:38+0000 mm-bot python[28561]: 2026-10-01 16:30:38 INFO    FILL ex 952  our ? x125 @ 0.95  (fv when quoted ?)
2026-10-01T16:30:38+0000 mm-bot python[28561]: 2026-10-01 16:30:38 INFO    Rep Michigan Senate        fv 0.276 (ref 0.275) inv  -196 race  +254 | bid 0.250 x400  ask 0.280 x400
2026-10-01T16:30:38+0000 mm-bot python[28561]: 2026-10-01 16:30:38 INFO    Dem WA-03 House race       fv 0.902 (ref 0.905) inv  +100 race  +200 | bid 0.890 x100  ask 0.915 x100
2026-10-01T16:30:38+0000 mm-bot python[28561]: 2026-10-01 16:30:38 INFO    Rep TN-05 House race       fv 0.914 (ref 0.915) inv  -100 race  -100 | bid 0.900 x100  ask 0.925 x100
2026-10-01T16:30:38+0000 mm-bot python[28561]: 2026-10-01 16:30:38 INFO    Dem FL-07 House race       fv 0.333 (ref 0.335) inv  +200 race  +200 | bid 0.315 x100  ask 0.345 x100
2026-10-01T16:30:39+0000 mm-bot python[28561]: 2026-10-01 16:30:39 INFO    Rep Wisconsin Governor     fv   -   (ref 0.205) inv  +300 race  +300 | bid    -        ask    -
2026-10-01T16:30:39+0000 mm-bot python[28561]: 2026-10-01 16:30:39 INFO    Dem Oregon Senate          fv 0.975 (ref 0.977) inv    +0 race    +0 | bid    -        ask 0.995 x100
2026-10-01T16:30:39+0000 mm-bot python[28561]: 2026-10-01 16:30:39 INFO    Rep Nebraska Senate        fv 0.686 (ref 0.705) inv  +250 race  +325 | bid 0.660 x250  ask    -
2026-10-01T16:30:39+0000 mm-bot python[28561]: 2026-10-01 16:30:39 INFO    Rep Maine Senate           fv 0.409 (ref 0.405) inv  -500 race  +100 | bid 0.385 x500  ask 0.420 x500
2026-10-01T16:30:42+0000 mm-bot python[28561]: 2026-10-01 16:30:42 INFO    Rep Idaho Senate           fv 0.937 (ref 0.942) inv  +250 race  +250 | bid 0.900 x150  ask 0.950 x150
2026-10-01T16:30:42+0000 mm-bot python[28561]: 2026-10-01 16:30:42 INFO    Dem Georgia Senate         fv 0.967 (ref 0.970) inv    +0 race    +0 | bid    -        ask 0.985 x150
2026-10-01T16:30:42+0000 mm-bot python[28561]: 2026-10-01 16:30:42 INFO    Rep Colorado Senate        fv 0.021 (ref 0.018) inv    +0 race    +0 | bid 0.005 x100  ask    -
2026-10-01T16:30:42+0000 mm-bot python[28561]: 2026-10-01 16:30:42 INFO    Dem Colorado Senate        fv 0.979 (ref 0.980) inv    +0 race    +0 | bid    -        ask 0.995 x100
2026-10-01T16:30:42+0000 mm-bot python[28561]: 2026-10-01 16:30:42 INFO    Rep Arkansas Senate        fv 0.936 (ref 0.937) inv    +0 race    +0 | bid 0.915 x100  ask 0.940 x100
2026-10-01T16:30:45+0000 mm-bot python[28561]: 2026-10-01 16:30:45 INFO    Dem Arkansas Senate        fv 0.064 (ref 0.060) inv    +0 race    +0 | bid 0.060 x100  ask 0.085 x100
2026-10-01T16:30:45+0000 mm-bot python[28561]: 2026-10-01 16:30:45 INFO    Rep Alabama Senate         fv 0.960 (ref 0.971) inv    +0 race    +0 | bid    -        ask 0.985 x100
2026-10-01T16:30:45+0000 mm-bot python[28561]: 2026-10-01 16:30:45 INFO    Dem Alabama Senate         fv 0.040 (ref 0.025) inv    +0 race    +0 | bid 0.030 x100  ask    -
2026-10-01T16:30:45+0000 mm-bot python[28561]: 2026-10-01 16:30:45 INFO    Rep VA-02 House race       fv 0.189 (ref 0.185) inv    +0 race    +0 | bid 0.170 x100  ask 0.210 x100
2026-10-01T16:30:45+0000 mm-bot python[28561]: 2026-10-01 16:30:45 INFO    Rep TX-23 House race       fv 0.644 (ref 0.635) inv  -100 race  -200 | bid 0.630 x100  ask 0.655 x100
2026-10-01T16:30:45+0000 mm-bot python[28561]: 2026-10-01 16:30:45 INFO    Dem TX-23 House race       fv 0.356 (ref 0.355) inv  +100 race  +200 | bid 0.345 x100  ask 0.370 x100
2026-10-01T16:30:45+0000 mm-bot python[28561]: 2026-10-01 16:30:45 INFO    Rep SC-01 House race       fv 0.731 (ref 0.735) inv    +0 race    +0 | bid 0.715 x100  ask 0.740 x100
2026-10-01T16:30:48+0000 mm-bot python[28561]: 2026-10-01 16:30:48 INFO    Dem SC-01 House race       fv 0.269 (ref 0.265) inv    +0 race    +0 | bid 0.260 x100  ask 0.285 x100
2026-10-01T16:30:48+0000 mm-bot python[28561]: 2026-10-01 16:30:48 INFO    Dem PA-10 House race       fv 0.809 (ref 0.815) inv  +100 race  +100 | bid 0.795 x100  ask 0.825 x100
2026-10-01T16:30:48+0000 mm-bot python[28561]: 2026-10-01 16:30:48 INFO    Dem PA-07 House race       fv 0.845 (ref 0.845) inv  +200 race  +300 | bid 0.830 x100  ask 0.855 x100
2026-10-01T16:30:48+0000 mm-bot python[28561]: 2026-10-01 16:30:48 INFO    Dem PA-01 House race       fv 0.335 (ref 0.335) inv  +189 race  +189 | bid 0.320 x100  ask 0.350 x100
2026-10-01T16:30:48+0000 mm-bot python[28561]: 2026-10-01 16:30:48 INFO    Dem MT-01 House race       fv 0.323 (ref 0.325) inv    +0 race    +0 | bid 0.310 x100  ask 0.340 x100
2026-10-01T16:30:48+0000 mm-bot python[28561]: 2026-10-01 16:30:48 INFO    Dem IA-01 House race       fv 0.823 (ref 0.825) inv  +200 race  +300 | bid 0.810 x100  ask 0.835 x100
2026-10-01T16:30:52+0000 mm-bot python[28561]: 2026-10-01 16:30:52 INFO    Rep CO-03 House race       fv 0.732 (ref 0.740) inv  +100 race  +100 | bid 0.695 x100  ask 0.735 x100
2026-10-01T16:30:52+0000 mm-bot python[28561]: 2026-10-01 16:30:52 INFO    Rep CA-22 House race       fv 0.097 inv  -194 race  -294 | bid 0.085 x100  ask 0.110 x100
2026-10-01T16:30:52+0000 mm-bot python[28561]: 2026-10-01 16:30:52 INFO    Dem CA-22 House race       fv 0.903 inv  +100 race  +294 | bid 0.890 x100  ask 0.920 x100
2026-10-01T16:30:52+0000 mm-bot python[28561]: 2026-10-01 16:30:52 INFO    Rep AZ-06 House race       fv 0.173 (ref 0.175) inv    +0 race  -100 | bid 0.155 x100  ask 0.180 x100
2026-10-01T16:30:52+0000 mm-bot python[28561]: 2026-10-01 16:30:52 INFO    Dem AZ-06 House race       fv 0.828 (ref 0.825) inv  +100 race  +100 | bid 0.820 x100  ask 0.850 x100
2026-10-01T16:30:52+0000 mm-bot python[28561]: 2026-10-01 16:30:52 INFO    Rep Texas Governor         fv 0.800 (ref 0.813) inv    +0 race    +0 | bid 0.780 x250  ask 0.805 x100
2026-10-01T16:31:04+0000 mm-bot python[28561]: 2026-10-01 16:31:04 INFO    Dem Texas Governor         fv 0.200 (ref 0.195) inv    +0 race    +0 | bid 0.195 x100  ask 0.225 x200
2026-10-01T16:31:04+0000 mm-bot python[28561]: 2026-10-01 16:31:04 INFO    Dem Illinois Governor      fv 0.974 (ref 0.979) inv    +0 race    +0 | bid    -        ask 0.995 x100
2026-10-01T16:31:04+0000 mm-bot python[28561]: 2026-10-01 16:31:04 INFO    Rep Georgia Governor       fv 0.506 (ref 0.505) inv    +0 race  -150 | bid 0.490 x100  ask 0.515 x100
2026-10-01T16:31:17+0000 mm-bot python[28561]: 2026-10-01 16:31:17 INFO    Rep U.S. Senate            fv 0.379 (ref 0.375) inv +6874 race +6874 | bid 0.155 x3126 ask 0.385 x10000
2026-10-01T16:31:17+0000 mm-bot python[28561]: 2026-10-01 16:31:17 INFO    Dem U.S. House             fv 0.923 (ref 0.925) inv  -975 race  -975 | bid 0.920 x10000 ask 0.970 x9025
2026-10-01T16:31:33+0000 mm-bot python[28561]: 2026-10-01 16:31:33 ERROR   batch of 20 orders failed (409 REQUEST_IN_FLIGHT: An identical request with this idempotency key is still in flight. Retry with the same key after 90 seconds.)
2026-10-01T16:32:06+0000 mm-bot python[28561]: 2026-10-01 16:32:06 ERROR   batch of 16 orders failed (409 REQUEST_IN_FLIGHT: An identical request with this idempotency key is still in flight. Retry with the same key after 90 seconds.)
2026-10-01T16:32:21+0000 mm-bot python[28561]: 2026-10-01 16:32:21 INFO    size plan: 37 markets quoted, locking up to 59,780 (cap 60000), 33 changed, tournament trades weigh 0% | biggest: Rep U.S. Senate 10,000, Dem U.S. House 10,000, Rep Michigan Senate 2,000, Rep TN-05 House race 2,000, Dem FL-07 House race 2,000, Dem Oregon Senate 2,000
2026-10-01T16:32:22+0000 mm-bot python[28561]: 2026-10-01 16:32:22 INFO    FILL ex 1048  our ? x31 @ 0.72  (fv when quoted ?)
2026-10-01T16:32:22+0000 mm-bot python[28561]: 2026-10-01 16:32:22 INFO    FILL ex 1048  our ? x31 @ 0.72  (fv when quoted ?)
2026-10-01T16:32:22+0000 mm-bot python[28561]: 2026-10-01 16:32:22 INFO    FILL ex 1048  our ? x5 @ 0.72  (fv when quoted ?)
2026-10-01T16:32:22+0000 mm-bot python[28561]: 2026-10-01 16:32:22 INFO    FILL ex 902  our bid x100 @ 0.81  (fv when quoted 0.8234999999999999)
2026-10-01T16:32:22+0000 mm-bot python[28561]: 2026-10-01 16:32:22 INFO    FILL ex 1009  our ? x6 @ 0.315  (fv when quoted ?)
2026-10-01T16:32:22+0000 mm-bot python[28561]: 2026-10-01 16:32:22 INFO    FILL ex 952  our ? x150 @ 0.95  (fv when quoted ?)
2026-10-01T16:32:22+0000 mm-bot python[28561]: 2026-10-01 16:32:22 INFO    realtime | account 111710 (locked in orders 10878, detecting) | worst-case loss 5809 | party delta +6003 | priced 37/237 | resting 38
2026-10-01T16:32:22+0000 mm-bot python[28561]: 2026-10-01 16:32:22 INFO    Rep Michigan Senate        fv 0.274 (ref 0.275) inv  -263 race  +187 | bid 0.250 x2000 ask    -
2026-10-01T16:32:23+0000 mm-bot python[28561]: 2026-10-01 16:32:23 INFO    Dem WA-03 House race       fv   -   (ref 0.905) inv  +100 race  +200 | bid    -        ask    -
2026-10-01T16:32:23+0000 mm-bot python[28561]: 2026-10-01 16:32:23 INFO    Rep TN-05 House race       fv 0.914 (ref 0.915) inv  -100 race  -100 | bid 0.900 x2000 ask 0.925 x2000
2026-10-01T16:32:25+0000 mm-bot python[28561]: 2026-10-01 16:32:25 INFO    Dem FL-07 House race       fv 0.333 (ref 0.335) inv  +200 race  +200 | bid 0.315 x2000 ask 0.345 x1306
2026-10-01T16:32:25+0000 mm-bot python[28561]: 2026-10-01 16:32:25 INFO    Dem Oregon Senate          fv 0.977 (ref 0.980) inv    +0 race    +0 | bid    -        ask 0.995 x2000
2026-10-01T16:32:31+0000 mm-bot python[28561]: 2026-10-01 16:32:31 INFO    Rep Maine Senate           fv 0.409 (ref 0.405) inv  -500 race  +100 | bid 0.385 x2000 ask 0.420 x1039
2026-10-01T16:32:31+0000 mm-bot python[28561]: 2026-10-01 16:32:31 INFO    Rep Kentucky Senate        fv 0.954 (ref 0.964) inv    +0 race    +0 | bid    -        ask 0.960 x100
2026-10-01T16:32:31+0000 mm-bot python[28561]: 2026-10-01 16:32:31 INFO    Rep Illinois Senate        fv 0.025 (ref 0.024) inv    +0 race    +0 | bid 0.005 x2000 ask    -
2026-10-01T16:32:31+0000 mm-bot python[28561]: 2026-10-01 16:32:31 INFO    Dem Illinois Senate        fv 0.975 (ref 0.978) inv    +0 race    +0 | bid    -        ask 0.995 x2000
2026-10-01T16:32:31+0000 mm-bot python[28561]: 2026-10-01 16:32:31 INFO    Rep Idaho Senate           fv 0.976 (ref 0.942) inv  +250 race  +250 | bid    -        ask 0.975 x2000
2026-10-01T16:32:31+0000 mm-bot python[28561]: 2026-10-01 16:32:31 INFO    Dem Idaho Senate           fv 0.024 (ref 0.001) inv    +0 race  -250 | bid 0.010 x2000 ask    -
2026-10-01T16:32:31+0000 mm-bot python[28561]: 2026-10-01 16:32:31 INFO    Rep Iowa Senate            fv 0.586 (ref 0.585) inv    +0 race    +0 | bid 0.570 x1529 ask 0.595 x1037
2026-10-01T16:32:31+0000 mm-bot python[28561]: 2026-10-01 16:32:31 INFO    Dem Iowa Senate            fv 0.414 (ref 0.415) inv    +0 race    +0 | bid 0.405 x1037 ask 0.430 x1529
2026-10-01T16:32:31+0000 mm-bot python[28561]: 2026-10-01 16:32:31 INFO    Dem Georgia Senate         fv 0.967 (ref 0.970) inv    +0 race    +0 | bid    -        ask 0.985 x2000
2026-10-01T16:32:31+0000 mm-bot python[28561]: 2026-10-01 16:32:31 INFO    Rep Colorado Senate        fv 0.021 (ref 0.018) inv    +0 race    +0 | bid 0.005 x2000 ask    -
2026-10-01T16:32:31+0000 mm-bot python[28561]: 2026-10-01 16:32:31 INFO    Dem Colorado Senate        fv 0.979 (ref 0.980) inv    +0 race    +0 | bid    -        ask 0.995 x2000
2026-10-01T16:32:31+0000 mm-bot python[28561]: 2026-10-01 16:32:31 INFO    Rep Arkansas Senate        fv 0.936 (ref 0.937) inv    +0 race    +0 | bid 0.915 x2000 ask 0.940 x1329
2026-10-01T16:32:31+0000 mm-bot python[28561]: 2026-10-01 16:32:31 INFO    Dem Arkansas Senate        fv 0.064 (ref 0.060) inv    +0 race    +0 | bid 0.060 x221  ask 0.085 x2000
2026-10-01T16:32:32+0000 mm-bot python[28561]: 2026-10-01 16:32:32 INFO    Rep Alabama Senate         fv 0.960 (ref 0.970) inv    +0 race    +0 | bid    -        ask 0.985 x2000
2026-10-01T16:32:33+0000 mm-bot python[28561]: 2026-10-01 16:32:33 INFO    Dem Alabama Senate         fv 0.040 (ref 0.025) inv    +0 race    +0 | bid 0.030 x2000 ask    -
2026-10-01T16:32:33+0000 mm-bot python[28561]: 2026-10-01 16:32:33 INFO    Rep VA-02 House race       fv 0.189 (ref 0.185) inv    +0 race    +0 | bid 0.170 x2000 ask 0.210 x2000
2026-10-01T16:32:34+0000 mm-bot python[28561]: 2026-10-01 16:32:34 INFO    Rep TX-23 House race       fv 0.644 (ref 0.635) inv  -100 race  -200 | bid 0.630 x636  ask 0.655 x2000
2026-10-01T16:32:34+0000 mm-bot python[28561]: 2026-10-01 16:32:34 INFO    Dem TX-23 House race       fv 0.356 (ref 0.355) inv  +100 race  +200 | bid 0.345 x1006 ask 0.370 x1708
2026-10-01T16:32:35+0000 mm-bot python[28561]: 2026-10-01 16:32:35 INFO    Rep SC-01 House race       fv 0.731 (ref 0.735) inv    +0 race    +0 | bid 0.715 x2000 ask 0.740 x649
2026-10-01T16:32:35+0000 mm-bot python[28561]: 2026-10-01 16:32:35 INFO    Dem SC-01 House race       fv 0.269 (ref 0.265) inv    +0 race    +0 | bid 0.260 x649  ask 0.285 x2000
2026-10-01T16:32:36+0000 mm-bot python[28561]: 2026-10-01 16:32:36 INFO    Dem PA-10 House race       fv 0.809 (ref 0.815) inv  +100 race  +100 | bid 0.795 x2000 ask 0.825 x1831
2026-10-01T16:32:36+0000 mm-bot python[28561]: 2026-10-01 16:32:36 INFO    Dem PA-07 House race       fv 0.845 (ref 0.845) inv  +200 race  +300 | bid 0.830 x2000 ask 0.855 x2000
2026-10-01T16:32:40+0000 mm-bot python[28561]: 2026-10-01 16:32:40 INFO    Dem PA-01 House race       fv   -   (ref 0.335) inv  +189 race  +189 | bid    -        ask    -
2026-10-01T16:32:43+0000 mm-bot python[28561]: 2026-10-01 16:32:43 INFO    Dem MT-01 House race       fv 0.323 (ref 0.325) inv    +0 race    +0 | bid 0.310 x1753 ask 0.340 x1671
2026-10-01T16:32:44+0000 mm-bot python[28561]: 2026-10-01 16:32:44 INFO    Dem IA-01 House race       fv 0.826 (ref 0.825) inv  +300 race  +400 | bid 0.805 x2000 ask 0.830 x1185
2026-10-01T16:32:46+0000 mm-bot python[28561]: 2026-10-01 16:32:46 INFO    Rep CO-03 House race       fv   -   (ref 0.740) inv  +100 race  +100 | bid    -        ask    -
2026-10-01T16:32:46+0000 mm-bot python[28561]: 2026-10-01 16:32:46 INFO    Dem CA-22 House race       fv 0.903 inv  +100 race  +294 | bid 0.890 x100  ask 0.920 x100
2026-10-01T16:32:46+0000 mm-bot python[28561]: 2026-10-01 16:32:46 INFO    Rep AZ-06 House race       fv 0.173 (ref 0.175) inv    +0 race  -100 | bid 0.155 x2000 ask 0.180 x846
2026-10-01T16:32:46+0000 mm-bot python[28561]: 2026-10-01 16:32:46 INFO    Rep Texas Governor         fv 0.806 (ref 0.814) inv    +0 race    +0 | bid 0.785 x2000 ask 0.810 x100
2026-10-01T16:32:46+0000 mm-bot python[28561]: 2026-10-01 16:32:46 INFO    Dem New Mexico Governor    fv 0.953 (ref 0.960) inv    +0 race    +0 | bid    -        ask 0.970 x2000
2026-10-01T16:32:46+0000 mm-bot python[28561]: 2026-10-01 16:32:46 INFO    Dem Illinois Governor      fv 0.974 (ref 0.979) inv    +0 race    +0 | bid    -        ask 0.995 x2000
2026-10-01T16:32:46+0000 mm-bot python[28561]: 2026-10-01 16:32:46 INFO    Rep Georgia Governor       fv 0.506 (ref 0.505) inv    +0 race  -150 | bid 0.490 x1500 ask 0.515 x1000
2026-10-01T16:32:46+0000 mm-bot python[28561]: 2026-10-01 16:32:46 INFO    Rep U.S. Senate            fv 0.379 (ref 0.375) inv +6874 race +6874 | bid 0.155 x3126 ask 0.385 x10000
2026-10-01T16:32:46+0000 mm-bot python[28561]: 2026-10-01 16:32:46 INFO    Dem U.S. House             fv 0.923 (ref 0.925) inv  -975 race  -975 | bid 0.920 x10000 ask 0.970 x9025
2026-10-01T16:33:01+0000 mm-bot python[28561]: 2026-10-01 16:33:01 ERROR   batch of 20 orders failed (409 REQUEST_IN_FLIGHT: An identical request with this idempotency key is still in flight. Retry with the same key after 90 seconds.)
2026-10-01T16:33:11+0000 mm-bot python[28561]: 2026-10-01 16:33:11 INFO    order on 934 traded 1006 immediately
2026-10-01T16:33:28+0000 mm-bot python[28561]: 2026-10-01 16:33:28 ERROR   batch of 16 orders failed (409 REQUEST_IN_FLIGHT: An identical request with this idempotency key is still in flight. Retry with the same key after 90 seconds.)
2026-10-01T16:33:53+0000 mm-bot python[28561]: 2026-10-01 16:33:53 INFO    FILL ex 941  our bid x1997 @ 0.03  (fv when quoted 0.039516056732214755)
2026-10-01T16:33:53+0000 mm-bot python[28561]: 2026-10-01 16:33:53 INFO    FILL ex 934  our bid x1006 @ 0.345  (fv when quoted 0.3555691366281528)
2026-10-01T16:33:53+0000 mm-bot python[28561]: 2026-10-01 16:33:53 INFO    FILL ex 931  our ask x649 @ 0.74  (fv when quoted 0.7313316831683168)
2026-10-01T16:33:53+0000 mm-bot python[28561]: 2026-10-01 16:33:53 INFO    FILL ex 885  our ? x100 @ 0.19499999999999995  (fv when quoted ?)
2026-10-01T16:33:53+0000 mm-bot python[28561]: 2026-10-01 16:33:53 INFO    FILL ex 884  our ? x100 @ 0.195  (fv when quoted ?)
2026-10-01T16:33:53+0000 mm-bot python[28561]: 2026-10-01 16:33:53 INFO    realtime | account 128674 (locked in orders 27879, detecting) | worst-case loss 6310 | party delta +1995 | priced 40/237 | resting 39
2026-10-01T16:33:57+0000 mm-bot python[28561]: 2026-10-01 16:33:57 INFO    Rep Nebraska Senate        fv   -   (ref 0.705) inv  +250 race  +325 | bid    -        ask    -
2026-10-01T16:33:57+0000 mm-bot python[28561]: 2026-10-01 16:33:57 INFO    Dem Montana Senate         fv 0.004 (ref 0.002) inv    +0 race    +0 | bid 0.005 x100  ask    -
2026-10-01T16:33:57+0000 mm-bot python[28561]: 2026-10-01 16:33:57 INFO    Rep Mississippi Senate     fv 0.914 (ref 0.915) inv    +0 race    +0 | bid 0.900 x100  ask 0.925 x100
2026-10-01T16:33:57+0000 mm-bot python[28561]: 2026-10-01 16:33:57 INFO    Rep Louisiana Senate       fv 0.931 (ref 0.935) inv    +0 race    +0 | bid 0.915 x100  ask 0.945 x100
2026-10-01T16:33:57+0000 mm-bot python[28561]: 2026-10-01 16:33:57 INFO    Dem Louisiana Senate       fv 0.069 (ref 0.065) inv    +0 race    +0 | bid 0.060 x100  ask 0.095 x100
2026-10-01T16:33:59+0000 mm-bot python[28561]: 2026-10-01 16:33:59 INFO    Rep Arkansas Senate        fv 0.936 (ref 0.937) inv    +0 race    +0 | bid 0.920 x2000 ask 0.945 x2000
2026-10-01T16:34:01+0000 mm-bot python[28561]: 2026-10-01 16:34:01 INFO    Dem Arkansas Senate        fv 0.064 (ref 0.060) inv    +0 race    +0 | bid 0.055 x2000 ask 0.080 x2000
2026-10-01T16:34:04+0000 mm-bot python[28561]: 2026-10-01 16:34:04 INFO    realtime: missed message(s) on user:6c996168-fbca-415e-bb62-04b8bcaa95f3 - full resync next cycle
2026-10-01T16:34:04+0000 mm-bot python[28561]: 2026-10-01 16:34:04 INFO    realtime: missed message(s) on user:6c996168-fbca-415e-bb62-04b8bcaa95f3 - full resync next cycle
2026-10-01T16:34:05+0000 mm-bot python[28561]: 2026-10-01 16:34:05 INFO    Rep Alabama Senate         fv 0.963 (ref 0.970) inv    +0 race -1997 | bid    -        ask 0.995 x2000
2026-10-01T16:34:05+0000 mm-bot python[28561]: 2026-10-01 16:34:05 INFO    Dem Alabama Senate         fv 0.037 (ref 0.025) inv +1997 race +1997 | bid 0.005 x1003 ask 0.030 x1997
2026-10-01T16:34:06+0000 mm-bot python[28561]: 2026-10-01 16:34:06 INFO    realtime: missed message(s) on user:6c996168-fbca-415e-bb62-04b8bcaa95f3 - full resync next cycle
2026-10-01T16:34:06+0000 mm-bot python[28561]: 2026-10-01 16:34:06 INFO    Rep VA-02 House race       fv 0.189 (ref 0.185) inv    +0 race    +0 | bid 0.175 x1731 ask 0.210 x2000
2026-10-01T16:34:07+0000 mm-bot python[28561]: 2026-10-01 16:34:07 INFO    Rep TX-23 House race       fv 0.644 (ref 0.635) inv  -100 race -1206 | bid 0.635 x200  ask 0.690 x2000
2026-10-01T16:34:07+0000 mm-bot python[28561]: 2026-10-01 16:34:07 INFO    Dem TX-23 House race       fv 0.356 (ref 0.355) inv +1106 race +1206 | bid 0.310 x2000 ask 0.345 x1206
2026-10-01T16:34:17+0000 mm-bot python[28561]: 2026-10-01 16:34:17 INFO    Rep SC-01 House race       fv 0.731 (ref 0.735) inv  -649 race  -649 | bid 0.725 x1902 ask 0.760 x2000
2026-10-01T16:34:18+0000 mm-bot python[28561]: 2026-10-01 16:34:18 INFO    Dem SC-01 House race       fv 0.269 (ref 0.265) inv    +0 race  +649 | bid 0.240 x2000 ask 0.285 x2000
2026-10-01T16:34:19+0000 mm-bot python[28561]: 2026-10-01 16:34:19 INFO    Dem PA-10 House race       fv 0.809 (ref 0.815) inv  +100 race  +100 | bid 0.795 x2000 ask 0.820 x946
2026-10-01T16:34:21+0000 mm-bot python[28561]: 2026-10-01 16:34:21 INFO    Dem PA-07 House race       fv 0.845 (ref 0.845) inv  +200 race  +300 | bid 0.825 x2000 ask 0.855 x2000
2026-10-01T16:34:29+0000 mm-bot python[28561]: 2026-10-01 16:34:29 INFO    Rep CA-22 House race       fv 0.097 inv  -194 race  -294 | bid 0.090 x100  ask 0.115 x100
2026-10-01T16:34:36+0000 mm-bot python[28561]: 2026-10-01 16:34:36 INFO    Dem AZ-06 House race       fv   -   (ref 0.825) inv  +100 race  +100 | bid    -        ask    -
2026-10-01T16:34:41+0000 mm-bot python[28561]: 2026-10-01 16:34:41 INFO    Dem Texas Governor         fv 0.195 (ref 0.195) inv  +100 race  +200 | bid 0.180 x100  ask 0.205 x100
2026-10-01T16:34:54+0000 mm-bot python[28561]: 2026-10-01 16:34:54 INFO    order on 941 traded 126 immediately
2026-10-01T16:35:26+0000 mm-bot python[28561]: 2026-10-01 16:35:26 INFO    FILL ex 891  our bid x100 @ 0.085  (fv when quoted 0.09701492537313434)
2026-10-01T16:35:26+0000 mm-bot python[28561]: 2026-10-01 16:35:26 INFO    FILL ex 885  our ? x6 @ 0.18999999999999995  (fv when quoted ?)
2026-10-01T16:35:26+0000 mm-bot python[28561]: 2026-10-01 16:35:26 INFO    FILL ex 885  our ? x53 @ 0.18999999999999995  (fv when quoted ?)
2026-10-01T16:35:26+0000 mm-bot python[28561]: 2026-10-01 16:35:26 INFO    FILL ex 941  our ask x126 @ 0.03  (fv when quoted 0.03720059565593764)
2026-10-01T16:35:26+0000 mm-bot python[28561]: 2026-10-01 16:35:26 INFO    realtime | account 135491 (locked in orders 34727, detecting) | worst-case loss 6227 | party delta +2162 | priced 45/237 | resting 56
2026-10-01T16:35:26+0000 mm-bot python[28561]: 2026-10-01 16:35:26 INFO    Rep Michigan Senate        fv 0.274 (ref 0.275) inv  -263 race  +187 | bid 0.255 x2000 ask 0.280 x357
2026-10-01T16:35:26+0000 mm-bot python[28561]: 2026-10-01 16:35:26 INFO    Dem Florida Senate         fv 0.088 (ref 0.080) inv    +0 race  +150 | bid 0.075 x100  ask 0.120 x100
2026-10-01T16:35:27+0000 mm-bot python[28561]: 2026-10-01 16:35:27 INFO    Rep TN-05 House race       fv 0.914 (ref 0.915) inv  -100 race  -100 | bid 0.900 x2000 ask 0.930 x2000
2026-10-01T16:35:27+0000 mm-bot python[28561]: 2026-10-01 16:35:27 INFO    Dem FL-07 House race       fv 0.331 (ref 0.335) inv  +206 race  +206 | bid 0.315 x2000 ask 0.340 x763
2026-10-01T16:35:27+0000 mm-bot python[28561]: 2026-10-01 16:35:27 INFO    Dem New Jersey Senate      fv 0.973 (ref 0.972) inv    +0 race    +0 | bid    -        ask 0.990 x100
2026-10-01T16:35:27+0000 mm-bot python[28561]: 2026-10-01 16:35:27 INFO    Rep North Carolina Senate  fv 0.041 (ref 0.045) inv    +0 race    +0 | bid 0.010 x100  ask    -
2026-10-01T16:35:27+0000 mm-bot python[28561]: 2026-10-01 16:35:27 INFO    Ind Montana Senate         fv 0.081 (ref 0.086) inv    +0 race    +0 | bid 0.070 x100  ask 0.095 x100
2026-10-01T16:35:27+0000 mm-bot python[28561]: 2026-10-01 16:35:27 INFO    Rep Montana Senate         fv 0.915 (ref 0.915) inv    +0 race    +0 | bid 0.900 x100  ask 0.925 x100
2026-10-01T16:35:27+0000 mm-bot python[28561]: 2026-10-01 16:35:27 INFO    Rep Maine Senate           fv 0.409 (ref 0.405) inv  -500 race  +100 | bid 0.390 x2000 ask 0.420 x1039
2026-10-01T16:35:27+0000 mm-bot python[28561]: 2026-10-01 16:35:27 INFO    Rep Kentucky Senate        fv 0.954 (ref 0.964) inv    +0 race    +0 | bid    -        ask 0.965 x370
2026-10-01T16:35:27+0000 mm-bot python[28561]: 2026-10-01 16:35:27 INFO    Rep Illinois Senate        fv 0.025 (ref 0.024) inv    +0 race    +0 | bid 0.010 x2000 ask    -
2026-10-01T16:35:27+0000 mm-bot python[28561]: 2026-10-01 16:35:27 INFO    Dem Illinois Senate        fv 0.975 (ref 0.978) inv    +0 race    +0 | bid    -        ask 0.990 x2000
2026-10-01T16:35:31+0000 mm-bot python[28561]: 2026-10-01 16:35:31 INFO    Rep Idaho Senate           fv 0.976 (ref 0.942) inv  +100 race  +100 | bid    -        ask 0.985 x2000
2026-10-01T16:35:31+0000 mm-bot python[28561]: 2026-10-01 16:35:31 INFO    Dem Idaho Senate           fv 0.024 (ref 0.001) inv    +0 race  -100 | bid 0.010 x2000 ask    -
2026-10-01T16:35:31+0000 mm-bot python[28561]: 2026-10-01 16:35:31 INFO    Rep Iowa Senate            fv 0.586 (ref 0.585) inv    +0 race    +0 | bid 0.570 x1529 ask 0.595 x1037
2026-10-01T16:35:31+0000 mm-bot python[28561]: 2026-10-01 16:35:31 INFO    Dem Iowa Senate            fv 0.414 (ref 0.415) inv    +0 race    +0 | bid 0.405 x1037 ask 0.430 x1529
2026-10-01T16:35:31+0000 mm-bot python[28561]: 2026-10-01 16:35:31 INFO    Dem Georgia Senate         fv 0.967 (ref 0.970) inv    +0 race    +0 | bid    -        ask 0.980 x2000
2026-10-01T16:35:34+0000 mm-bot python[28561]: 2026-10-01 16:35:34 INFO    Rep Colorado Senate        fv 0.021 (ref 0.018) inv    +0 race    +0 | bid 0.005 x2000 ask    -
2026-10-01T16:35:34+0000 mm-bot python[28561]: 2026-10-01 16:35:34 INFO    Dem Colorado Senate        fv 0.979 (ref 0.980) inv    +0 race    +0 | bid    -        ask 0.995 x2000
2026-10-01T16:35:35+0000 mm-bot python[28561]: 2026-10-01 16:35:35 INFO    Rep Alabama Senate         fv   -   (ref 0.970) inv    +0 race -1871 | bid    -        ask    -
2026-10-01T16:35:35+0000 mm-bot python[28561]: 2026-10-01 16:35:35 INFO    Rep CA-22 House race       fv 0.097 inv   -94 race  -194 | bid 0.090 x100  ask 0.115 x100
2026-10-01T16:35:35+0000 mm-bot python[28561]: 2026-10-01 16:35:35 INFO    Dem CA-22 House race       fv 0.903 inv  +100 race  +194 | bid 0.885 x100  ask 0.920 x100
2026-10-01T16:35:39+0000 mm-bot python[28561]: 2026-10-01 16:35:39 INFO    Rep Texas Governor         fv 0.805 (ref 0.814) inv  -159 race  -259 | bid 0.795 x2000 ask 0.825 x1832
2026-10-01T16:35:42+0000 mm-bot python[28561]: 2026-10-01 16:35:42 INFO    Dem Texas Governor         fv 0.195 (ref 0.195) inv  +100 race  +259 | bid 0.175 x100  ask 0.200 x100
2026-10-01T16:35:42+0000 mm-bot python[28561]: 2026-10-01 16:35:42 INFO    Rep Maryland Governor      fv 0.021 (ref 0.015) inv    +0 race    +0 | bid 0.005 x100  ask    -
2026-10-01T16:35:42+0000 mm-bot python[28561]: 2026-10-01 16:35:42 INFO    Dem Maryland Governor      fv 0.979 (ref 0.966) inv    +0 race    +0 | bid    -        ask 0.995 x100
2026-10-01T16:35:54+0000 mm-bot python[28561]: 2026-10-01 16:35:54 INFO    Dem Illinois Governor      fv 0.974 (ref 0.979) inv    +0 race    +0 | bid    -        ask 0.990 x2000
2026-10-01T16:35:54+0000 mm-bot python[28561]: 2026-10-01 16:35:54 INFO    Rep Georgia Governor       fv   -   (ref 0.505) inv    +0 race  -150 | bid    -        ask    -
2026-10-01T16:35:54+0000 mm-bot python[28561]: 2026-10-01 16:35:54 INFO    Rep Arkansas Governor      fv 0.962 (ref 0.968) inv    +0 race    +0 | bid    -        ask 0.975 x100
2026-10-01T16:35:54+0000 mm-bot python[28561]: 2026-10-01 16:35:54 INFO    Rep U.S. Senate            fv 0.379 (ref 0.375) inv +6874 race +6874 | bid 0.160 x3126 ask 0.385 x10000
2026-10-01T16:35:55+0000 mm-bot python[28561]: 2026-10-01 16:35:55 INFO    Dem U.S. House             fv   -   (ref 0.925) inv  -975 race  -975 | bid    -        ask    -
2026-10-01T16:36:12+0000 mm-bot python[28561]: 2026-10-01 16:36:12 ERROR   batch of 20 orders failed (409 REQUEST_IN_FLIGHT: An identical request with this idempotency key is still in flight. Retry with the same key after 90 seconds.)
2026-10-01T16:36:21+0000 mm-bot python[28561]: 2026-10-01 16:36:21 INFO    realtime: missed message(s) on user:6c996168-fbca-415e-bb62-04b8bcaa95f3 - full resync next cycle
2026-10-01T16:36:21+0000 mm-bot python[28561]: 2026-10-01 16:36:21 INFO    realtime: missed message(s) on user:6c996168-fbca-415e-bb62-04b8bcaa95f3 - full resync next cycle
2026-10-01T16:36:22+0000 mm-bot python[28561]: 2026-10-01 16:36:22 INFO    realtime: missed message(s) on user:6c996168-fbca-415e-bb62-04b8bcaa95f3 - full resync next cycle
2026-10-01T16:36:31+0000 mm-bot python[28561]: 2026-10-01 16:36:31 ERROR   batch of 16 orders failed (409 REQUEST_IN_FLIGHT: An identical request with this idempotency key is still in flight. Retry with the same key after 90 seconds.)
2026-10-01T16:36:50+0000 mm-bot python[28561]: 2026-10-01 16:36:50 INFO    Tracking 237 exchanges in 117 races
2026-10-01T16:37:30+0000 mm-bot python[28561]: 2026-10-01 16:37:30 INFO    FILL ex 944  our ask x2000 @ 0.945  (fv when quoted 0.9359498228599802)
2026-10-01T16:37:30+0000 mm-bot python[28561]: 2026-10-01 16:37:30 INFO    FILL ex 931  our ask x1850 @ 0.76  (fv when quoted 0.7313316831683168)
2026-10-01T16:37:30+0000 mm-bot python[28561]: 2026-10-01 16:37:30 INFO    FILL ex 1048  our ? x357 @ 0.72  (fv when quoted ?)
2026-10-01T16:37:30+0000 mm-bot python[28561]: 2026-10-01 16:37:30 INFO    FILL ex 960  our ? x1039 @ 0.5800000000000001  (fv when quoted ?)
2026-10-01T16:37:30+0000 mm-bot python[28561]: 2026-10-01 16:37:30 INFO    realtime | account 134028 (locked in orders 33785, detecting) | worst-case loss 6899 | party delta -2045 | priced 50/237 | resting 71
2026-10-01T16:37:30+0000 mm-bot python[28561]: 2026-10-01 16:37:30 INFO    Rep Michigan Senate        fv 0.276 (ref 0.275) inv  -620 race  -170 | bid 0.270 x1254 ask 0.295 x1784
2026-10-01T16:37:43+0000 mm-bot python[28561]: 2026-10-01 16:37:43 INFO    Dem Florida Senate         fv 0.088 (ref 0.080) inv    +0 race  +150 | bid 0.070 x100  ask 0.120 x100
2026-10-01T16:37:44+0000 mm-bot python[28561]: 2026-10-01 16:37:44 INFO    Dem FL-07 House race       fv 0.331 (ref 0.335) inv  +206 race  +206 | bid 0.310 x2000 ask 0.335 x306
2026-10-01T16:37:44+0000 mm-bot python[28561]: 2026-10-01 16:37:44 INFO    Rep South Carolina Senate  fv 0.865 (ref 0.865) inv    +0 race    +0 | bid 0.855 x100  ask 0.885 x100
2026-10-01T16:37:44+0000 mm-bot python[28561]: 2026-10-01 16:37:44 INFO    Dem South Carolina Senate  fv 0.135 (ref 0.135) inv    +0 race    +0 | bid 0.120 x100  ask 0.145 x100
2026-10-01T16:37:44+0000 mm-bot python[28561]: 2026-10-01 16:37:44 INFO    Rep Oregon Senate          fv 0.025 (ref 0.020) inv    +0 race    +0 | bid 0.015 x100  ask    -
2026-10-01T16:37:45+0000 mm-bot python[28561]: 2026-10-01 16:37:45 INFO    Dem Oregon Senate          fv   -   (ref 0.978) inv    +0 race    +0 | bid    -        ask    -
2026-10-01T16:37:45+0000 mm-bot python[28561]: 2026-10-01 16:37:45 INFO    Rep New Mexico Senate      fv 0.017 (ref 0.016) inv    +0 race    +0 | bid 0.005 x100  ask    -
2026-10-01T16:37:45+0000 mm-bot python[28561]: 2026-10-01 16:37:45 INFO    Dem New Mexico Senate      fv 0.983 (ref 0.970) inv    +0 race    +0 | bid    -        ask 0.995 x100
2026-10-01T16:37:45+0000 mm-bot python[28561]: 2026-10-01 16:37:45 INFO    Rep New Jersey Senate      fv 0.026 (ref 0.029) inv    +0 race    +0 | bid 0.010 x100  ask    -
2026-10-01T16:37:45+0000 mm-bot python[28561]: 2026-10-01 16:37:45 INFO    Rep Montana Senate         fv 0.915 (ref 0.915) inv    +0 race    +0 | bid 0.905 x100  ask 0.930 x100
2026-10-01T16:37:46+0000 mm-bot python[28561]: 2026-10-01 16:37:46 INFO    Rep Mississippi Senate     fv 0.914 (ref 0.915) inv    +0 race    +0 | bid 0.905 x100  ask 0.930 x100
2026-10-01T16:37:46+0000 mm-bot python[28561]: 2026-10-01 16:37:46 INFO    Rep Maine Senate           fv 0.409 (ref 0.405) inv  -500 race  +100 | bid 0.395 x1546 ask 0.420 x1039
2026-10-01T16:37:47+0000 mm-bot python[28561]: 2026-10-01 16:37:47 INFO    Dem Louisiana Senate       fv 0.069 (ref 0.065) inv    +0 race    +0 | bid 0.055 x100  ask 0.095 x100
2026-10-01T16:37:47+0000 mm-bot python[28561]: 2026-10-01 16:37:47 INFO    Rep Kentucky Senate        fv 0.955 (ref 0.965) inv    +0 race    +0 | bid    -        ask 0.970 x2000
2026-10-01T16:37:48+0000 mm-bot python[28561]: 2026-10-01 16:37:48 INFO    Rep Idaho Senate           fv 0.976 (ref 0.942) inv  +100 race  +100 | bid    -        ask 0.990 x2000
2026-10-01T16:37:48+0000 mm-bot python[28561]: 2026-10-01 16:37:48 INFO    Rep Iowa Senate            fv 0.586 (ref 0.585) inv    +0 race    +0 | bid 0.575 x1023 ask 0.600 x1562
2026-10-01T16:37:49+0000 mm-bot python[28561]: 2026-10-01 16:37:49 INFO    Dem Iowa Senate            fv 0.414 (ref 0.415) inv    +0 race    +0 | bid 0.400 x1562 ask 0.425 x1023
2026-10-01T16:37:54+0000 mm-bot python[28561]: 2026-10-01 16:37:54 INFO    Rep Arkansas Senate        fv 0.939 (ref 0.937) inv -2000 race -2000 | bid 0.945 x2000 ask 0.995 x2000
2026-10-01T16:37:55+0000 mm-bot python[28561]: 2026-10-01 16:37:55 INFO    Dem Arkansas Senate        fv   -   (ref 0.060) inv    +0 race +2000 | bid    -        ask    -
2026-10-01T16:37:55+0000 mm-bot python[28561]: 2026-10-01 16:37:55 INFO    Rep Alabama Senate         fv 0.972 (ref 0.970) inv    +0 race -1871 | bid    -        ask 0.995 x2000
2026-10-01T16:37:59+0000 mm-bot python[28561]: 2026-10-01 16:37:59 INFO    Rep VA-02 House race       fv 0.189 (ref 0.185) inv    +0 race    +0 | bid 0.180 x846  ask 0.210 x2000
2026-10-01T16:38:06+0000 mm-bot python[28561]: 2026-10-01 16:38:06 INFO    Rep TX-23 House race       fv 0.644 (ref 0.635) inv  -100 race -1206 | bid 0.640 x200  ask 0.695 x2000
2026-10-01T16:38:07+0000 mm-bot python[28561]: 2026-10-01 16:38:07 INFO    Dem TX-23 House race       fv 0.356 (ref 0.355) inv +1106 race +1206 | bid 0.305 x2000 ask 0.345 x1206
2026-10-01T16:38:08+0000 mm-bot python[28561]: 2026-10-01 16:38:08 INFO    Rep SC-01 House race       fv 0.731 (ref 0.735) inv -2499 race -2499 | bid 0.745 x2000 ask 0.820 x2000
2026-10-01T16:38:09+0000 mm-bot python[28561]: 2026-10-01 16:38:09 INFO    Dem SC-01 House race       fv 0.269 (ref 0.265) inv    +0 race +2499 | bid 0.180 x2000 ask 0.270 x634
2026-10-01T16:38:09+0000 mm-bot python[28561]: 2026-10-01 16:38:09 INFO    Dem PA-10 House race       fv 0.809 (ref 0.815) inv  +100 race  +100 | bid 0.790 x2000 ask 0.815 x200
2026-10-01T16:38:10+0000 mm-bot python[28561]: 2026-10-01 16:38:10 INFO    Dem PA-07 House race       fv 0.845 (ref 0.845) inv  +200 race  +300 | bid 0.820 x2000 ask 0.855 x2000
2026-10-01T16:38:10+0000 mm-bot python[28561]: 2026-10-01 16:38:10 INFO    Dem MT-01 House race       fv 0.323 (ref 0.325) inv    +0 race    +0 | bid 0.310 x1753 ask 0.335 x1122
2026-10-01T16:38:14+0000 mm-bot python[28561]: 2026-10-01 16:38:14 INFO    Dem IA-01 House race       fv 0.826 (ref 0.825) inv  +300 race  +400 | bid 0.800 x2000 ask 0.825 x400
2026-10-01T16:38:15+0000 mm-bot python[28561]: 2026-10-01 16:38:15 INFO    realtime: missed message(s) on user:6c996168-fbca-415e-bb62-04b8bcaa95f3 - full resync next cycle
2026-10-01T16:38:15+0000 mm-bot python[28561]: 2026-10-01 16:38:15 INFO    realtime: missed message(s) on user:6c996168-fbca-415e-bb62-04b8bcaa95f3 - full resync next cycle
2026-10-01T16:38:16+0000 mm-bot python[28561]: 2026-10-01 16:38:16 INFO    Dem Illinois Governor      fv   -   (ref 0.979) inv    +0 race    +0 | bid    -        ask    -
2026-10-01T16:38:17+0000 mm-bot python[28561]: 2026-10-01 16:38:17 INFO    realtime: missed message(s) on user:6c996168-fbca-415e-bb62-04b8bcaa95f3 - full resync next cycle
2026-10-01T16:38:31+0000 mm-bot python[28561]: 2026-10-01 16:38:31 ERROR   batch of 20 orders failed (409 REQUEST_IN_FLIGHT: An identical request with this idempotency key is still in flight. Retry with the same key after 90 seconds.)
2026-10-01T16:39:14+0000 mm-bot python[28561]: 2026-10-01 16:39:14 INFO    FILL ex 951  our ? x37 @ 0.01  (fv when quoted ?)
2026-10-01T16:39:14+0000 mm-bot python[28561]: 2026-10-01 16:39:14 INFO    FILL ex 891  our ? x1 @ 0.09  (fv when quoted ?)
2026-10-01T16:39:14+0000 mm-bot python[28561]: 2026-10-01 16:39:14 INFO    FILL ex 941  our ask x36 @ 0.03  (fv when quoted 0.03720059565593764)
2026-10-01T16:39:14+0000 mm-bot python[28561]: 2026-10-01 16:39:14 INFO    FILL ex 934  our ask x100 @ 0.345  (fv when quoted 0.3555691366281528)
2026-10-01T16:39:14+0000 mm-bot python[28561]: 2026-10-01 16:39:14 INFO    FILL ex 931  our bid x386 @ 0.745  (fv when quoted 0.7313316831683168)
2026-10-01T16:39:14+0000 mm-bot python[28561]: 2026-10-01 16:39:14 INFO    FILL ex 931  our bid x250 @ 0.745  (fv when quoted 0.7313316831683168)
2026-10-01T16:39:14+0000 mm-bot python[28561]: 2026-10-01 16:39:14 INFO    FILL ex 944  our bid x2000 @ 0.945  (fv when quoted 0.9386500000000001)
2026-10-01T16:39:14+0000 mm-bot python[28561]: 2026-10-01 16:39:14 INFO    FILL ex 934  our ask x100 @ 0.345  (fv when quoted 0.3555691366281528)
2026-10-01T16:39:14+0000 mm-bot python[28561]: 2026-10-01 16:39:14 INFO    FILL ex 931  our bid x1000 @ 0.745  (fv when quoted 0.7313316831683168)
2026-10-01T16:39:14+0000 mm-bot python[28561]: 2026-10-01 16:39:14 INFO    FILL ex 931  our bid x364 @ 0.745  (fv when quoted 0.7313316831683168)
2026-10-01T16:39:14+0000 mm-bot python[28561]: 2026-10-01 16:39:14 INFO    FILL ex 930  our ask x500 @ 0.27  (fv when quoted 0.2686683168316832)
2026-10-01T16:39:14+0000 mm-bot python[28561]: 2026-10-01 16:39:14 INFO    FILL ex 930  our ask x134 @ 0.27  (fv when quoted 0.2686683168316832)
2026-10-01T16:39:14+0000 mm-bot python[28561]: 2026-10-01 16:39:14 INFO    realtime | account 130970 (locked in orders 30217, detecting) | worst-case loss 6604 | party delta +1750 | priced 51/237 | resting 65
2026-10-01T16:39:14+0000 mm-bot python[28561]: 2026-10-01 16:39:14 INFO    Rep Minnesota Senate       fv 0.102 (ref 0.095) inv    +0 race    +0 | bid 0.090 x100  ask 0.125 x100
2026-10-01T16:39:15+0000 mm-bot python[28561]: 2026-10-01 16:39:15 INFO    Rep Michigan Senate        fv 0.276 (ref 0.275) inv  -620 race  -170 | bid 0.265 x1903 ask 0.290 x1201
2026-10-01T16:39:16+0000 mm-bot python[28561]: 2026-10-01 16:39:16 INFO    Dem FL-07 House race       fv 0.331 (ref 0.335) inv  +206 race  +206 | bid 0.315 x2000 ask 0.340 x763
2026-10-01T16:39:16+0000 mm-bot python[28561]: 2026-10-01 16:39:16 INFO    Dem Connecticut Governor   fv 0.965 (ref 0.966) inv    +0 race    +0 | bid    -        ask 0.980 x100
2026-10-01T16:39:16+0000 mm-bot python[28561]: 2026-10-01 16:39:16 INFO    Rep West Virginia Senate   fv 0.978 (ref 0.986) inv    +0 race    +0 | bid    -        ask 0.990 x100
2026-10-01T16:39:16+0000 mm-bot python[28561]: 2026-10-01 16:39:16 INFO    Rep South Carolina Senate  fv 0.865 (ref 0.865) inv    +0 race    +0 | bid 0.850 x100  ask 0.885 x100
2026-10-01T16:39:16+0000 mm-bot python[28561]: 2026-10-01 16:39:16 INFO    Dem South Carolina Senate  fv 0.135 (ref 0.135) inv    +0 race    +0 | bid 0.125 x100  ask 0.150 x100
2026-10-01T16:39:16+0000 mm-bot python[28561]: 2026-10-01 16:39:16 INFO    Rep Oregon Senate          fv 0.025 (ref 0.020) inv    +0 race    +0 | bid 0.010 x100  ask    -
2026-10-01T16:39:16+0000 mm-bot python[28561]: 2026-10-01 16:39:16 INFO    Rep New Mexico Senate      fv 0.017 (ref 0.016) inv    +0 race    +0 | bid 0.005 x100  ask    -
2026-10-01T16:39:16+0000 mm-bot python[28561]: 2026-10-01 16:39:16 INFO    Dem New Mexico Senate      fv 0.983 (ref 0.970) inv    +0 race    +0 | bid    -        ask 0.995 x100
2026-10-01T16:39:16+0000 mm-bot python[28561]: 2026-10-01 16:39:16 INFO    Rep New Jersey Senate      fv 0.026 (ref 0.029) inv    +0 race    +0 | bid 0.010 x100  ask    -
2026-10-01T16:39:16+0000 mm-bot python[28561]: 2026-10-01 16:39:16 INFO    Rep Montana Senate         fv 0.915 (ref 0.915) inv    +0 race    +0 | bid 0.900 x100  ask 0.925 x100
2026-10-01T16:39:16+0000 mm-bot python[28561]: 2026-10-01 16:39:16 INFO    Rep Mississippi Senate     fv 0.914 (ref 0.915) inv    +0 race    +0 | bid 0.900 x100  ask 0.925 x100
2026-10-01T16:39:16+0000 mm-bot python[28561]: 2026-10-01 16:39:16 INFO    Rep Maine Senate           fv 0.412 (ref 0.405) inv -1539 race  -939 | bid 0.420 x1639 ask 0.450 x2000
2026-10-01T16:39:16+0000 mm-bot python[28561]: 2026-10-01 16:39:16 INFO    Dem Louisiana Senate       fv 0.069 (ref 0.065) inv    +0 race    +0 | bid 0.060 x100  ask 0.095 x100
2026-10-01T16:39:16+0000 mm-bot python[28561]: 2026-10-01 16:39:16 INFO    Rep Idaho Senate           fv 0.984 (ref 0.942) inv  +100 race   +63 | bid    -        ask 0.995 x2000
2026-10-01T16:39:17+0000 mm-bot python[28561]: 2026-10-01 16:39:17 INFO    Dem Idaho Senate           fv 0.016 (ref 0.001) inv   +37 race   -63 | bid 0.005 x2000 ask 0.030 x37
2026-10-01T16:39:17+0000 mm-bot python[28561]: 2026-10-01 16:39:17 INFO    Rep Iowa Senate            fv   -   (ref 0.585) inv    +0 race    +0 | bid    -        ask    -
2026-10-01T16:39:18+0000 mm-bot python[28561]: 2026-10-01 16:39:18 INFO    Dem Iowa Senate            fv 0.415 (ref 0.415) inv    +0 race    +0 | bid 0.405 x1037 ask 0.430 x1529
2026-10-01T16:39:18+0000 mm-bot python[28561]: 2026-10-01 16:39:18 INFO    Dem Georgia Senate         fv   -   (ref 0.970) inv    +0 race    +0 | bid    -        ask    -
2026-10-01T16:39:19+0000 mm-bot python[28561]: 2026-10-01 16:39:19 INFO    Dem Colorado Senate        fv   -   (ref 0.981) inv    +0 race    +0 | bid    -        ask    -
2026-10-01T16:39:20+0000 mm-bot python[28561]: 2026-10-01 16:39:20 INFO    Rep Arkansas Senate        fv 0.939 (ref 0.937) inv    +0 race    +0 | bid 0.925 x2000 ask 0.950 x2000
2026-10-01T16:39:20+0000 mm-bot python[28561]: 2026-10-01 16:39:20 INFO    Rep VA-02 House race       fv 0.189 (ref 0.185) inv    +0 race    +0 | bid 0.175 x1731 ask 0.210 x2000
2026-10-01T16:39:31+0000 mm-bot python[28561]: 2026-10-01 16:39:31 INFO    Rep TX-23 House race       fv 0.645 (ref 0.635) inv  -100 race -1006 | bid 0.635 x200  ask 0.685 x2000
2026-10-01T16:39:34+0000 mm-bot python[28561]: 2026-10-01 16:39:34 INFO    Dem TX-23 House race       fv 0.355 (ref 0.355) inv  +906 race +1006 | bid 0.315 x2000 ask 0.355 x1006
2026-10-01T16:39:35+0000 mm-bot python[28561]: 2026-10-01 16:39:35 INFO    Rep SC-01 House race       fv 0.732 (ref 0.735) inv  -499 race  +135 | bid 0.715 x2000 ask 0.740 x150
2026-10-01T16:39:43+0000 mm-bot python[28561]: 2026-10-01 16:39:43 INFO    Dem SC-01 House race       fv 0.268 (ref 0.265) inv  -634 race  -135 | bid 0.260 x1283 ask 0.285 x1819
2026-10-01T16:39:46+0000 mm-bot python[28561]: 2026-10-01 16:39:46 INFO    Dem PA-10 House race       fv 0.809 (ref 0.815) inv  +100 race  +100 | bid 0.795 x2000 ask 0.820 x946
2026-10-01T16:39:46+0000 mm-bot python[28561]: 2026-10-01 16:39:46 INFO    Rep NJ-07 House race       fv 0.107 (ref 0.105) inv    +0 race    +0 | bid 0.090 x100  ask 0.115 x100
2026-10-01T16:39:46+0000 mm-bot python[28561]: 2026-10-01 16:39:46 INFO    Dem NE-02 House race       fv 0.916 (ref 0.915) inv    +0 race    +0 | bid 0.905 x100  ask 0.930 x100
2026-10-01T16:39:47+0000 mm-bot python[28561]: 2026-10-01 16:39:47 INFO    Dem IA-01 House race       fv 0.826 (ref 0.825) inv  +300 race  +400 | bid 0.805 x2000 ask 0.830 x1185
2026-10-01T16:39:47+0000 mm-bot python[28561]: 2026-10-01 16:39:47 INFO    Rep AZ-06 House race       fv 0.173 (ref 0.175) inv    +0 race  -100 | bid 0.160 x2000 ask 0.185 x1658
2026-10-01T16:39:50+0000 mm-bot python[28561]: 2026-10-01 16:39:50 INFO    Dem New Mexico Governor    fv   -   (ref 0.960) inv    +0 race    +0 | bid    -        ask    -
2026-10-01T16:40:06+0000 mm-bot python[28561]: 2026-10-01 16:40:06 ERROR   batch of 20 orders failed (409 REQUEST_IN_FLIGHT: An identical request with this idempotency key is still in flight. Retry with the same key after 90 seconds.)
2026-10-01T16:40:23+0000 mm-bot python[28561]: 2026-10-01 16:40:23 ERROR   batch of 20 orders failed (409 REQUEST_IN_FLIGHT: An identical request with this idempotency key is still in flight. Retry with the same key after 90 seconds.)
2026-10-01T16:41:13+0000 mm-bot python[28561]: 2026-10-01 16:41:13 INFO    FILL ex 902  our ask x2 @ 0.825  (fv when quoted 0.8257499999999999)
2026-10-01T16:41:13+0000 mm-bot python[28561]: 2026-10-01 16:41:13 INFO    realtime | account 135183 (locked in orders 34430, detecting) | worst-case loss 6621 | party delta +1752 | priced 51/237 | resting 89
2026-10-01T16:41:13+0000 mm-bot python[28561]: 2026-10-01 16:41:13 INFO    Rep New Hampshire Governor fv 0.959 (ref 0.958) inv    +0 race  +100 | bid    -        ask 0.975 x100
2026-10-01T16:41:14+0000 mm-bot python[28561]: 2026-10-01 16:41:14 INFO    Dem Florida Senate         fv   -   (ref 0.085) inv    +0 race  +150 | bid    -        ask    -
2026-10-01T16:41:14+0000 mm-bot python[28561]: 2026-10-01 16:41:14 INFO    Dem VA-01 House race       fv 0.528 (ref 0.530) inv  -100 race  -100 | bid 0.515 x100  ask 0.545 x100
2026-10-01T16:41:14+0000 mm-bot python[28561]: 2026-10-01 16:41:14 INFO    Rep FL-16 House race       fv 0.831 (ref 0.825) inv  -100 race  -100 | bid 0.820 x100  ask 0.845 x100
2026-10-01T16:41:15+0000 mm-bot python[28561]: 2026-10-01 16:41:15 INFO    Dem FL-07 House race       fv   -   (ref 0.335) inv  +206 race  +206 | bid    -        ask    -
2026-10-01T16:41:15+0000 mm-bot python[28561]: 2026-10-01 16:41:15 INFO    Dem Michigan Governor      fv 0.916 (ref 0.915) inv    +0 race    +0 | bid 0.905 x100  ask 0.930 x100
2026-10-01T16:41:15+0000 mm-bot python[28561]: 2026-10-01 16:41:15 INFO    Rep Kansas Governor        fv 0.722 (ref 0.725) inv    +0 race    +0 | bid 0.705 x100  ask 0.735 x100
2026-10-01T16:41:15+0000 mm-bot python[28561]: 2026-10-01 16:41:15 INFO    Rep Hawaii Governor        fv 0.022 (ref 0.018) inv    +0 race    +0 | bid 0.005 x100  ask    -
2026-10-01T16:41:15+0000 mm-bot python[28561]: 2026-10-01 16:41:15 INFO    Dem Hawaii Governor        fv 0.978 (ref 0.978) inv    +0 race    +0 | bid    -        ask 0.995 x100
2026-10-01T16:41:15+0000 mm-bot python[28561]: 2026-10-01 16:41:15 INFO    Dem Florida Governor       fv 0.220 (ref 0.215) inv    +0 race    +0 | bid 0.210 x100  ask 0.235 x100
2026-10-01T16:41:15+0000 mm-bot python[28561]: 2026-10-01 16:41:15 INFO    Dem South Carolina Senate  fv 0.135 (ref 0.135) inv    +0 race    +0 | bid 0.125 x100  ask 0.150 x100
2026-10-01T16:41:22+0000 mm-bot python[28561]: 2026-10-01 16:41:22 INFO    Rep Oregon Senate          fv 0.025 (ref 0.020) inv    +0 race    +0 | bid 0.010 x100  ask    -
2026-10-01T16:41:22+0000 mm-bot python[28561]: 2026-10-01 16:41:22 INFO    Rep North Carolina Senate  fv   -   (ref 0.045) inv    +0 race    +0 | bid    -        ask    -
2026-10-01T16:41:22+0000 mm-bot python[28561]: 2026-10-01 16:41:22 INFO    Ind Montana Senate         fv   -   (ref 0.086) inv    +0 race    +0 | bid    -        ask    -
2026-10-01T16:41:24+0000 mm-bot python[28561]: 2026-10-01 16:41:24 INFO    Rep Montana Senate         fv   -   (ref 0.915) inv    +0 race    +0 | bid    -        ask    -
2026-10-01T16:41:33+0000 mm-bot python[28561]: 2026-10-01 16:41:33 INFO    Rep Mississippi Senate     fv   -   (ref 0.915) inv    +0 race    +0 | bid    -        ask    -
2026-10-01T16:41:35+0000 mm-bot python[28561]: 2026-10-01 16:41:35 INFO    Rep Maine Senate           fv 0.412 (ref 0.405) inv -1539 race  -939 | bid 0.420 x1639 ask 0.450 x2000
2026-10-01T16:41:35+0000 mm-bot python[28561]: 2026-10-01 16:41:35 INFO    Rep Kentucky Senate        fv   -   (ref 0.964) inv    +0 race    +0 | bid    -        ask    -
2026-10-01T16:41:35+0000 mm-bot python[28561]: 2026-10-01 16:41:35 INFO    Dem Illinois Senate        fv   -   (ref 0.978) inv    +0 race    +0 | bid    -        ask    -
2026-10-01T16:41:48+0000 mm-bot python[28561]: 2026-10-01 16:41:48 INFO    Rep Idaho Senate           fv   -   (ref 0.946) inv  +100 race   +63 | bid    -        ask    -
2026-10-01T16:41:50+0000 mm-bot python[28561]: 2026-10-01 16:41:50 INFO    Rep Iowa Senate            fv   -   (ref 0.585) inv    +0 race    +0 | bid    -        ask    -
2026-10-01T16:41:50+0000 mm-bot python[28561]: 2026-10-01 16:41:50 INFO    Dem Georgia Senate         fv 0.967 (ref 0.970) inv    +0 race    +0 | bid    -        ask 0.980 x2000
2026-10-01T16:41:50+0000 mm-bot python[28561]: 2026-10-01 16:41:50 INFO    Dem IA-01 House race       fv 0.826 (ref 0.825) inv  +298 race  +398 | bid 0.805 x2000 ask 0.830 x1183
2026-10-01T16:41:52+0000 mm-bot python[28561]: 2026-10-01 16:41:52 INFO    Dem Texas Governor         fv   -   (ref 0.195) inv  +100 race  +259 | bid    -        ask    -
2026-10-01T16:42:05+0000 mm-bot python[28561]: 2026-10-01 16:42:05 INFO    Rep Maryland Governor      fv   -   (ref 0.015) inv    +0 race    +0 | bid    -        ask    -
2026-10-01T16:42:08+0000 mm-bot python[28561]: 2026-10-01 16:42:08 INFO    Dem Maryland Governor      fv 0.964 (ref 0.966) inv    +0 race    +0 | bid    -        ask 0.980 x100
2026-10-01T16:42:08+0000 mm-bot python[28561]: 2026-10-01 16:42:08 INFO    Dem U.S. House             fv 0.923 (ref 0.925) inv  -975 race  -975 | bid 0.920 x10000 ask 0.965 x9025
2026-10-01T16:42:25+0000 mm-bot python[28561]: 2026-10-01 16:42:25 ERROR   batch of 20 orders failed (409 REQUEST_IN_FLIGHT: An identical request with this idempotency key is still in flight. Retry with the same key after 90 seconds.)
2026-10-01T16:42:44+0000 mm-bot python[28561]: 2026-10-01 16:42:44 INFO    FILL ex 843  our ? x10000 @ 0.615  (fv when quoted ?)
2026-10-01T16:42:44+0000 mm-bot python[28561]: 2026-10-01 16:42:44 INFO    FILL ex 891  our ? x15 @ 0.09  (fv when quoted ?)
2026-10-01T16:42:44+0000 mm-bot python[28561]: 2026-10-01 16:42:44 INFO    FILL ex 951  our ? x37 @ 0.03  (fv when quoted ?)
2026-10-01T16:42:44+0000 mm-bot python[28561]: 2026-10-01 16:42:44 INFO    FILL ex 935  our bid x200 @ 0.635  (fv when quoted 0.6444308633718472)
2026-10-01T16:42:44+0000 mm-bot python[28561]: 2026-10-01 16:42:44 INFO    FILL ex 891  our ? x9 @ 0.09  (fv when quoted ?)
2026-10-01T16:42:44+0000 mm-bot python[28561]: 2026-10-01 16:42:44 INFO    realtime | account 135510 (locked in orders 34730, detecting) | worst-case loss 5929 | party delta -7996 | priced 48/237 | resting 73
2026-10-01T16:42:44+0000 mm-bot python[28561]: 2026-10-01 16:42:44 INFO    Rep NH-01 House race       fv 0.031 (ref 0.026) inv    +0 race    +0 | bid 0.025 x100  ask    -
2026-10-01T16:42:49+0000 mm-bot python[28561]: 2026-10-01 16:42:49 INFO    Rep Minnesota Senate       fv 0.102 (ref 0.095) inv    +0 race    +0 | bid 0.100 x100  ask 0.125 x100
2026-10-01T16:42:51+0000 mm-bot python[28561]: 2026-10-01 16:42:51 INFO    Rep Michigan Senate        fv 0.276 (ref 0.275) inv  -620 race  -170 | bid 0.275 x720  ask 0.300 x2000
2026-10-01T16:42:55+0000 mm-bot python[28561]: 2026-10-01 16:42:55 INFO    Dem VA-01 House race       fv 0.528 (ref 0.530) inv  -100 race  -100 | bid 0.510 x100  ask 0.535 x100
2026-10-01T16:42:56+0000 mm-bot python[28561]: 2026-10-01 16:42:56 INFO    Rep TN-05 House race       fv 0.914 (ref 0.915) inv  -100 race  -100 | bid 0.900 x2000 ask 0.940 x2000
2026-10-01T16:42:56+0000 mm-bot python[28561]: 2026-10-01 16:42:56 INFO    Dem MN-01 House race       fv 0.233 (ref 0.235) inv    +0 race    +0 | bid 0.215 x100  ask 0.240 x100
2026-10-01T16:42:56+0000 mm-bot python[28561]: 2026-10-01 16:42:56 INFO    Rep FL-22 House race       fv 0.487 (ref 0.485) inv    +0 race    +0 | bid 0.480 x100  ask 0.510 x100
2026-10-01T16:42:56+0000 mm-bot python[28561]: 2026-10-01 16:42:56 INFO    Dem FL-22 House race       fv 0.513 (ref 0.505) inv    +0 race    +0 | bid 0.490 x100  ask 0.520 x100
2026-10-01T16:42:56+0000 mm-bot python[28561]: 2026-10-01 16:42:56 INFO    Rep FL-20 House race       fv 0.029 (ref 0.030) inv    +0 race    +0 | bid 0.015 x100  ask    -
2026-10-01T16:42:56+0000 mm-bot python[28561]: 2026-10-01 16:42:56 INFO    Dem FL-20 House race       fv 0.971 (ref 0.955) inv    +0 race    +0 | bid    -        ask 0.975 x100
2026-10-01T16:42:56+0000 mm-bot python[28561]: 2026-10-01 16:42:56 INFO    Rep FL-16 House race       fv 0.841 (ref 0.825) inv  -100 race  -100 | bid 0.840 x100  ask 0.865 x100
2026-10-01T16:42:56+0000 mm-bot python[28561]: 2026-10-01 16:42:56 INFO    Dem FL-16 House race       fv 0.159 (ref 0.155) inv    +0 race  +100 | bid 0.135 x100  ask 0.165 x100
2026-10-01T16:42:56+0000 mm-bot python[28561]: 2026-10-01 16:42:56 INFO    Dem Minnesota Governor     fv 0.952 (ref 0.955) inv    +0 race    +0 | bid    -        ask 0.955 x100
2026-10-01T16:42:57+0000 mm-bot python[28561]: 2026-10-01 16:42:57 INFO    Dem Michigan Governor      fv 0.916 (ref 0.915) inv    +0 race    +0 | bid 0.895 x100  ask 0.925 x100
2026-10-01T16:42:57+0000 mm-bot python[28561]: 2026-10-01 16:42:57 INFO    Rep Kansas Governor        fv 0.722 (ref 0.725) inv    +0 race    +0 | bid 0.705 x100  ask 0.740 x100
2026-10-01T16:42:57+0000 mm-bot python[28561]: 2026-10-01 16:42:57 INFO    Rep Hawaii Governor        fv 0.022 (ref 0.018) inv    +0 race    +0 | bid 0.015 x100  ask    -
2026-10-01T16:42:57+0000 mm-bot python[28561]: 2026-10-01 16:42:57 INFO    Dem Hawaii Governor        fv 0.978 (ref 0.978) inv    +0 race    +0 | bid    -        ask 0.985 x100
2026-10-01T16:42:57+0000 mm-bot python[28561]: 2026-10-01 16:42:57 INFO    Dem Florida Governor       fv 0.220 (ref 0.215) inv    +0 race    +0 | bid 0.200 x100  ask 0.235 x100
2026-10-01T16:42:57+0000 mm-bot python[28561]: 2026-10-01 16:42:57 INFO    Dem Connecticut Governor   fv 0.965 (ref 0.966) inv    +0 race    +0 | bid    -        ask 0.970 x100
2026-10-01T16:42:58+0000 mm-bot python[28561]: 2026-10-01 16:42:58 INFO    Rep West Virginia Senate   fv 0.978 (ref 0.986) inv    +0 race    +0 | bid    -        ask 0.995 x100
2026-10-01T16:42:58+0000 mm-bot python[28561]: 2026-10-01 16:42:58 INFO    Rep South Carolina Senate  fv 0.865 (ref 0.865) inv    +0 race    +0 | bid 0.860 x100  ask 0.885 x100
2026-10-01T16:42:58+0000 mm-bot python[28561]: 2026-10-01 16:42:58 INFO    Dem South Carolina Senate  fv 0.135 (ref 0.135) inv    +0 race    +0 | bid 0.115 x100  ask 0.140 x100
2026-10-01T16:42:59+0000 mm-bot python[28561]: 2026-10-01 16:42:59 INFO    Rep New Mexico Senate      fv   -   (ref 0.016) inv    +0 race    +0 | bid    -        ask    -
2026-10-01T16:43:01+0000 mm-bot python[28561]: 2026-10-01 16:43:01 INFO    Dem New Mexico Senate      fv   -   (ref 0.970) inv    +0 race    +0 | bid    -        ask    -
2026-10-01T16:43:06+0000 mm-bot python[28561]: 2026-10-01 16:43:06 INFO    Rep New Jersey Senate      fv   -   (ref 0.029) inv    +0 race    +0 | bid    -        ask    -
2026-10-01T16:43:11+0000 mm-bot python[28561]: 2026-10-01 16:43:11 INFO    Dem New Jersey Senate      fv   -   (ref 0.976) inv    +0 race    +0 | bid    -        ask    -
2026-10-01T16:43:11+0000 mm-bot python[28561]: 2026-10-01 16:43:11 INFO    Rep Maine Senate           fv 0.412 (ref 0.405) inv -1539 race  -939 | bid 0.420 x1639 ask 0.460 x2000
2026-10-01T16:43:22+0000 mm-bot python[28561]: 2026-10-01 16:43:22 INFO    Rep Louisiana Senate       fv 0.933 (ref 0.935) inv    +0 race    +0 | bid 0.920 x100  ask 0.955 x100
2026-10-01T16:43:23+0000 mm-bot python[28561]: 2026-10-01 16:43:23 INFO    Dem Louisiana Senate       fv   -   (ref 0.065) inv    +0 race    +0 | bid    -        ask    -
2026-10-01T16:43:23+0000 mm-bot python[28561]: 2026-10-01 16:43:23 INFO    Dem Kentucky Senate        fv 0.075 (ref 0.026) inv    +0 race    +0 | bid    -        ask 0.110 x100
2026-10-01T16:43:26+0000 mm-bot python[28561]: 2026-10-01 16:43:26 INFO    Dem Iowa Senate            fv 0.415 (ref 0.415) inv    +0 race    +0 | bid 0.395 x2000 ask 0.420 x513
2026-10-01T16:43:26+0000 mm-bot python[28561]: 2026-10-01 16:43:26 INFO    Dem Georgia Senate         fv 0.967 (ref 0.970) inv    +0 race    +0 | bid    -        ask 0.970 x100
2026-10-01T16:43:31+0000 mm-bot python[28561]: 2026-10-01 16:43:31 INFO    Rep Colorado Senate        fv 0.019 (ref 0.015) inv    +0 race    +0 | bid 0.015 x100  ask    -
2026-10-01T16:43:36+0000 mm-bot python[28561]: 2026-10-01 16:43:36 INFO    Rep Arkansas Senate        fv 0.938 (ref 0.937) inv    +0 race    +0 | bid 0.935 x822  ask 0.960 x2000
2026-10-01T16:43:37+0000 mm-bot python[28561]: 2026-10-01 16:43:37 INFO    Rep Alabama Senate         fv   -   (ref 0.971) inv    +0 race -1835 | bid    -        ask    -
2026-10-01T16:43:37+0000 mm-bot python[28561]: 2026-10-01 16:43:37 INFO    Rep VA-02 House race       fv   -   (ref 0.185) inv    +0 race    +0 | bid    -        ask    -
2026-10-01T16:43:38+0000 mm-bot python[28561]: 2026-10-01 16:43:38 INFO    Rep TX-23 House race       fv 0.632 (ref 0.635) inv  +100 race  -806 | bid 0.620 x1491 ask 0.675 x2000
2026-10-01T16:43:39+0000 mm-bot python[28561]: 2026-10-01 16:43:39 INFO    Dem TX-23 House race       fv 0.368 (ref 0.355) inv  +906 race  +806 | bid 0.325 x2000 ask 0.355 x1006
2026-10-01T16:43:40+0000 mm-bot python[28561]: 2026-10-01 16:43:40 INFO    Rep SC-01 House race       fv 0.731 (ref 0.735) inv  -499 race  +135 | bid 0.725 x1752 ask 0.750 x1501
2026-10-01T16:43:41+0000 mm-bot python[28561]: 2026-10-01 16:43:41 INFO    Dem SC-01 House race       fv 0.269 (ref 0.265) inv  -634 race  -135 | bid 0.250 x2000 ask 0.285 x1819
2026-10-01T16:43:41+0000 mm-bot python[28561]: 2026-10-01 16:43:41 INFO    Dem PA-10 House race       fv   -   (ref 0.815) inv  +100 race  +100 | bid    -        ask    -
2026-10-01T16:43:42+0000 mm-bot python[28561]: 2026-10-01 16:43:42 INFO    Dem PA-07 House race       fv   -   (ref 0.845) inv  +200 race  +300 | bid    -        ask    -
2026-10-01T16:43:43+0000 mm-bot python[28561]: 2026-10-01 16:43:43 INFO    Rep NJ-07 House race       fv 0.107 (ref 0.105) inv    +0 race    +0 | bid 0.100 x100  ask 0.125 x100
2026-10-01T16:43:43+0000 mm-bot python[28561]: 2026-10-01 16:43:43 WARNING RATE LIMITED (429): pausing all requests for 60 s; budget now 42/min
2026-10-01T16:44:56+0000 mm-bot python[28561]: 2026-10-01 16:44:56 INFO    Dem NE-02 House race       fv 0.916 (ref 0.915) inv    +0 race    +0 | bid 0.895 x100  ask 0.920 x100
2026-10-01T16:44:57+0000 mm-bot python[28561]: 2026-10-01 16:44:57 INFO    Dem MT-01 House race       fv 0.323 (ref 0.325) inv    +0 race    +0 | bid 0.300 x2000 ask 0.325 x100
2026-10-01T16:44:58+0000 mm-bot python[28561]: 2026-10-01 16:44:58 INFO    Dem IA-01 House race       fv 0.826 (ref 0.825) inv  +298 race  +398 | bid 0.795 x2000 ask 0.825 x398
2026-10-01T16:45:03+0000 mm-bot python[28561]: 2026-10-01 16:45:03 INFO    Rep CA-22 House race       fv 0.097 inv   -78 race  -178 | bid 0.095 x100  ask 0.125 x100
2026-10-01T16:45:05+0000 mm-bot python[28561]: 2026-10-01 16:45:05 ERROR   cancel on 890 failed: 500 ?:
2026-10-01T16:45:05+0000 mm-bot python[28561]: 2026-10-01 16:45:05 WARNING Dem CA-22 House race: could not confirm cancels - retrying next cycle
2026-10-01T16:45:05+0000 mm-bot python[28561]: 2026-10-01 16:45:05 ERROR   cancel on 889 failed: 500 ?:
2026-10-01T16:45:05+0000 mm-bot python[28561]: 2026-10-01 16:45:05 WARNING Rep AZ-06 House race: could not confirm cancels - retrying next cycle
2026-10-01T16:45:07+0000 mm-bot python[28561]: 2026-10-01 16:45:07 INFO    Rep Texas Governor         fv   -   (ref 0.813) inv  -159 race  -259 | bid    -        ask    -
2026-10-01T16:45:07+0000 mm-bot python[28561]: 2026-10-01 16:45:07 ERROR   cancel on 863 failed: 500 ?:
2026-10-01T16:45:07+0000 mm-bot python[28561]: 2026-10-01 16:45:07 WARNING Dem Maryland Governor: could not confirm cancels - retrying next cycle
2026-10-01T16:45:09+0000 mm-bot python[28561]: 2026-10-01 16:45:09 ERROR   cancel on 847 failed: 500 ?:
2026-10-01T16:45:09+0000 mm-bot python[28561]: 2026-10-01 16:45:09 WARNING Rep Arkansas Governor: could not confirm cancels - retrying next cycle
2026-10-01T16:45:22+0000 mm-bot python[28561]: 2026-10-01 16:45:22 INFO    Rep U.S. Senate            fv 0.376 (ref 0.375) inv -3126 race -3126 | bid 0.385 x10000 ask 0.490 x6874
2026-10-01T16:45:23+0000 mm-bot python[28561]: 2026-10-01 16:45:23 INFO    Dem U.S. House             fv 0.923 (ref 0.925) inv  -975 race  -975 | bid 0.920 x10000 ask 0.955 x9025
2026-10-01T16:45:46+0000 mm-bot python[28561]: 2026-10-01 16:45:46 ERROR   batch of 20 orders failed (409 REQUEST_IN_FLIGHT: An identical request with this idempotency key is still in flight. Retry with the same key after 90 seconds.)
2026-10-01T16:46:41+0000 mm-bot python[28561]: 2026-10-01 16:46:41 ERROR   batch of 20 orders failed (409 REQUEST_IN_FLIGHT: An identical request with this idempotency key is still in flight. Retry with the same key after 90 seconds.)
2026-10-01T16:47:08+0000 mm-bot python[28561]: 2026-10-01 16:47:08 INFO    FILL ex 891  our ? x27 @ 0.09  (fv when quoted ?)
2026-10-01T16:47:08+0000 mm-bot python[28561]: 2026-10-01 16:47:08 INFO    FILL ex 889  our bid x500 @ 0.16  (fv when quoted 0.17275)
2026-10-01T16:47:08+0000 mm-bot python[28561]: 2026-10-01 16:47:08 INFO    FILL ex 889  our bid x500 @ 0.16  (fv when quoted 0.17275)
2026-10-01T16:47:08+0000 mm-bot python[28561]: 2026-10-01 16:47:08 INFO    FILL ex 988  our ? x100 @ 0.765  (fv when quoted ?)
2026-10-01T16:47:08+0000 mm-bot python[28561]: 2026-10-01 16:47:08 INFO    FILL ex 988  our ask x64 @ 0.235  (fv when quoted 0.22025)
2026-10-01T16:47:08+0000 mm-bot python[28561]: 2026-10-01 16:47:08 INFO    FILL ex 960  our ? x322 @ 0.55  (fv when quoted ?)
2026-10-01T16:47:08+0000 mm-bot python[28561]: 2026-10-01 16:47:08 INFO    FILL ex 840  our bid x500 @ 0.92  (fv when quoted 0.92275)
2026-10-01T16:47:08+0000 mm-bot python[28561]: 2026-10-01 16:47:08 INFO    FILL ex 949  our ask x513 @ 0.42  (fv when quoted 0.415)
2026-10-01T16:47:08+0000 mm-bot python[28561]: 2026-10-01 16:47:08 INFO    realtime | account 123432 (locked in orders 22551, detecting) | worst-case loss 6286 | party delta -7118 | priced 48/237 | resting 60
2026-10-01T16:47:14+0000 mm-bot python[28561]: 2026-10-01 16:47:14 INFO    Rep New Hampshire Governor fv   -   (ref 0.958) inv    +0 race  +100 | bid    -        ask    -
2026-10-01T16:47:15+0000 mm-bot python[28561]: 2026-10-01 16:47:15 INFO    Rep Minnesota Senate       fv   -   (ref 0.095) inv    +0 race    +0 | bid    -        ask    -
2026-10-01T16:47:15+0000 mm-bot python[28561]: 2026-10-01 16:47:15 INFO    Rep WI-01 House race       fv 0.665 (ref 0.665) inv    +0 race    +0 | bid 0.660 x100  ask 0.685 x100
2026-10-01T16:47:15+0000 mm-bot python[28561]: 2026-10-01 16:47:15 INFO    Dem WI-01 House race       fv 0.335 (ref 0.335) inv    +0 race    +0 | bid 0.315 x100  ask 0.340 x100
2026-10-01T16:47:15+0000 mm-bot python[28561]: 2026-10-01 16:47:15 INFO    Rep VA-05 House race       fv 0.778 (ref 0.785) inv    +0 race    +0 | bid 0.775 x100  ask 0.800 x100
2026-10-01T16:47:15+0000 mm-bot python[28561]: 2026-10-01 16:47:15 INFO    Dem VA-05 House race       fv 0.222 (ref 0.225) inv    +0 race    +0 | bid 0.200 x100  ask 0.225 x100
2026-10-01T16:47:15+0000 mm-bot python[28561]: 2026-10-01 16:47:15 INFO    Dem VA-02 House race       fv 0.809 (ref 0.815) inv    +0 race    +0 | bid 0.790 x100  ask 0.815 x100
2026-10-01T16:47:18+0000 mm-bot python[28561]: 2026-10-01 16:47:18 INFO    Dem VA-01 House race       fv   -   (ref 0.530) inv  -100 race  -100 | bid    -        ask    -
2026-10-01T16:47:20+0000 mm-bot python[28561]: 2026-10-01 16:47:20 INFO    Rep TN-05 House race       fv   -   (ref 0.915) inv  -100 race  -100 | bid    -        ask    -
2026-10-01T16:47:20+0000 mm-bot python[28561]: 2026-10-01 16:47:20 INFO    Dem MN-01 House race       fv 0.233 (ref 0.235) inv    +0 race    +0 | bid 0.215 x100  ask 0.240 x100
2026-10-01T16:47:20+0000 mm-bot python[28561]: 2026-10-01 16:47:20 INFO    Rep MI-10 House race       fv 0.346 (ref 0.345) inv    +0 race    +0 | bid 0.340 x100  ask 0.365 x100
2026-10-01T16:47:20+0000 mm-bot python[28561]: 2026-10-01 16:47:20 INFO    Dem MI-10 House race       fv 0.653 (ref 0.655) inv    +0 race    +0 | bid 0.635 x100  ask 0.660 x100
2026-10-01T16:47:20+0000 mm-bot python[28561]: 2026-10-01 16:47:20 INFO    Rep MI-07 House race       fv 0.432 (ref 0.435) inv    +0 race  +100 | bid 0.415 x100  ask 0.450 x100
2026-10-01T16:47:20+0000 mm-bot python[28561]: 2026-10-01 16:47:20 INFO    Rep FL-22 House race       fv 0.487 (ref 0.485) inv    +0 race    +0 | bid 0.480 x100  ask 0.505 x100
2026-10-01T16:47:20+0000 mm-bot python[28561]: 2026-10-01 16:47:20 INFO    Dem FL-22 House race       fv 0.513 (ref 0.505) inv    +0 race    +0 | bid 0.495 x100  ask 0.520 x100
2026-10-01T16:47:20+0000 mm-bot python[28561]: 2026-10-01 16:47:20 INFO    Rep FL-20 House race       fv 0.029 (ref 0.029) inv    +0 race    +0 | bid 0.015 x100  ask    -
2026-10-01T16:47:20+0000 mm-bot python[28561]: 2026-10-01 16:47:20 INFO    Dem FL-20 House race       fv 0.971 (ref 0.955) inv    +0 race    +0 | bid    -        ask 0.975 x100
2026-10-01T16:47:20+0000 mm-bot python[28561]: 2026-10-01 16:47:20 INFO    Dem FL-16 House race       fv 0.157 (ref 0.155) inv    +0 race  +100 | bid 0.135 x100  ask 0.165 x100
2026-10-01T16:47:20+0000 mm-bot python[28561]: 2026-10-01 16:47:20 INFO    Dem Minnesota Governor     fv 0.952 (ref 0.955) inv    +0 race    +0 | bid    -        ask 0.955 x100
2026-10-01T16:47:22+0000 mm-bot python[28561]: 2026-10-01 16:47:22 INFO    Dem Michigan Governor      fv   -   (ref 0.915) inv    +0 race    +0 | bid    -        ask    -
2026-10-01T16:47:23+0000 mm-bot python[28561]: 2026-10-01 16:47:23 INFO    Rep Kansas Governor        fv   -   (ref 0.725) inv    +0 race    +0 | bid    -        ask    -
2026-10-01T16:47:24+0000 mm-bot python[28561]: 2026-10-01 16:47:24 INFO    Rep Hawaii Governor        fv   -   (ref 0.018) inv    +0 race    +0 | bid    -        ask    -
2026-10-01T16:47:33+0000 mm-bot python[28561]: 2026-10-01 16:47:33 INFO    Dem Hawaii Governor        fv 0.976 (ref 0.978) inv    +0 race    +0 | bid    -        ask 0.980 x100
2026-10-01T16:47:37+0000 mm-bot python[28561]: 2026-10-01 16:47:37 INFO    Dem Florida Governor       fv 0.220 (ref 0.215) inv  -164 race  -164 | bid 0.205 x100  ask 0.235 x100
2026-10-01T16:47:38+0000 mm-bot python[28561]: 2026-10-01 16:47:38 INFO    Dem Connecticut Governor   fv   -   (ref 0.966) inv    +0 race    +0 | bid    -        ask    -
2026-10-01T16:47:38+0000 mm-bot python[28561]: 2026-10-01 16:47:38 INFO    Rep South Carolina Senate  fv 0.868 (ref 0.865) inv    +0 race    +0 | bid 0.865 x100  ask 0.890 x100
2026-10-01T16:47:39+0000 mm-bot python[28561]: 2026-10-01 16:47:39 INFO    Dem South Carolina Senate  fv   -   (ref 0.135) inv    +0 race    +0 | bid    -        ask    -
2026-10-01T16:47:43+0000 mm-bot python[28561]: 2026-10-01 16:47:43 INFO    Rep Oregon Senate          fv 0.025 (ref 0.020) inv    +0 race    +0 | bid 0.015 x100  ask    -
2026-10-01T16:47:43+0000 mm-bot python[28561]: 2026-10-01 16:47:43 INFO    Rep New Mexico Senate      fv 0.018 (ref 0.017) inv    +0 race    +0 | bid 0.015 x100  ask    -
2026-10-01T16:47:43+0000 mm-bot python[28561]: 2026-10-01 16:47:43 INFO    Dem New Mexico Senate      fv 0.982 (ref 0.970) inv    +0 race    +0 | bid    -        ask 0.985 x100
2026-10-01T16:47:43+0000 mm-bot python[28561]: 2026-10-01 16:47:43 INFO    Rep Maine Senate           fv 0.412 (ref 0.405) inv -1861 race -1261 | bid 0.420 x1961 ask 0.470 x1912
2026-10-01T16:47:49+0000 mm-bot python[28561]: 2026-10-01 16:47:49 INFO    Dem Iowa Senate            fv 0.415 (ref 0.415) inv    +0 race    +0 | bid 0.395 x2000 ask 0.420 x513
2026-10-01T16:47:50+0000 mm-bot python[28561]: 2026-10-01 16:47:50 INFO    Dem Georgia Senate         fv 0.967 (ref 0.970) inv    +0 race    +0 | bid    -        ask 0.975 x2000
2026-10-01T16:47:50+0000 mm-bot python[28561]: 2026-10-01 16:47:50 INFO    Rep TX-23 House race       fv 0.632 (ref 0.635) inv  +100 race  -806 | bid 0.620 x1491 ask 0.675 x2000
2026-10-01T16:47:50+0000 mm-bot python[28561]: 2026-10-01 16:47:50 INFO    Dem TX-23 House race       fv 0.368 (ref 0.355) inv  +906 race  +806 | bid 0.325 x2000 ask 0.355 x1006
2026-10-01T16:47:50+0000 mm-bot python[28561]: 2026-10-01 16:47:50 INFO    Dem SC-01 House race       fv 0.270 (ref 0.265) inv  -634 race  -135 | bid 0.255 x1949 ask 0.285 x1819
2026-10-01T16:47:50+0000 mm-bot python[28561]: 2026-10-01 16:47:50 INFO    Dem NY-13 House race       fv 0.970 (ref 0.972) inv    +0 race    +0 | bid    -        ask 0.975 x100
2026-10-01T16:47:50+0000 mm-bot python[28561]: 2026-10-01 16:47:50 INFO    Rep NJ-07 House race       fv 0.107 (ref 0.105) inv    +0 race    +0 | bid 0.100 x100  ask 0.125 x100
2026-10-01T16:47:50+0000 mm-bot python[28561]: 2026-10-01 16:47:50 INFO    Dem NE-02 House race       fv 0.916 (ref 0.915) inv    +0 race    +0 | bid 0.895 x100  ask 0.920 x100
2026-10-01T16:47:50+0000 mm-bot python[28561]: 2026-10-01 16:47:50 INFO    Rep IA-03 House race       fv 0.247 (ref 0.245) inv    +0 race    +0 | bid 0.240 x100  ask 0.265 x100
2026-10-01T16:47:50+0000 mm-bot python[28561]: 2026-10-01 16:47:50 INFO    Rep CA-22 House race       fv 0.097 inv   -42 race  -142 | bid 0.095 x100  ask 0.120 x100
2026-10-01T16:47:51+0000 mm-bot python[28561]: 2026-10-01 16:47:51 INFO    Dem CA-22 House race       fv 0.903 inv  +100 race  +142 | bid 0.880 x100  ask 0.920 x100
2026-10-01T16:47:55+0000 mm-bot python[28561]: 2026-10-01 16:47:55 INFO    Rep AZ-06 House race       fv 0.173 (ref 0.175) inv +1000 race  +900 | bid 0.140 x2000 ask 0.165 x1100
2026-10-01T16:48:00+0000 mm-bot python[28561]: 2026-10-01 16:48:00 INFO    Rep Arkansas Governor      fv   -   (ref 0.969) inv    +0 race    +0 | bid    -        ask    -
2026-10-01T16:48:00+0000 mm-bot python[28561]: 2026-10-01 16:48:00 INFO    Rep U.S. Senate            fv 0.376 (ref 0.375) inv -3126 race -3126 | bid 0.385 x10000 ask 0.490 x6874
2026-10-01T16:48:00+0000 mm-bot python[28561]: 2026-10-01 16:48:00 INFO    Dem U.S. House             fv 0.923 (ref 0.925) inv  -975 race  -975 | bid 0.920 x10000 ask 0.955 x9025
2026-10-01T16:48:21+0000 mm-bot python[28561]: 2026-10-01 16:48:21 INFO    realtime: missed message(s) on user:6c996168-fbca-415e-bb62-04b8bcaa95f3 - full resync next cycle
2026-10-01T16:48:21+0000 mm-bot python[28561]: 2026-10-01 16:48:21 INFO    realtime: missed message(s) on user:6c996168-fbca-415e-bb62-04b8bcaa95f3 - full resync next cycle
2026-10-01T16:48:21+0000 mm-bot python[28561]: 2026-10-01 16:48:21 INFO    realtime: missed message(s) on user:6c996168-fbca-415e-bb62-04b8bcaa95f3 - full resync next cycle
2026-10-01T16:48:48+0000 mm-bot python[28561]: 2026-10-01 16:48:48 ERROR   batch of 17 orders failed (409 REQUEST_IN_FLIGHT: An identical request with this idempotency key is still in flight. Retry with the same key after 90 seconds.)
2026-10-01T16:48:55+0000 mm-bot python[28561]: 2026-10-01 16:48:55 INFO    Tracking 237 exchanges in 117 races
2026-10-01T16:49:30+0000 mm-bot python[28561]: 2026-10-01 16:49:30 INFO    FILL ex 960  our ? x1639 @ 0.42  (fv when quoted ?)
2026-10-01T16:49:30+0000 mm-bot python[28561]: 2026-10-01 16:49:30 INFO    FILL ex 960  our bid x1639 @ 0.42  (fv when quoted 0.41174999999999995)
2026-10-01T16:49:30+0000 mm-bot python[28561]: 2026-10-01 16:49:30 INFO    FILL ex 840  our bid x25 @ 0.92  (fv when quoted 0.92275)
2026-10-01T16:49:30+0000 mm-bot python[28561]: 2026-10-01 16:49:30 INFO    FILL ex 958  our bid x100 @ 0.915  (fv when quoted 0.9307376237623762)
2026-10-01T16:49:30+0000 mm-bot python[28561]: 2026-10-01 16:49:30 INFO    FILL ex 840  our bid x500 @ 0.92  (fv when quoted 0.92275)
2026-10-01T16:49:30+0000 mm-bot python[28561]: 2026-10-01 16:49:30 INFO    FILL ex 960  our bid x500 @ 0.42  (fv when quoted 0.41174999999999995)
2026-10-01T16:49:30+0000 mm-bot python[28561]: 2026-10-01 16:49:30 INFO    FILL ex 960  our bid x500 @ 0.42  (fv when quoted 0.41174999999999995)
2026-10-01T16:49:30+0000 mm-bot python[28561]: 2026-10-01 16:49:30 INFO    FILL ex 960  our bid x250 @ 0.42  (fv when quoted 0.41174999999999995)
2026-10-01T16:49:30+0000 mm-bot python[28561]: 2026-10-01 16:49:30 INFO    FILL ex 843  our ? x1200 @ 0.385  (fv when quoted ?)
2026-10-01T16:49:30+0000 mm-bot python[28561]: 2026-10-01 16:49:30 INFO    FILL ex 960  our bid x500 @ 0.42  (fv when quoted 0.41174999999999995)
2026-10-01T16:49:30+0000 mm-bot python[28561]: 2026-10-01 16:49:30 INFO    FILL ex 1034  our ask x100 @ 0.8  (fv when quoted 0.7784488921529635)
2026-10-01T16:49:30+0000 mm-bot python[28561]: 2026-10-01 16:49:30 INFO    FILL ex 931  our ? x346 @ 0.725  (fv when quoted ?)
2026-10-01T16:49:30+0000 mm-bot python[28561]: 2026-10-01 16:49:30 INFO    FILL ex 843  our ? x8602 @ 0.385  (fv when quoted ?)
2026-10-01T16:49:30+0000 mm-bot python[28561]: 2026-10-01 16:49:30 INFO    FILL ex 889  our ? x50 @ 0.835  (fv when quoted ?)
2026-10-01T16:49:30+0000 mm-bot python[28561]: 2026-10-01 16:49:30 INFO    realtime | account 132719 (locked in orders 31600, detecting) | worst-case loss 6711 | party delta -1302 | priced 50/237 | resting 82
2026-10-01T16:49:30+0000 mm-bot python[28561]: 2026-10-01 16:49:30 INFO    Dem Rhode Island Governor  fv 0.960 (ref 0.967) inv    +0 race    +0 | bid    -        ask 0.970 x100
2026-10-01T16:49:32+0000 mm-bot python[28561]: 2026-10-01 16:49:32 INFO    Rep NH-01 House race       fv   -   (ref 0.026) inv    +0 race    +0 | bid    -        ask    -
2026-10-01T16:49:32+0000 mm-bot python[28561]: 2026-10-01 16:49:32 INFO    Dem Tennessee Senate       fv 0.023 (ref 0.019) inv    +0 race    +0 | bid 0.010 x100  ask    -
2026-10-01T16:49:32+0000 mm-bot python[28561]: 2026-10-01 16:49:32 INFO    Dem Minnesota Senate       fv 0.897 (ref 0.905) inv    +0 race    +0 | bid 0.880 x100  ask 0.910 x100
2026-10-01T16:49:34+0000 mm-bot python[28561]: 2026-10-01 16:49:34 INFO    Rep Michigan Senate        fv 0.276 (ref 0.275) inv  -620 race  -170 | bid 0.270 x1254 ask 0.295 x1784
2026-10-01T16:49:34+0000 mm-bot python[28561]: 2026-10-01 16:49:34 INFO    Rep WI-03 House race       fv 0.263 (ref 0.255) inv    +0 race    +0 | bid 0.250 x100  ask 0.275 x100
2026-10-01T16:49:34+0000 mm-bot python[28561]: 2026-10-01 16:49:34 INFO    Dem WI-03 House race       fv 0.737 (ref 0.725) inv    +0 race    +0 | bid 0.720 x100  ask 0.750 x100
2026-10-01T16:49:34+0000 mm-bot python[28561]: 2026-10-01 16:49:34 INFO    Rep WI-01 House race       fv 0.665 (ref 0.665) inv    +0 race    +0 | bid 0.655 x100  ask 0.680 x100
2026-10-01T16:49:36+0000 mm-bot python[28561]: 2026-10-01 16:49:36 INFO    Dem WI-01 House race       fv 0.335 (ref 0.335) inv    +0 race    +0 | bid 0.320 x100  ask 0.345 x100
2026-10-01T16:49:38+0000 mm-bot python[28561]: 2026-10-01 16:49:38 INFO    Rep VA-05 House race       fv 0.778 (ref 0.785) inv    +0 race    +0 | bid 0.765 x100  ask 0.800 x100
2026-10-01T16:49:40+0000 mm-bot python[28561]: 2026-10-01 16:49:40 INFO    Dem VA-05 House race       fv 0.222 (ref 0.225) inv    +0 race    +0 | bid 0.210 x100  ask 0.235 x100
2026-10-01T16:49:43+0000 mm-bot python[28561]: 2026-10-01 16:49:43 INFO    Dem VA-02 House race       fv 0.809 (ref 0.815) inv    +0 race    +0 | bid 0.795 x100  ask 0.820 x100
2026-10-01T16:49:44+0000 mm-bot python[28561]: 2026-10-01 16:49:44 INFO    Dem MN-01 House race       fv   -   (ref 0.235) inv    +0 race    +0 | bid    -        ask    -
2026-10-01T16:49:52+0000 mm-bot python[28561]: 2026-10-01 16:49:52 INFO    Rep MI-10 House race       fv 0.346 (ref 0.345) inv    +0 race    +0 | bid 0.335 x100  ask 0.360 x100
2026-10-01T16:49:54+0000 mm-bot python[28561]: 2026-10-01 16:49:54 INFO    Dem MI-10 House race       fv 0.653 (ref 0.655) inv    +0 race    +0 | bid 0.640 x100  ask 0.665 x100
2026-10-01T16:50:05+0000 mm-bot python[28561]: 2026-10-01 16:50:05 INFO    Rep FL-22 House race       fv 0.483 (ref 0.485) inv    +0 race    +0 | bid 0.470 x100  ask 0.495 x100
2026-10-01T16:50:05+0000 mm-bot python[28561]: 2026-10-01 16:50:05 INFO    Dem FL-22 House race       fv   -   (ref 0.505) inv    +0 race    +0 | bid    -        ask    -
2026-10-01T16:50:11+0000 mm-bot python[28561]: 2026-10-01 16:50:11 INFO    Dem FL-20 House race       fv   -   (ref 0.955) inv    +0 race    +0 | bid    -        ask    -
2026-10-01T16:50:12+0000 mm-bot python[28561]: 2026-10-01 16:50:12 INFO    Dem Minnesota Governor     fv 0.952 (ref 0.955) inv    +0 race    +0 | bid    -        ask 0.965 x100
2026-10-01T16:50:13+0000 mm-bot python[28561]: 2026-10-01 16:50:13 INFO    Dem Hawaii Governor        fv 0.976 (ref 0.978) inv    +0 race    +0 | bid    -        ask 0.985 x100
2026-10-01T16:50:14+0000 mm-bot python[28561]: 2026-10-01 16:50:14 INFO    Rep West Virginia Senate   fv   -   (ref 0.986) inv    +0 race    +0 | bid    -        ask    -
2026-10-01T16:50:15+0000 mm-bot python[28561]: 2026-10-01 16:50:15 INFO    Rep South Carolina Senate  fv 0.868 (ref 0.865) inv    +0 race    +0 | bid 0.855 x100  ask 0.885 x100
2026-10-01T16:50:20+0000 mm-bot python[28561]: 2026-10-01 16:50:20 INFO    Rep Oregon Senate          fv   -   (ref 0.020) inv    +0 race    +0 | bid    -        ask    -
2026-10-01T16:50:20+0000 mm-bot python[28561]: 2026-10-01 16:50:20 INFO    Dem Oregon Senate          fv 0.975 (ref 0.978) inv    +0 race    +0 | bid    -        ask 0.985 x2000
2026-10-01T16:50:21+0000 mm-bot python[28561]: 2026-10-01 16:50:21 INFO    Rep New Mexico Senate      fv 0.018 (ref 0.017) inv    +0 race    +0 | bid 0.005 x100  ask    -
2026-10-01T16:50:21+0000 mm-bot python[28561]: 2026-10-01 16:50:21 INFO    Dem New Mexico Senate      fv 0.982 (ref 0.970) inv    +0 race    +0 | bid    -        ask 0.995 x100
2026-10-01T16:50:21+0000 mm-bot python[28561]: 2026-10-01 16:50:21 INFO    Dem North Carolina Senate  fv 0.952 (ref 0.955) inv    +0 race    +0 | bid    -        ask 0.965 x100
2026-10-01T16:50:22+0000 mm-bot python[28561]: 2026-10-01 16:50:22 INFO    Rep Maine Senate           fv 0.412 (ref 0.405) inv +3167 race +3767 | bid 0.290 x2000 ask 0.425 x2000
2026-10-01T16:50:22+0000 mm-bot python[28561]: 2026-10-01 16:50:22 INFO    Rep Louisiana Senate       fv 0.930 (ref 0.935) inv  +100 race  +100 | bid 0.905 x100  ask 0.940 x100
2026-10-01T16:50:23+0000 mm-bot python[28561]: 2026-10-01 16:50:23 INFO    Dem Idaho Senate           fv   -   (ref 0.001) inv    +0 race  -100 | bid    -        ask    -
2026-10-01T16:50:23+0000 mm-bot python[28561]: 2026-10-01 16:50:23 INFO    Dem Iowa Senate            fv 0.415 (ref 0.415) inv  -513 race  -513 | bid 0.415 x613  ask 0.440 x2000
2026-10-01T16:50:24+0000 mm-bot python[28561]: 2026-10-01 16:50:24 INFO    Dem Georgia Senate         fv 0.967 (ref 0.970) inv    +0 race    +0 | bid    -        ask 0.980 x2000
2026-10-01T16:50:26+0000 mm-bot python[28561]: 2026-10-01 16:50:26 INFO    Rep Colorado Senate        fv 0.019 (ref 0.015) inv    +0 race    +0 | bid 0.010 x2000 ask    -
2026-10-01T16:50:30+0000 mm-bot python[28561]: 2026-10-01 16:50:30 INFO    Rep Arkansas Senate        fv 0.938 (ref 0.937) inv    +0 race    +0 | bid 0.925 x2000 ask 0.950 x2000
2026-10-01T16:50:31+0000 mm-bot python[28561]: 2026-10-01 16:50:31 INFO    Rep TX-23 House race       fv   -   (ref 0.635) inv  +100 race  -806 | bid    -        ask    -
2026-10-01T16:50:32+0000 mm-bot python[28561]: 2026-10-01 16:50:32 INFO    Dem TX-23 House race       fv   -   (ref 0.355) inv  +906 race  +806 | bid    -        ask    -
2026-10-01T16:50:41+0000 mm-bot python[28561]: 2026-10-01 16:50:41 INFO    Rep SC-01 House race       fv 0.731 (ref 0.735) inv  -499 race  +135 | bid 0.715 x2000 ask 0.740 x150
2026-10-01T16:50:45+0000 mm-bot python[28561]: 2026-10-01 16:50:45 INFO    Dem SC-01 House race       fv 0.269 (ref 0.265) inv  -634 race  -135 | bid 0.260 x1283 ask 0.285 x1819
2026-10-01T16:50:45+0000 mm-bot python[28561]: 2026-10-01 16:50:45 INFO    Dem NY-13 House race       fv 0.970 (ref 0.972) inv    +0 race    +0 | bid    -        ask 0.980 x100
2026-10-01T16:50:46+0000 mm-bot python[28561]: 2026-10-01 16:50:46 INFO    Rep NJ-07 House race       fv 0.107 (ref 0.105) inv    +0 race    +0 | bid 0.095 x100  ask 0.120 x100
2026-10-01T16:50:46+0000 mm-bot python[28561]: 2026-10-01 16:50:46 INFO    Dem NE-02 House race       fv   -   (ref 0.915) inv    +0 race    +0 | bid    -        ask    -
2026-10-01T16:50:46+0000 mm-bot python[28561]: 2026-10-01 16:50:46 INFO    Rep MT-01 House race       fv 0.675 (ref 0.675) inv    +0 race    +0 | bid 0.665 x100  ask 0.690 x100
2026-10-01T16:50:47+0000 mm-bot python[28561]: 2026-10-01 16:50:47 INFO    Rep IA-03 House race       fv 0.247 (ref 0.245) inv    +0 race    +0 | bid 0.235 x100  ask 0.260 x100
2026-10-01T16:50:47+0000 mm-bot python[28561]: 2026-10-01 16:50:47 INFO    Dem FL-09 House race       fv 0.296 (ref 0.295) inv    +0 race    +0 | bid 0.280 x100  ask 0.305 x100
2026-10-01T16:50:51+0000 mm-bot python[28561]: 2026-10-01 16:50:51 INFO    Rep CA-22 House race       fv 0.097 inv   -42 race  -142 | bid 0.090 x100  ask 0.115 x100
2026-10-01T16:50:52+0000 mm-bot python[28561]: 2026-10-01 16:50:52 INFO    Rep AZ-06 House race       fv 0.173 (ref 0.175) inv +1000 race  +900 | bid 0.135 x2000 ask 0.165 x1100
2026-10-01T16:50:52+0000 mm-bot python[28561]: 2026-10-01 16:50:52 INFO    Ind Rhode Island Governor  fv 0.017 (ref 0.009) inv    +0 race    +0 | bid 0.005 x100  ask    -
2026-10-01T16:50:52+0000 mm-bot python[28561]: 2026-10-01 16:50:52 INFO    Dem Iowa Governor          fv 0.840 (ref 0.845) inv    +0 race    +0 | bid 0.825 x100  ask 0.850 x100
2026-10-01T16:50:53+0000 mm-bot python[28561]: 2026-10-01 16:50:53 INFO    Rep U.S. Senate            fv 0.376 (ref 0.375) inv -1926 race -1926 | bid 0.385 x10000 ask 0.445 x8074
2026-10-01T16:50:53+0000 mm-bot python[28561]: 2026-10-01 16:50:53 INFO    Dem U.S. House             fv 0.923 (ref 0.925) inv   +50 race   +50 | bid 0.905 x9950 ask 0.930 x10000
2026-10-01T16:51:34+0000 mm-bot python[28561]: 2026-10-01 16:51:34 ERROR   batch of 20 orders failed (409 REQUEST_IN_FLIGHT: An identical request with this idempotency key is still in flight. Retry with the same key after 90 seconds.)
2026-10-01T16:52:08+0000 mm-bot python[28561]: 2026-10-01 16:52:08 ERROR   batch of 16 orders failed (409 REQUEST_IN_FLIGHT: An identical request with this idempotency key is still in flight. Retry with the same key after 90 seconds.)
2026-10-01T16:53:03+0000 mm-bot python[28561]: 2026-10-01 16:53:03 INFO    FILL ex 960  our bid x211 @ 0.42  (fv when quoted 0.41174999999999995)
2026-10-01T16:53:03+0000 mm-bot python[28561]: 2026-10-01 16:53:03 INFO    FILL ex 949  our ask x513 @ 0.42  (fv when quoted 0.415)
2026-10-01T16:53:03+0000 mm-bot python[28561]: 2026-10-01 16:53:03 INFO    FILL ex 889  our ? x9 @ 0.835  (fv when quoted ?)
2026-10-01T16:53:03+0000 mm-bot python[28561]: 2026-10-01 16:53:03 INFO    FILL ex 840  our bid x2500 @ 0.92  (fv when quoted 0.92275)
2026-10-01T16:53:03+0000 mm-bot python[28561]: 2026-10-01 16:53:03 INFO    FILL ex 889  our ? x3 @ 0.835  (fv when quoted ?)
2026-10-01T16:53:03+0000 mm-bot python[28561]: 2026-10-01 16:53:03 INFO    FILL ex 889  our ? x354 @ 0.835  (fv when quoted ?)
2026-10-01T16:53:03+0000 mm-bot python[28561]: 2026-10-01 16:53:03 INFO    FILL ex 843  our ? x198 @ 0.385  (fv when quoted ?)
2026-10-01T16:53:03+0000 mm-bot python[28561]: 2026-10-01 16:53:03 INFO    FILL ex 1041  our ask x100 @ 0.275  (fv when quoted 0.26283292731405505)
2026-10-01T16:53:03+0000 mm-bot python[28561]: 2026-10-01 16:53:03 INFO    FILL ex 1034  our ask x100 @ 0.8  (fv when quoted 0.7784488921529635)
2026-10-01T16:53:03+0000 mm-bot python[28561]: 2026-10-01 16:53:03 INFO    FILL ex 889  our ? x23 @ 0.835  (fv when quoted ?)
2026-10-01T16:53:03+0000 mm-bot python[28561]: 2026-10-01 16:53:03 INFO    FILL ex 889  our ? x3 @ 0.835  (fv when quoted ?)
2026-10-01T16:53:03+0000 mm-bot python[28561]: 2026-10-01 16:53:03 INFO    realtime | account 111448 (locked in orders 11165, detecting) | worst-case loss 11036 | party delta +5326 | priced 45/237 | resting 65
2026-10-01T16:53:04+0000 mm-bot python[28561]: 2026-10-01 16:53:04 INFO    Dem Rhode Island Governor  fv 0.960 (ref 0.966) inv    +0 race    +0 | bid    -        ask 0.980 x100
2026-10-01T16:53:04+0000 mm-bot python[28561]: 2026-10-01 16:53:04 INFO    Rep Virginia Senate        fv 0.020 (ref 0.018) inv    +0 race    +0 | bid 0.005 x100  ask    -
2026-10-01T16:53:04+0000 mm-bot python[28561]: 2026-10-01 16:53:04 INFO    Rep Tennessee Senate       fv 0.977 (ref 0.972) inv    +0 race    +0 | bid    -        ask 0.985 x100
2026-10-01T16:53:07+0000 mm-bot python[28561]: 2026-10-01 16:53:07 INFO    Dem Minnesota Senate       fv 0.897 (ref 0.905) inv    +0 race    +0 | bid 0.880 x100  ask 0.915 x100
2026-10-01T16:53:08+0000 mm-bot python[28561]: 2026-10-01 16:53:08 INFO    Rep Michigan Senate        fv 0.276 (ref 0.275) inv  -620 race  -170 | bid 0.265 x1903 ask 0.290 x1201
2026-10-01T16:53:08+0000 mm-bot python[28561]: 2026-10-01 16:53:08 INFO    Rep WI-03 House race       fv 0.264 (ref 0.255) inv  -100 race  -100 | bid 0.250 x100  ask 0.275 x100
2026-10-01T16:53:09+0000 mm-bot python[28561]: 2026-10-01 16:53:09 INFO    Rep WI-01 House race       fv   -   (ref 0.665) inv    +0 race    +0 | bid    -        ask    -
2026-10-01T16:53:09+0000 mm-bot python[28561]: 2026-10-01 16:53:09 INFO    Dem WI-01 House race       fv 0.334 (ref 0.335) inv    +0 race    +0 | bid 0.325 x100  ask 0.350 x100
2026-10-01T16:53:11+0000 mm-bot python[28561]: 2026-10-01 16:53:11 INFO    Rep VA-05 House race       fv 0.786 (ref 0.785) inv  -200 race  -200 | bid 0.775 x100  ask 0.800 x100
2026-10-01T16:53:11+0000 mm-bot python[28561]: 2026-10-01 16:53:11 INFO    Dem VA-05 House race       fv   -   (ref 0.225) inv    +0 race  +200 | bid    -        ask    -
2026-10-01T16:53:12+0000 mm-bot python[28561]: 2026-10-01 16:53:12 INFO    Dem VA-02 House race       fv 0.809 (ref 0.815) inv    +0 race    +0 | bid 0.800 x100  ask 0.825 x100
2026-10-01T16:53:19+0000 mm-bot python[28561]: 2026-10-01 16:53:19 INFO    Rep MI-10 House race       fv 0.346 (ref 0.345) inv    +0 race    +0 | bid 0.330 x100  ask 0.355 x100
2026-10-01T16:53:19+0000 mm-bot python[28561]: 2026-10-01 16:53:19 INFO    Dem MI-10 House race       fv 0.653 (ref 0.655) inv    +0 race    +0 | bid 0.645 x100  ask 0.670 x100
2026-10-01T16:53:20+0000 mm-bot python[28561]: 2026-10-01 16:53:20 INFO    Rep MI-07 House race       fv   -   (ref 0.435) inv    +0 race  +100 | bid    -        ask    -
2026-10-01T16:53:20+0000 mm-bot python[28561]: 2026-10-01 16:53:20 INFO    Dem FL-22 House race       fv 0.513 (ref 0.505) inv    +0 race    +0 | bid 0.505 x100  ask 0.530 x100
2026-10-01T16:53:23+0000 mm-bot python[28561]: 2026-10-01 16:53:23 INFO    Rep FL-20 House race       fv   -   (ref 0.023) inv    +0 race    +0 | bid    -        ask    -
2026-10-01T16:53:23+0000 mm-bot python[28561]: 2026-10-01 16:53:23 INFO    Dem FL-16 House race       fv 0.157 (ref 0.155) inv    +0 race  +100 | bid 0.145 x100  ask 0.170 x100
2026-10-01T16:53:29+0000 mm-bot python[28561]: 2026-10-01 16:53:29 INFO    Dem Minnesota Governor     fv 0.952 (ref 0.955) inv    +0 race    +0 | bid    -        ask 0.970 x100
2026-10-01T16:53:31+0000 mm-bot python[28561]: 2026-10-01 16:53:31 INFO    Dem Hawaii Governor        fv 0.976 (ref 0.978) inv    +0 race    +0 | bid    -        ask 0.995 x100
2026-10-01T16:53:34+0000 mm-bot python[28561]: 2026-10-01 16:53:34 INFO    Dem Florida Governor       fv 0.220 (ref 0.215) inv  -164 race  -164 | bid 0.220 x100  ask 0.245 x100
2026-10-01T16:53:34+0000 mm-bot python[28561]: 2026-10-01 16:53:34 INFO    Rep South Carolina Senate  fv   -   (ref 0.865) inv    +0 race    +0 | bid    -        ask    -
2026-10-01T16:53:37+0000 mm-bot python[28561]: 2026-10-01 16:53:37 INFO    Dem Oregon Senate          fv 0.975 (ref 0.978) inv    +0 race    +0 | bid    -        ask 0.995 x2000
2026-10-01T16:53:39+0000 mm-bot python[28561]: 2026-10-01 16:53:39 INFO    Dem North Carolina Senate  fv 0.952 (ref 0.955) inv    +0 race    +0 | bid    -        ask 0.970 x100
2026-10-01T16:53:39+0000 mm-bot python[28561]: 2026-10-01 16:53:39 INFO    Rep Maine Senate           fv 0.404 (ref 0.405) inv +3378 race +3978 | bid 0.265 x2000 ask 0.400 x2000
2026-10-01T16:53:54+0000 mm-bot python[28561]: 2026-10-01 16:53:54 INFO    Dem Kentucky Senate        fv   -   (ref 0.026) inv    +0 race    +0 | bid    -        ask    -
2026-10-01T16:53:55+0000 mm-bot python[28561]: 2026-10-01 16:53:55 INFO    Rep Illinois Senate        fv 0.025 (ref 0.024) inv    +0 race    +0 | bid 0.005 x2000 ask    -
2026-10-01T16:53:59+0000 mm-bot python[28561]: 2026-10-01 16:53:59 INFO    Dem Iowa Senate            fv 0.417 (ref 0.415) inv -1026 race -1026 | bid 0.415 x1126 ask 0.465 x2000
2026-10-01T16:54:00+0000 mm-bot python[28561]: 2026-10-01 16:54:00 INFO    Dem Georgia Senate         fv 0.967 (ref 0.970) inv    +0 race    +0 | bid    -        ask 0.985 x2000
2026-10-01T16:54:01+0000 mm-bot python[28561]: 2026-10-01 16:54:01 INFO    Rep Colorado Senate        fv 0.019 (ref 0.015) inv    +0 race    +0 | bid 0.005 x2000 ask    -
2026-10-01T16:54:01+0000 mm-bot python[28561]: 2026-10-01 16:54:01 INFO    Dem Colorado Senate        fv 0.981 (ref 0.981) inv    +0 race    +0 | bid    -        ask 0.995 x2000
2026-10-01T16:54:06+0000 mm-bot python[28561]: 2026-10-01 16:54:06 INFO    Rep Arkansas Senate        fv 0.938 (ref 0.937) inv    +0 race    +0 | bid 0.920 x2000 ask 0.945 x2000
2026-10-01T16:54:06+0000 mm-bot python[28561]: 2026-10-01 16:54:06 INFO    Rep SC-01 House race       fv 0.735 (ref 0.735) inv  -153 race  +481 | bid 0.705 x2000 ask    -
2026-10-01T16:54:11+0000 mm-bot python[28561]: 2026-10-01 16:54:11 INFO    Dem SC-01 House race       fv   -   (ref 0.260) inv  -634 race  -481 | bid    -        ask    -
2026-10-01T16:54:11+0000 mm-bot python[28561]: 2026-10-01 16:54:11 INFO    Dem NY-13 House race       fv 0.970 (ref 0.972) inv    +0 race    +0 | bid    -        ask 0.990 x100
2026-10-01T16:54:16+0000 mm-bot python[28561]: 2026-10-01 16:54:16 INFO    Rep NJ-07 House race       fv 0.107 (ref 0.105) inv    +0 race    +0 | bid 0.090 x100  ask 0.115 x100
2026-10-01T16:54:16+0000 mm-bot python[28561]: 2026-10-01 16:54:16 INFO    Dem NE-02 House race       fv 0.916 (ref 0.915) inv    +0 race    +0 | bid 0.910 x100  ask 0.935 x100
2026-10-01T16:54:16+0000 mm-bot python[28561]: 2026-10-01 16:54:16 INFO    Rep MT-01 House race       fv 0.675 (ref 0.675) inv    +0 race    +0 | bid 0.655 x100  ask 0.680 x100
2026-10-01T16:54:21+0000 mm-bot python[28561]: 2026-10-01 16:54:21 INFO    Rep IA-03 House race       fv   -   (ref 0.245) inv    +0 race    +0 | bid    -        ask    -
2026-10-01T16:54:21+0000 mm-bot python[28561]: 2026-10-01 16:54:21 INFO    Dem FL-09 House race       fv 0.296 (ref 0.295) inv    +0 race    +0 | bid 0.290 x100  ask 0.315 x100
2026-10-01T16:54:34+0000 mm-bot python[28561]: 2026-10-01 16:54:34 INFO    Rep CA-22 House race       fv   -   inv   -42 race  -142 | bid    -        ask    -
2026-10-01T16:54:35+0000 mm-bot python[28561]: 2026-10-01 16:54:35 INFO    Dem CA-22 House race       fv 0.907 inv  +100 race  +142 | bid 0.895 x100  ask 0.920 x100
2026-10-01T16:54:35+0000 mm-bot python[28561]: 2026-10-01 16:54:35 INFO    Rep AZ-06 House race       fv 0.173 (ref 0.175) inv  +558 race  +458 | bid 0.140 x2000 ask 0.165 x658
2026-10-01T16:54:35+0000 mm-bot python[28561]: 2026-10-01 16:54:35 INFO    Ind Rhode Island Governor  fv 0.017 (ref 0.009) inv    +0 race    +0 | bid 0.005 x100  ask    -
2026-10-01T16:54:39+0000 mm-bot python[28561]: 2026-10-01 16:54:39 INFO    Dem Maryland Governor      fv   -   (ref 0.965) inv    +0 race    +0 | bid    -        ask    -
2026-10-01T16:54:39+0000 mm-bot python[28561]: 2026-10-01 16:54:39 INFO    Dem Iowa Governor          fv 0.840 (ref 0.845) inv    +0 race    +0 | bid 0.825 x100  ask 0.860 x100
2026-10-01T16:54:39+0000 mm-bot python[28561]: 2026-10-01 16:54:39 INFO    Rep U.S. Senate            fv 0.376 (ref 0.375) inv +6874 race +6874 | bid 0.150 x3126 ask 0.375 x10000
2026-10-01T16:54:39+0000 mm-bot python[28561]: 2026-10-01 16:54:39 INFO    Dem U.S. House             fv 0.923 (ref 0.925) inv +2550 race +2550 | bid 0.840 x7450 ask 0.910 x10000
2026-10-01T16:55:18+0000 mm-bot python[28561]: 2026-10-01 16:55:18 ERROR   batch of 20 orders failed (409 REQUEST_IN_FLIGHT: An identical request with this idempotency key is still in flight. Retry with the same key after 90 seconds.)
2026-10-01T16:55:25+0000 mm-bot python[28561]: 2026-10-01 16:55:25 INFO    order on 843 traded 2000 immediately
2026-10-01T16:55:25+0000 mm-bot python[28561]: 2026-10-01 16:55:25 INFO    order on 840 traded 3413 immediately
2026-10-01T16:55:43+0000 mm-bot python[28561]: 2026-10-01 16:55:43 INFO    realtime: missed message(s) on user:6c996168-fbca-415e-bb62-04b8bcaa95f3 - full resync next cycle
2026-10-01T16:55:43+0000 mm-bot python[28561]: 2026-10-01 16:55:43 INFO    realtime: missed message(s) on user:6c996168-fbca-415e-bb62-04b8bcaa95f3 - full resync next cycle
2026-10-01T16:55:44+0000 mm-bot python[28561]: 2026-10-01 16:55:44 INFO    FILL ex 1020  our bid x100 @ 0.415  (fv when quoted 0.432)
2026-10-01T16:55:44+0000 mm-bot python[28561]: 2026-10-01 16:55:44 INFO    FILL ex 949  our ? x613 @ 0.415  (fv when quoted ?)
2026-10-01T16:55:44+0000 mm-bot python[28561]: 2026-10-01 16:55:44 INFO    FILL ex 889  our ? x2 @ 0.835  (fv when quoted ?)
2026-10-01T16:55:44+0000 mm-bot python[28561]: 2026-10-01 16:55:44 INFO    FILL ex 1041  our ask x100 @ 0.275  (fv when quoted 0.26394523326572006)
2026-10-01T16:55:44+0000 mm-bot python[28561]: 2026-10-01 16:55:44 INFO    FILL ex 889  our ? x597 @ 0.835  (fv when quoted ?)
2026-10-01T16:55:44+0000 mm-bot python[28561]: 2026-10-01 16:55:44 INFO    FILL ex 1034  our ask x100 @ 0.8  (fv when quoted 0.7857500000000001)
2026-10-01T16:55:44+0000 mm-bot python[28561]: 2026-10-01 16:55:44 INFO    FILL ex 843  our ask x2000 @ 0.375  (fv when quoted 0.37575)
2026-10-01T16:55:44+0000 mm-bot python[28561]: 2026-10-01 16:55:44 INFO    FILL ex 840  our ask x508 @ 0.91  (fv when quoted 0.92275)
2026-10-01T16:55:44+0000 mm-bot python[28561]: 2026-10-01 16:55:44 INFO    FILL ex 840  our ask x2905 @ 0.91  (fv when quoted 0.92275)
2026-10-01T16:55:44+0000 mm-bot python[28561]: 2026-10-01 16:55:44 INFO    FILL ex 960  our ? x1950 @ 0.415  (fv when quoted ?)
2026-10-01T16:55:44+0000 mm-bot python[28561]: 2026-10-01 16:55:44 INFO    FILL ex 960  our ? x50 @ 0.41  (fv when quoted ?)
2026-10-01T16:55:44+0000 mm-bot python[28561]: 2026-10-01 16:55:44 INFO    FILL ex 840  our ask x250 @ 0.91  (fv when quoted 0.92275)
2026-10-01T16:55:44+0000 mm-bot python[28561]: 2026-10-01 16:55:44 INFO    FILL ex 840  our ask x437 @ 0.91  (fv when quoted 0.92275)
2026-10-01T16:55:44+0000 mm-bot python[28561]: 2026-10-01 16:55:44 INFO    realtime | account 117346 (locked in orders 16318, detecting) | worst-case loss 7815 | party delta +5427 | priced 44/237 | resting 60
2026-10-01T16:55:44+0000 mm-bot python[28561]: 2026-10-01 16:55:44 INFO    Dem Rhode Island Governor  fv   -   (ref 0.966) inv    +0 race    +0 | bid    -        ask    -
2026-10-01T16:55:44+0000 mm-bot python[28561]: 2026-10-01 16:55:44 INFO    Rep Massachusetts Governor fv 0.030 (ref 0.029) inv    +0 race    +0 | bid 0.010 x100  ask    -
2026-10-01T16:55:44+0000 mm-bot python[28561]: 2026-10-01 16:55:44 INFO    Dem Massachusetts Governor fv 0.970 (ref 0.962) inv    +0 race    +0 | bid    -        ask 0.990 x100
2026-10-01T16:55:44+0000 mm-bot python[28561]: 2026-10-01 16:55:44 INFO    Rep Alaska Governor        fv 0.233 inv    +0 race  -100 | bid 0.205 x100  ask 0.245 x100
2026-10-01T16:55:44+0000 mm-bot python[28561]: 2026-10-01 16:55:44 INFO    Rep Wyoming Senate         fv 0.971 (ref 0.974) inv    +0 race    +0 | bid    -        ask 0.980 x100
2026-10-01T16:55:44+0000 mm-bot python[28561]: 2026-10-01 16:55:44 INFO    Dem Wyoming Senate         fv 0.029 (ref 0.025) inv    +0 race    +0 | bid 0.020 x100  ask    -
2026-10-01T16:55:45+0000 mm-bot python[28561]: 2026-10-01 16:55:45 INFO    Dem Tennessee Senate       fv   -   (ref 0.019) inv    +0 race    +0 | bid    -        ask    -
2026-10-01T16:55:45+0000 mm-bot python[28561]: 2026-10-01 16:55:45 INFO    realtime: missed message(s) on user:6c996168-fbca-415e-bb62-04b8bcaa95f3 - full resync next cycle
2026-10-01T16:55:55+0000 mm-bot python[28561]: 2026-10-01 16:55:55 INFO    Dem Minnesota Senate       fv   -   (ref 0.905) inv    +0 race    +0 | bid    -        ask    -
2026-10-01T16:55:55+0000 mm-bot python[28561]: 2026-10-01 16:55:55 INFO    Rep Michigan Senate        fv   -   (ref 0.275) inv  -620 race  -170 | bid    -        ask    -
2026-10-01T16:55:55+0000 mm-bot python[28561]: 2026-10-01 16:55:55 INFO    Rep WI-03 House race       fv 0.264 (ref 0.255) inv  -200 race  -200 | bid 0.255 x100  ask 0.280 x100
2026-10-01T16:55:55+0000 mm-bot python[28561]: 2026-10-01 16:55:55 INFO    Dem WI-01 House race       fv   -   (ref 0.335) inv    +0 race    +0 | bid    -        ask    -
2026-10-01T16:55:55+0000 mm-bot python[28561]: 2026-10-01 16:55:55 INFO    Rep VA-05 House race       fv 0.789 (ref 0.785) inv  -300 race  -300 | bid 0.780 x100  ask 0.810 x100
2026-10-01T16:55:55+0000 mm-bot python[28561]: 2026-10-01 16:55:55 INFO    Rep MI-07 House race       fv 0.432 (ref 0.435) inv  +100 race  +200 | bid 0.410 x100  ask 0.435 x100
2026-10-01T16:55:55+0000 mm-bot python[28561]: 2026-10-01 16:55:55 INFO    Rep FL-20 House race       fv 0.024 (ref 0.023) inv    +0 race    +0 | bid 0.005 x100  ask    -
2026-10-01T16:55:55+0000 mm-bot python[28561]: 2026-10-01 16:55:55 INFO    Rep Tennessee Governor     fv 0.961 (ref 0.965) inv    +0 race    +0 | bid    -        ask 0.970 x100
2026-10-01T16:55:56+0000 mm-bot python[28561]: 2026-10-01 16:55:56 INFO    Dem Minnesota Governor     fv   -   (ref 0.955) inv    +0 race    +0 | bid    -        ask    -
2026-10-01T16:55:56+0000 mm-bot python[28561]: 2026-10-01 16:55:56 INFO    Rep Maine Senate           fv 0.404 (ref 0.405) inv +3378 race +3978 | bid 0.265 x2000 ask 0.400 x2000
2026-10-01T16:55:56+0000 mm-bot python[28561]: 2026-10-01 16:55:56 INFO    Rep Illinois Senate        fv 0.025 (ref 0.024) inv    +0 race    +0 | bid 0.005 x2000 ask    -
2026-10-01T16:55:56+0000 mm-bot python[28561]: 2026-10-01 16:55:56 INFO    Dem Iowa Senate            fv 0.418 (ref 0.415) inv  -413 race  -413 | bid 0.415 x513  ask 0.450 x2000
2026-10-01T16:55:56+0000 mm-bot python[28561]: 2026-10-01 16:55:56 INFO    Dem Georgia Senate         fv 0.967 (ref 0.970) inv    +0 race    +0 | bid    -        ask 0.985 x2000
2026-10-01T16:55:56+0000 mm-bot python[28561]: 2026-10-01 16:55:56 INFO    Rep Colorado Senate        fv 0.019 (ref 0.015) inv    +0 race    +0 | bid 0.005 x2000 ask    -
2026-10-01T16:55:56+0000 mm-bot python[28561]: 2026-10-01 16:55:56 INFO    Dem Colorado Senate        fv 0.981 (ref 0.981) inv    +0 race    +0 | bid    -        ask 0.995 x2000
2026-10-01T16:55:56+0000 mm-bot python[28561]: 2026-10-01 16:55:56 INFO    Rep Arkansas Senate        fv 0.938 (ref 0.937) inv    +0 race    +0 | bid 0.920 x2000 ask 0.945 x2000
2026-10-01T16:55:56+0000 mm-bot python[28561]: 2026-10-01 16:55:56 INFO    Rep SC-01 House race       fv 0.735 (ref 0.735) inv  -153 race  +481 | bid 0.705 x2000 ask    -
2026-10-01T16:55:59+0000 mm-bot python[28561]: 2026-10-01 16:55:59 INFO    Dem NY-13 House race       fv 0.970 (ref 0.972) inv    +0 race    +0 | bid    -        ask 0.990 x100
2026-10-01T16:55:59+0000 mm-bot python[28561]: 2026-10-01 16:55:59 INFO    Rep NJ-07 House race       fv 0.107 (ref 0.105) inv    +0 race    +0 | bid 0.090 x100  ask 0.115 x100
2026-10-01T16:55:59+0000 mm-bot python[28561]: 2026-10-01 16:55:59 INFO    Dem NE-02 House race       fv 0.916 (ref 0.915) inv    +0 race    +0 | bid 0.910 x100  ask 0.935 x100
2026-10-01T16:55:59+0000 mm-bot python[28561]: 2026-10-01 16:55:59 INFO    Rep MT-01 House race       fv   -   (ref 0.675) inv    +0 race    +0 | bid    -        ask    -
2026-10-01T16:55:59+0000 mm-bot python[28561]: 2026-10-01 16:55:59 INFO    realtime: missed message(s) on user:6c996168-fbca-415e-bb62-04b8bcaa95f3 - full resync next cycle
2026-10-01T16:55:59+0000 mm-bot python[28561]: 2026-10-01 16:55:59 INFO    realtime: missed message(s) on user:6c996168-fbca-415e-bb62-04b8bcaa95f3 - full resync next cycle
2026-10-01T16:56:00+0000 mm-bot python[28561]: 2026-10-01 16:56:00 INFO    Rep AZ-06 House race       fv 0.173 (ref 0.175) inv   -41 race  -141 | bid 0.160 x2000 ask 0.185 x1617
2026-10-01T16:56:00+0000 mm-bot python[28561]: 2026-10-01 16:56:00 INFO    realtime: missed message(s) on user:6c996168-fbca-415e-bb62-04b8bcaa95f3 - full resync next cycle
2026-10-01T16:56:05+0000 mm-bot python[28561]: 2026-10-01 16:56:05 INFO    Ind Rhode Island Governor  fv   -   (ref 0.009) inv    +0 race    +0 | bid    -        ask    -
2026-10-01T16:56:09+0000 mm-bot python[28561]: 2026-10-01 16:56:09 INFO    Dem Iowa Governor          fv   -   (ref 0.845) inv    +0 race    +0 | bid    -        ask    -
2026-10-01T16:56:13+0000 mm-bot python[28561]: 2026-10-01 16:56:13 INFO    Rep U.S. Senate            fv 0.376 (ref 0.375) inv +4874 race +4874 | bid 0.210 x5126 ask 0.375 x10000
2026-10-01T16:56:17+0000 mm-bot python[28561]: 2026-10-01 16:56:17 INFO    Dem U.S. House             fv 0.923 (ref 0.925) inv  -863 race  -863 | bid 0.910 x10000 ask 0.965 x9137
2026-10-01T16:56:27+0000 mm-bot python[28561]: 2026-10-01 16:56:27 INFO    order on 960 traded 2000 immediately
2026-10-01T16:56:43+0000 mm-bot python[28561]: 2026-10-01 16:56:43 ERROR   batch of 10 orders failed (409 REQUEST_IN_FLIGHT: An identical request with this idempotency key is still in flight. Retry with the same key after 90 seconds.)
2026-10-01T16:57:09+0000 mm-bot python[28561]: 2026-10-01 16:57:09 INFO    FILL ex 840  our ask x328 @ 0.91  (fv when quoted 0.92275)
2026-10-01T16:57:09+0000 mm-bot python[28561]: 2026-10-01 16:57:09 INFO    FILL ex 840  our ask x246 @ 0.91  (fv when quoted 0.92275)
2026-10-01T16:57:09+0000 mm-bot python[28561]: 2026-10-01 16:57:09 INFO    FILL ex 840  our ask x109 @ 0.91  (fv when quoted 0.92275)
2026-10-01T16:57:09+0000 mm-bot python[28561]: 2026-10-01 16:57:09 INFO    FILL ex 840  our ask x5 @ 0.91  (fv when quoted 0.92275)
2026-10-01T16:57:09+0000 mm-bot python[28561]: 2026-10-01 16:57:09 INFO    FILL ex 949  our ? x47 @ 0.5349999999999999  (fv when quoted ?)
2026-10-01T16:57:09+0000 mm-bot python[28561]: 2026-10-01 16:57:09 INFO    FILL ex 949  our ? x309 @ 0.5349999999999999  (fv when quoted ?)
2026-10-01T16:57:09+0000 mm-bot python[28561]: 2026-10-01 16:57:09 INFO    FILL ex 960  our ask x2000 @ 0.4  (fv when quoted 0.40425)
2026-10-01T16:57:09+0000 mm-bot python[28561]: 2026-10-01 16:57:09 INFO    FILL ex 1058  our ask x100 @ 0.245  (fv when quoted 0.2325)
2026-10-01T16:57:09+0000 mm-bot python[28561]: 2026-10-01 16:57:09 INFO    FILL ex 843  our ask x1026 @ 0.375  (fv when quoted 0.37575)
2026-10-01T16:57:09+0000 mm-bot python[28561]: 2026-10-01 16:57:09 INFO    realtime | account 117330 (locked in orders 16080, detecting) | worst-case loss 6609 | party delta +3058 | priced 50/237 | resting 71
2026-10-01T16:57:09+0000 mm-bot python[28561]: 2026-10-01 16:57:09 INFO    Dem Massachusetts Senate   fv 0.968 (ref 0.979) inv    +0 race    +0 | bid    -        ask 0.985 x100
2026-10-01T16:57:09+0000 mm-bot python[28561]: 2026-10-01 16:57:09 INFO    Rep Alaska Senate          fv 0.309 inv    +0 race    +0 | bid 0.295 x100  ask 0.320 x100
2026-10-01T16:57:09+0000 mm-bot python[28561]: 2026-10-01 16:57:09 INFO    Dem Alaska Senate          fv 0.691 inv    +0 race    +0 | bid 0.680 x100  ask 0.705 x100
2026-10-01T16:57:09+0000 mm-bot python[28561]: 2026-10-01 16:57:09 INFO    Rep Oklahoma Governor      fv 0.931 (ref 0.935) inv    +0 race    +0 | bid 0.915 x100  ask 0.940 x100
2026-10-01T16:57:09+0000 mm-bot python[28561]: 2026-10-01 16:57:09 INFO    Rep Alaska Governor        fv 0.230 inv  -100 race  -200 | bid 0.210 x100  ask 0.250 x100
2026-10-01T16:57:09+0000 mm-bot python[28561]: 2026-10-01 16:57:09 INFO    Dem TN-05 House race       fv 0.071 (ref 0.065) inv    +0 race  +100 | bid 0.060 x100  ask 0.090 x100
2026-10-01T16:57:09+0000 mm-bot python[28561]: 2026-10-01 16:57:09 INFO    Dem Florida Governor       fv 0.220 (ref 0.215) inv  -164 race  -164 | bid 0.215 x100  ask 0.240 x100
2026-10-01T16:57:10+0000 mm-bot python[28561]: 2026-10-01 16:57:10 INFO    Rep Maine Senate           fv 0.408 (ref 0.405) inv  -622 race   -22 | bid 0.395 x1668 ask 0.420 x917
2026-10-01T16:57:15+0000 mm-bot python[28561]: 2026-10-01 16:57:15 INFO    Rep Illinois Senate        fv 0.025 (ref 0.024) inv    +0 race    +0 | bid 0.010 x2000 ask    -
2026-10-01T16:57:18+0000 mm-bot python[28561]: 2026-10-01 16:57:18 INFO    Dem Iowa Senate            fv 0.417 (ref 0.415) inv  -769 race  -769 | bid 0.415 x869  ask 0.455 x2000
2026-10-01T16:57:18+0000 mm-bot python[28561]: 2026-10-01 16:57:18 INFO    Rep Georgia Senate         fv 0.032 (ref 0.028) inv    +0 race    +0 | bid 0.015 x100  ask    -
2026-10-01T16:57:19+0000 mm-bot python[28561]: 2026-10-01 16:57:19 INFO    Dem Georgia Senate         fv 0.968 (ref 0.970) inv    +0 race    +0 | bid    -        ask 0.985 x2000
2026-10-01T16:57:24+0000 mm-bot python[28561]: 2026-10-01 16:57:24 INFO    Rep Colorado Senate        fv 0.019 (ref 0.015) inv    +0 race    +0 | bid 0.005 x2000 ask    -
2026-10-01T16:57:38+0000 mm-bot python[28561]: 2026-10-01 16:57:38 INFO    Dem Colorado Senate        fv 0.981 (ref 0.981) inv    +0 race    +0 | bid    -        ask 0.995 x2000
2026-10-01T16:57:39+0000 mm-bot python[28561]: 2026-10-01 16:57:39 INFO    Rep Arkansas Senate        fv 0.938 (ref 0.937) inv    +0 race    +0 | bid 0.920 x2000 ask 0.945 x2000
2026-10-01T16:57:45+0000 mm-bot python[28561]: 2026-10-01 16:57:45 INFO    Dem FL-09 House race       fv 0.296 (ref 0.295) inv    +0 race    +0 | bid 0.285 x100  ask 0.310 x100
2026-10-01T16:58:16+0000 mm-bot python[28561]: 2026-10-01 16:58:16 INFO    FILL ex 1058  our ask x100 @ 0.25  (fv when quoted 0.22999999999999998)
2026-10-01T16:58:16+0000 mm-bot python[28561]: 2026-10-01 16:58:16 INFO    realtime | account 127250 (locked in orders 26012, detecting) | worst-case loss 6223 | party delta +2032 | priced 49/237 | resting 83
2026-10-01T16:58:16+0000 mm-bot python[28561]: 2026-10-01 16:58:16 INFO    Rep Rhode Island Governor  fv 0.024 (ref 0.017) inv    +0 race    +0 | bid 0.010 x100  ask    -
2026-10-01T16:58:16+0000 mm-bot python[28561]: 2026-10-01 16:58:16 INFO    Dem Oklahoma Senate        fv 0.030 (ref 0.022) inv    +0 race    +0 | bid 0.020 x100  ask    -
2026-10-01T16:58:16+0000 mm-bot python[28561]: 2026-10-01 16:58:16 INFO    Dem New Hampshire Senate   fv 0.873 (ref 0.875) inv    +0 race    +0 | bid 0.865 x100  ask 0.890 x100
2026-10-01T16:58:16+0000 mm-bot python[28561]: 2026-10-01 16:58:16 INFO    Rep Massachusetts Senate   fv 0.020 (ref 0.018) inv    +0 race    +0 | bid 0.005 x100  ask    -
2026-10-01T16:58:17+0000 mm-bot python[28561]: 2026-10-01 16:58:17 INFO    Dem Massachusetts Senate   fv 0.980 (ref 0.979) inv    +0 race    +0 | bid    -        ask 0.995 x100
2026-10-01T16:58:18+0000 mm-bot python[28561]: 2026-10-01 16:58:18 INFO    Rep Alaska Governor        fv 0.230 inv  -100 race  -200 | bid 0.210 x100  ask 0.250 x100
2026-10-01T16:58:19+0000 mm-bot python[28561]: 2026-10-01 16:58:19 INFO    Rep VA-05 House race       fv 0.789 (ref 0.785) inv  -300 race  -300 | bid 0.785 x100  ask 0.810 x100
2026-10-01T16:58:19+0000 mm-bot python[28561]: 2026-10-01 16:58:19 INFO    Dem FL-22 House race       fv   -   (ref 0.505) inv    +0 race    +0 | bid    -        ask    -
2026-10-01T16:58:20+0000 mm-bot python[28561]: 2026-10-01 16:58:20 INFO    Rep FL-20 House race       fv 0.028 (ref 0.027) inv    +0 race    +0 | bid 0.015 x100  ask    -
2026-10-01T16:58:22+0000 mm-bot python[28561]: 2026-10-01 16:58:22 INFO    Dem FL-16 House race       fv   -   (ref 0.155) inv    +0 race  +100 | bid    -        ask    -
2026-10-01T16:58:23+0000 mm-bot python[28561]: 2026-10-01 16:58:23 INFO    Dem Georgia Senate         fv   -   (ref 0.970) inv    +0 race    +0 | bid    -        ask    -
2026-10-01T16:58:23+0000 mm-bot python[28561]: 2026-10-01 16:58:23 INFO    Dem Colorado Senate        fv   -   (ref 0.981) inv    +0 race    +0 | bid    -        ask    -
2026-10-01T16:58:24+0000 mm-bot python[28561]: 2026-10-01 16:58:24 INFO    Rep SC-01 House race       fv 0.735 (ref 0.735) inv  -153 race  +481 | bid 0.705 x2000 ask    -
2026-10-01T16:58:37+0000 mm-bot python[28561]: 2026-10-01 16:58:37 INFO    Dem NY-13 House race       fv   -   (ref 0.972) inv    +0 race    +0 | bid    -        ask    -
2026-10-01T16:58:38+0000 mm-bot python[28561]: 2026-10-01 16:58:38 INFO    Rep NJ-07 House race       fv 0.107 (ref 0.105) inv    +0 race    +0 | bid 0.090 x100  ask 0.115 x100
2026-10-01T16:58:38+0000 mm-bot python[28561]: 2026-10-01 16:58:38 INFO    Dem NE-02 House race       fv   -   (ref 0.915) inv    +0 race    +0 | bid    -        ask    -
2026-10-01T16:58:39+0000 mm-bot python[28561]: 2026-10-01 16:58:39 INFO    Rep AZ-06 House race       fv 0.173 (ref 0.175) inv   -41 race  -141 | bid 0.165 x1855 ask 0.190 x2000
2026-10-01T16:58:39+0000 mm-bot python[28561]: 2026-10-01 16:58:39 INFO    Rep Alabama Governor       fv 0.924 (ref 0.927) inv    +0 race    +0 | bid 0.910 x100  ask 0.935 x100
2026-10-01T16:58:44+0000 mm-bot python[28561]: 2026-10-01 16:58:44 INFO    Rep U.S. Senate            fv 0.376 (ref 0.375) inv +3848 race +3848 | bid 0.245 x6152 ask 0.375 x10000
2026-10-01T16:58:45+0000 mm-bot python[28561]: 2026-10-01 16:58:45 INFO    Dem U.S. House             fv 0.923 (ref 0.925) inv -2238 race -2238 | bid 0.920 x10000 ask 0.995 x7762
2026-10-01T16:59:08+0000 mm-bot python[28561]: 2026-10-01 16:59:08 ERROR   batch of 19 orders failed (409 REQUEST_IN_FLIGHT: An identical request with this idempotency key is still in flight. Retry with the same key after 90 seconds.)
2026-10-01T16:59:25+0000 mm-bot python[28561]: 2026-10-01 16:59:25 INFO    Tracking 237 exchanges in 117 races
2026-10-01T16:59:45+0000 mm-bot python[28561]: 2026-10-01 16:59:45 INFO    FILL ex 1067  our ask x100 @ 0.32  (fv when quoted 0.3094059405940594)
2026-10-01T16:59:45+0000 mm-bot python[28561]: 2026-10-01 16:59:45 INFO    FILL ex 1018  our ? x100 @ 0.505  (fv when quoted ?)
2026-10-01T16:59:45+0000 mm-bot python[28561]: 2026-10-01 16:59:45 INFO    FILL ex 941  our ask x1835 @ 0.03  (fv when quoted 0.03720059565593764)
2026-10-01T16:59:45+0000 mm-bot python[28561]: 2026-10-01 16:59:45 INFO    FILL ex 958  our ? x100 @ 0.94  (fv when quoted ?)
2026-10-01T16:59:45+0000 mm-bot python[28561]: 2026-10-01 16:59:45 INFO    FILL ex 960  our ask x917 @ 0.42  (fv when quoted 0.408)
2026-10-01T16:59:45+0000 mm-bot python[28561]: 2026-10-01 16:59:45 INFO    realtime | account 111433 (locked in orders 10254, detecting) | worst-case loss 6270 | party delta +3467 | priced 59/237 | resting 56
2026-10-01T16:59:45+0000 mm-bot python[28561]: 2026-10-01 16:59:45 INFO    Rep Rhode Island Senate    fv 0.013 (ref 0.009) inv    +0 race    +0 | bid 0.005 x100  ask    -
2026-10-01T16:59:45+0000 mm-bot python[28561]: 2026-10-01 16:59:45 INFO    Dem Rhode Island Senate    fv 0.987 (ref 0.992) inv    +0 race    +0 | bid    -        ask 0.995 x100
2026-10-01T16:59:45+0000 mm-bot python[28561]: 2026-10-01 16:59:45 INFO    Rep Alaska Senate          fv 0.309 inv  -100 race  -100 | bid 0.295 x100  ask 0.320 x100
2026-10-01T16:59:45+0000 mm-bot python[28561]: 2026-10-01 16:59:45 INFO    Rep FL-22 House race       fv 0.483 (ref 0.485) inv  -100 race  -100 | bid 0.470 x100  ask 0.495 x100
2026-10-01T16:59:45+0000 mm-bot python[28561]: 2026-10-01 16:59:45 INFO    Dem Wyoming Governor       fv 0.034 (ref 0.029) inv    +0 race    +0 | bid 0.025 x100  ask    -
2026-10-01T16:59:45+0000 mm-bot python[28561]: 2026-10-01 16:59:45 INFO    Dem Wisconsin Governor     fv 0.801 (ref 0.805) inv    +0 race  -300 | bid 0.790 x100  ask 0.825 x100
2026-10-01T16:59:45+0000 mm-bot python[28561]: 2026-10-01 16:59:45 INFO    Rep Vermont Governor       fv 0.829 (ref 0.835) inv    +0 race    +0 | bid 0.815 x100  ask 0.840 x100
2026-10-01T16:59:45+0000 mm-bot python[28561]: 2026-10-01 16:59:45 INFO    Dem Vermont Governor       fv 0.171 (ref 0.170) inv    +0 race    +0 | bid 0.160 x100  ask 0.185 x100
2026-10-01T16:59:45+0000 mm-bot python[28561]: 2026-10-01 16:59:45 INFO    Rep South Dakota Senate    fv 0.918 (ref 0.917) inv    +0 race    +0 | bid 0.900 x100  ask 0.925 x100
2026-10-01T16:59:45+0000 mm-bot python[28561]: 2026-10-01 16:59:45 INFO    Dem Mississippi Senate     fv 0.094 (ref 0.095) inv    +0 race    +0 | bid 0.085 x100  ask 0.110 x100
2026-10-01T16:59:45+0000 mm-bot python[28561]: 2026-10-01 16:59:45 INFO    Rep Maine Senate           fv 0.408 (ref 0.405) inv  -622 race   -22 | bid 0.395 x1668 ask 0.420 x917
2026-10-01T16:59:45+0000 mm-bot python[28561]: 2026-10-01 16:59:45 INFO    Rep Louisiana Senate       fv 0.930 (ref 0.935) inv    +0 race    +0 | bid 0.905 x100  ask 0.940 x100
2026-10-01T16:59:46+0000 mm-bot python[28561]: 2026-10-01 16:59:46 INFO    Dem Alabama Senate         fv 0.029 (ref 0.026) inv    +0 race    +0 | bid 0.020 x2000 ask    -
2026-10-01T16:59:46+0000 mm-bot python[28561]: 2026-10-01 16:59:46 INFO    Dem VA-07 House race       fv 0.953 (ref 0.962) inv    +0 race    +0 | bid    -        ask 0.970 x100
2026-10-01T16:59:46+0000 mm-bot python[28561]: 2026-10-01 16:59:46 INFO    Rep PA-07 House race       fv 0.144 (ref 0.140) inv  -100 race  -300 | bid 0.135 x100  ask 0.160 x100
2026-10-01T17:00:08+0000 mm-bot python[28561]: 2026-10-01 17:00:08 ERROR   batch of 20 orders failed (409 REQUEST_IN_FLIGHT: An identical request with this idempotency key is still in flight. Retry with the same key after 90 seconds.)
2026-10-01T17:00:24+0000 mm-bot python[28561]: 2026-10-01 17:00:24 INFO    FILL ex 1058  our ? x100 @ 0.745  (fv when quoted ?)
2026-10-01T17:00:24+0000 mm-bot python[28561]: 2026-10-01 17:00:24 INFO    FILL ex 925  our ask x100 @ 0.16  (fv when quoted 0.14375000000000002)
2026-10-01T17:00:24+0000 mm-bot python[28561]: 2026-10-01 17:00:24 INFO    FILL ex 1040  our ask x100 @ 0.75  (fv when quoted 0.737167072685945)
2026-10-01T17:00:24+0000 mm-bot python[28561]: 2026-10-01 17:00:24 INFO    realtime | account 110932 (locked in orders 9808, detecting) | worst-case loss 6888 | party delta +2450 | priced 60/237 | resting 59
2026-10-01T17:00:25+0000 mm-bot python[28561]: 2026-10-01 17:00:25 INFO    Rep Alaska Governor        fv 0.247 inv  -300 race  -400 | bid 0.215 x100  ask 0.280 x100
